// Code generated by cisco-vk-yang-sync. DO NOT EDIT.
// Per-family goyang schema: terminal entries extracted from the Cisco-IOS-XE
// native YANG tree for the paths declared in this family's yang_paths.
// The UnzipSchema function is API-compatible with the ygot-generated version
// so register.go works unchanged.

package cfgval_class_map_1715

import (
	"bytes"
	"compress/gzip"
	"encoding/json"
	"fmt"
	"io"

	"github.com/openconfig/goyang/pkg/yang"
)

// FamilyRoot is a placeholder kept for compatibility with any code that
// references this type by name. The real schema lives in ySchema / UnzipSchema.
type FamilyRoot struct{}

// UnzipSchema decompresses ySchema, reconstructs the yang.Entry tree, and
// returns the map[string]*yang.Entry that register.go and ValidateBody use.
func UnzipSchema() (map[string]*yang.Entry, error) {
	r, err := gzip.NewReader(bytes.NewReader(ySchema))
	if err != nil {
		return nil, fmt.Errorf("gzip reader: %w", err)
	}
	raw, err := io.ReadAll(r)
	if err != nil {
		return nil, fmt.Errorf("gzip read: %w", err)
	}
	var root yang.Entry
	if err := json.Unmarshal(raw, &root); err != nil {
		return nil, fmt.Errorf("unmarshal schema: %w", err)
	}
	// Rebuild parent pointers recursively.
	var setParents func(e *yang.Entry)
	setParents = func(e *yang.Entry) {
		for _, child := range e.Dir {
			child.Parent = e
			setParents(child)
		}
	}
	setParents(&root)
	return map[string]*yang.Entry{"FamilyRoot": &root}, nil
}

var ySchema = []byte{
		0x1f, 0x8b, 0x08, 0x00, 0x00, 0x00, 0x00, 0x00, 0x00, 0xff, 0xec, 0xbd, 0x0d, 0x6f, 0xdb, 0x38, 
		0xd6, 0x2f, 0xfe, 0x55, 0x08, 0x03, 0x8b, 0x4d, 0x76, 0xad, 0x4e, 0xfc, 0x92, 0xb4, 0x35, 0xf0, 
		0xc7, 0xa2, 0xd3, 0x76, 0xee, 0xd3, 0xfb, 0x4c, 0x67, 0xf3, 0x34, 0x9d, 0x5d, 0xe0, 0x36, 0xbd, 
		0x17, 0xb4, 0x4c, 0x3b, 0xdc, 0xca, 0x92, 0x47, 0xa2, 0xf2, 0xb2, 0xb3, 0xf9, 0xee, 0x7f, 0x90, 
		0x7a, 0x31, 0x45, 0xc9, 0x8e, 0x9c, 0x49, 0xed, 0xe3, 0xf8, 0xb7, 0x58, 0x74, 0x22, 0x92, 0x96, 
		0x78, 0x5e, 0x78, 0x78, 0x48, 0xfe, 0xce, 0xe1, 0xef, 0x9d, 0x5f, 0xf8, 0x5c, 0x74, 0x46, 0x9d, 
		0x9f, 0xf8, 0x5c, 0x06, 0x77, 0x9f, 0xa2, 0x48, 0x75, 0xba, 0x9d, 0xff, 0x96, 0xe1, 0xa4, 0x33, 
		0x3a, 0xe9, 0x76, 0xde, 0x46, 0xe1, 0x54, 0xce, 0xcc, 0x9f, 0xef, 0x64, 0xdc, 0x19, 0xfd, 0xde, 
		0xf1, 0x03, 0x9e, 0x24, 0xde, 0x9c, 0x2f, 0xf4, 0x43, 0xfe, 0xdb, 0x65, 0x59, 0xb7, 0xf3, 0x4e, 
		0x24, 0x7e, 0x2c, 0x17, 0x4a, 0x46, 0xa1, 0xae, 0x31, 0xbf, 0x4f, 0x63, 0xc1, 0x7e, 0x8b, 0x12, 
		0x66, 0xda, 0xb1, 0xac, 0x5d, 0xf6, 0x89, 0x5e, 0xe5, 0x13, 0xe7, 0xb1, 0x98, 0xca, 0x5b, 0xeb, 
		0xc5, 0x32, 0x4a, 0xbc, 0x45, 0x14, 0x48, 0xff, 0xae, 0xd3, 0xed, 0x5c, 0x44, 0x69, 0xec, 0x0b, 
		0x5d, 0xfb, 0xdf, 0xe2, 0xee, 0x26, 0x8a, 0x27, 0x9d, 0x51, 0x67, 0x91, 0xfd, 0xa2, 0xdb, 0xf9, 
		0x2f, 0x9e, 0xbc, 0x89, 0x67, 0xe9, 0x5c, 0x84, 0xaa, 0x33, 0x52, 0x71, 0x2a, 0xba, 0x9d, 0xe5, 
		0xb3, 0xfd, 0x9e, 0xfb, 0xfb, 0x92, 0x94, 0x89, 0xdd, 0xd5, 0xf2, 0x9b, 0x76, 0xa9, 0x4b, 0xce, 
		0x5b, 0x43, 0xe8, 0x47, 0xbe, 0x60, 0xd5, 0x56, 0x4d, 0xfc, 0xda, 0x16, 0x31, 0x9f, 0xef, 0x16, 
		0xc2, 0xfa, 0x4a, 0xa2, 0x62, 0x19, 0xce, 0x96, 0x0c, 0x7e, 0xd5, 0xed, 0xfc, 0x2c, 0xc2, 0x99, 
		0xba, 0xea, 0x8c, 0xbe, 0xfc, 0xde, 0xf9, 0x28, 0x0d, 0xa9, 0xff, 0xe0, 0x41, 0x2a, 0x0c, 0xf7, 
		0x7f, 0x8a, 0xb9, 0xaf, 0x89, 0x78, 0x27, 0x67, 0x52, 0x25, 0xa6, 0xe3, 0xbf, 0x88, 0x19, 0x57, 
		0xf2, 0x5a, 0x74, 0x46, 0x53, 0x1e, 0x24, 0xe2, 0xbe, 0xdb, 0xf9, 0xc8, 0x6f, 0xad, 0x5f, 0xf5, 
		0x4f, 0x4e, 0x5a, 0xfd, 0xee, 0xfe, 0xab, 0xee, 0xde, 0x9c, 0x2b, 0xff, 0xca, 0xea, 0x5f, 0xf6, 
		0x5c, 0xd3, 0x13, 0xcd, 0x58, 0x39, 0x95, 0x3e, 0xd7, 0x05, 0xcc, 0x8f, 0xa5, 0x12, 0xb1, 0xe4, 
		0x34, 0xf4, 0x84, 0xfb, 0xbe, 0x48, 0x12, 0x6f, 0x16, 0x47, 0xa9, 0xad, 0xf5, 0x95, 0x62, 0x97, 
		0xa0, 0x37, 0xa6, 0x92, 0x15, 0x95, 0x04, 0xa8, 0x90, 0xe1, 0x44, 0x54, 0xbe, 0x66, 0x9e, 0xdd, 
		0x7e, 0xff, 0x92, 0xce, 0xc7, 0x22, 0x16, 0x13, 0x96, 0x13, 0xf0, 0xb3, 0x4c, 0x56, 0x19, 0x84, 
		0x1d, 0x29, 0x78, 0xce, 0xf6, 0x40, 0x26, 0xca, 0x53, 0xba, 0xaa, 0xe4, 0xee, 0xeb, 0xa2, 0xed, 
		0x97, 0xb2, 0x71, 0x2a, 0x43, 0xd5, 0x3b, 0x2b, 0x9b, 0x9c, 0x75, 0x3b, 0x9f, 0x78, 0x38, 0x13, 
		0x4f, 0x36, 0x16, 0x7a, 0xaf, 0x5f, 0xb7, 0x1d, 0x0b, 0xdd, 0xc7, 0x74, 0x6a, 0xd0, 0x72, 0xac, 
		0xd5, 0xc6, 0xe8, 0x59, 0xfb, 0x8e, 0x99, 0x61, 0x2a, 0xc3, 0x45, 0xaa, 0x2a, 0xda, 0xa1, 0x9f, 
		0x5d, 0xed, 0xf8, 0xa0, 0x4b, 0x99, 0x8a, 0xf9, 0x74, 0x2a, 0xfd, 0xdc, 0x9c, 0x2f, 0x78, 0xcc, 
		0xe7, 0x42, 0x89, 0x38, 0xa1, 0xa2, 0xe7, 0x8b, 0x54, 0x79, 0xfe, 0x55, 0x24, 0x7d, 0xe1, 0x12, 
		0x54, 0x14, 0x17, 0x1d, 0x3d, 0xa5, 0x38, 0x20, 0xb3, 0xae, 0x0d, 0x29, 0x76, 0x6d, 0xdf, 0x6c, 
		0x85, 0x1e, 0x69, 0x83, 0x7e, 0xd9, 0xa7, 0x97, 0x4f, 0x3d, 0xfc, 0xfb, 0x2f, 0xdb, 0x0f, 0xb3, 
		0x7b, 0xdd, 0xbf, 0xd0, 0xf4, 0xab, 0xec, 0x9f, 0x79, 0x24, 0x21, 0xf1, 0xe6, 0x8e, 0x39, 0xf2, 
		0xe6, 0x73, 0xca, 0xc2, 0xfe, 0xfe, 0x9e, 0xcf, 0xab, 0xf6, 0x8e, 0x4f, 0xf6, 0xbf, 0x55, 0x02, 
		0x07, 0x5f, 0x2b, 0x7c, 0x3d, 0x1b, 0xb6, 0x9e, 0x44, 0x3b, 0x9a, 0x3f, 0x6f, 0x94, 0x32, 0x4a, 
		0xfb, 0x51, 0x86, 0xef, 0x03, 0xa1, 0x89, 0xc8, 0x7e, 0xf0, 0x91, 0xdf, 0x2e, 0x9f, 0x7b, 0xaf, 
		0x86, 0xc3, 0xb3, 0x97, 0xc3, 0xe1, 0xc9, 0xcb, 0xc1, 0xcb, 0x93, 0xd7, 0xa7, 0xa7, 0xbd, 0xb3, 
		0xde, 0x69, 0xb7, 0xf3, 0xf7, 0x78, 0xa2, 0x4d, 0xd6, 0x8f, 0x77, 0xb6, 0x95, 0x48, 0x44, 0xbc, 
		0x82, 0x81, 0x51, 0xd6, 0xdc, 0x1b, 0xdf, 0x3d, 0xc8, 0x44, 0xf3, 0x16, 0xcd, 0xbe, 0xf2, 0x13, 
		0xbf, 0xea, 0x12, 0xd3, 0x50, 0x17, 0x47, 0xa9, 0xaa, 0x4e, 0xb1, 0x79, 0x81, 0xab, 0x0d, 0x7f, 
		0x37, 0xc5, 0x98, 0x64, 0x31, 0xc9, 0x62, 0x92, 0xc5, 0x24, 0x4b, 0x4d, 0xd8, 0x04, 0x27, 0x59, 
		0xdd, 0x4b, 0xdd, 0xfc, 0x9a, 0x2b, 0x31, 0xf1, 0x12, 0x11, 0x5f, 0x4b, 0x5f, 0x78, 0x4a, 0xcc, 
		0x17, 0x01, 0x57, 0xd5, 0x95, 0xe3, 0xca, 0x46, 0xae, 0x14, 0xcc, 0x2e, 0x05, 0xd3, 0x02, 0x62, 
		0xd1, 0x94, 0xe5, 0xcd, 0x59, 0xd1, 0x9c, 0x95, 0x6f, 0x62, 0x51, 0xc8, 0x12, 0x91, 0x24, 0xf6, 
		0x36, 0xd0, 0x4e, 0x0d, 0x73, 0x41, 0x99, 0xa3, 0x6a, 0x95, 0x62, 0x97, 0xd8, 0xf7, 0xa1, 0x12, 
		0x71, 0x49, 0x64, 0x65, 0xb8, 0xd0, 0xd4, 0x39, 0x23, 0xf2, 0xff, 0x16, 0x77, 0x75, 0xc2, 0x9e, 
		0xce, 0x3b, 0x08, 0xd3, 0x20, 0xa8, 0xcd, 0xe5, 0xb9, 0xea, 0x75, 0x3b, 0x3c, 0xb4, 0x1d, 0x08, 
		0xfd, 0x54, 0xdb, 0x00, 0x0a, 0xef, 0xd8, 0x82, 0xfb, 0xdf, 0x84, 0x4a, 0x68, 0x71, 0x53, 0xcc, 
		0x17, 0xea, 0x6e, 0xc9, 0xcc, 0x81, 0x21, 0x67, 0xb1, 0x08, 0xf2, 0xbd, 0x37, 0x9b, 0x2c, 0xab, 
		0xb4, 0x46, 0xde, 0xb2, 0x8e, 0xa9, 0x88, 0x15, 0xbb, 0x7a, 0x04, 0x46, 0x80, 0xd5, 0xeb, 0xfa, 
		0x96, 0x5d, 0xad, 0x6e, 0x1d, 0x5d, 0xff, 0x4b, 0xb7, 0x20, 0x46, 0x9d, 0x12, 0x81, 0x58, 0xc4, 
		0x22, 0x11, 0xa1, 0x2f, 0x6a, 0xe4, 0x35, 0x54, 0xba, 0xf4, 0x7d, 0xb6, 0x9a, 0x64, 0x04, 0x12, 
		0xd7, 0xce, 0x6e, 0x47, 0xdc, 0xaa, 0x98, 0x7b, 0x69, 0x98, 0x28, 0x3e, 0x0e, 0x4c, 0xdb, 0x44, 
		0x71, 0x95, 0x26, 0xf6, 0x3e, 0x5f, 0x34, 0x4e, 0xa2, 0x40, 0x18, 0x43, 0xde, 0xd4, 0xb5, 0xfc, 
		0x07, 0x0f, 0x75, 0xad, 0x7c, 0x4b, 0xbe, 0x77, 0x7d, 0x3d, 0xbf, 0xe1, 0x71, 0x9d, 0xcd, 0x95, 
		0x62, 0x97, 0xc1, 0xff, 0xf8, 0xf8, 0xcf, 0x37, 0x9f, 0xde, 0x83, 0xb5, 0x0f, 0xb0, 0xf6, 0x46, 
		0x8c, 0xc5, 0x6d, 0x8d, 0xb3, 0x76, 0xa9, 0xcb, 0xd8, 0x7f, 0x8a, 0xf1, 0xfb, 0x5b, 0xf0, 0x75, 
		0x2d, 0x5f, 0x77, 0x2a, 0x52, 0xae, 0x54, 0x2c, 0xc7, 0x69, 0xd5, 0xe5, 0x2a, 0xcb, 0xd6, 0x19, 
		0xda, 0xb2, 0x15, 0x31, 0x63, 0x3b, 0x17, 0x13, 0xc9, 0xb3, 0x43, 0x06, 0xeb, 0x00, 0x6b, 0x59, 
		0xe8, 0xd2, 0xf4, 0x51, 0x57, 0x31, 0x5d, 0xb5, 0x8e, 0x24, 0x1a, 0x4a, 0x1b, 0xa6, 0x73, 0x11, 
		0xf3, 0xca, 0xf9, 0x65, 0x6f, 0xd8, 0xed, 0xbc, 0x0f, 0xd3, 0xb9, 0x6e, 0xf6, 0x39, 0xba, 0xc8, 
		0xbc, 0xae, 0xd1, 0xef, 0x9d, 0x13, 0x2d, 0xc8, 0x74, 0x22, 0xa3, 0x4e, 0xb7, 0xd3, 0x2b, 0xfe, 
		0xf6, 0xae, 0xe5, 0x44, 0xe8, 0x92, 0x7e, 0x76, 0xcc, 0xab, 0xe2, 0x28, 0xe8, 0x74, 0x3b, 0x83, 
		0xce, 0xa8, 0x33, 0xe1, 0x8a, 0x77, 0xba, 0x9d, 0xa1, 0x36, 0x95, 0xa6, 0x91, 0xfe, 0x7c, 0xf4, 
		0x21, 0x34, 0x9b, 0x1f, 0xd9, 0x8b, 0x34, 0xe5, 0xf6, 0x6b, 0xb4, 0x9c, 0x8b, 0x97, 0x8c, 0xfa, 
		0xdd, 0xec, 0x15, 0xa3, 0x41, 0x37, 0x7f, 0xc1, 0x68, 0xb8, 0x53, 0xdd, 0xde, 0xe9, 0xb0, 0xf2, 
		0x65, 0xe2, 0x47, 0xde, 0xe2, 0x2a, 0x0a, 0x6d, 0xf9, 0xd9, 0xa5, 0xb5, 0x53, 0x6a, 0x5d, 0xc7, 
		0x3e, 0x9c, 0xb3, 0x73, 0x5d, 0x9d, 0x30, 0x1e, 0x4e, 0xd8, 0xf9, 0x5b, 0x6f, 0xcc, 0x13, 0x31, 
		0x61, 0xbf, 0x86, 0x72, 0x2a, 0xc5, 0x84, 0xbd, 0x8d, 0xe6, 0xf3, 0x34, 0xd4, 0x23, 0x30, 0x8a, 
		0xa9, 0x7b, 0xa8, 0x44, 0xd8, 0xef, 0xf9, 0x51, 0x38, 0x6d, 0x96, 0x41, 0x56, 0xf5, 0xc7, 0x05, 
		0xc1, 0x0a, 0xc0, 0x84, 0x33, 0x32, 0x77, 0x69, 0x05, 0xb7, 0xaa, 0x80, 0xbb, 0xb5, 0xf7, 0x69, 
		0xa0, 0xe4, 0x22, 0x10, 0xb7, 0x35, 0x9b, 0x5f, 0xad, 0xa8, 0xd9, 0xfd, 0xa2, 0x9a, 0x7d, 0xae, 
		0x1c, 0x48, 0xef, 0x76, 0x23, 0x40, 0x55, 0xd6, 0xff, 0xf5, 0x8d, 0xe6, 0x65, 0xaf, 0x2f, 0x04, 
		0xb1, 0x5d, 0x26, 0x52, 0x16, 0x20, 0x0d, 0xab, 0xbc, 0xcc, 0x9e, 0x57, 0x73, 0xf3, 0xd7, 0xbc, 
		0x1e, 0xfc, 0x24, 0x37, 0x97, 0x26, 0x72, 0x16, 0xf2, 0x40, 0x86, 0x33, 0x77, 0x80, 0x3b, 0x15, 
		0xae, 0x70, 0x2f, 0x8a, 0x6a, 0x42, 0x03, 0x7c, 0x3c, 0xf5, 0xed, 0xa5, 0x93, 0x79, 0x74, 0xfb, 
		0xfd, 0xa3, 0x0c, 0x79, 0x7c, 0xc7, 0xa6, 0x41, 0x14, 0xc5, 0x2c, 0xf7, 0xaf, 0xd8, 0x22, 0x8e, 
		0x54, 0xe4, 0x47, 0x01, 0x2b, 0x89, 0x66, 0x15, 0x1c, 0x0d, 0x34, 0xd6, 0x55, 0x9b, 0xab, 0x41, 
		0x7f, 0x60, 0xf5, 0xcd, 0x3c, 0xba, 0xac, 0xd6, 0x85, 0xe0, 0x68, 0x5b, 0x8e, 0xce, 0x67, 0x15, 
		0xe5, 0x35, 0x8f, 0xcd, 0xab, 0xa9, 0x19, 0x57, 0xe2, 0x86, 0xdf, 0x41, 0x7b, 0xff, 0x80, 0xd1, 
		0x5b, 0x54, 0x2c, 0x5d, 0x9d, 0xd3, 0x17, 0x1f, 0xce, 0xc1, 0xce, 0xd6, 0xec, 0xfc, 0x26, 0xc3, 
		0xca, 0xee, 0x7f, 0x5e, 0x50, 0x63, 0xaa, 0x29, 0x06, 0x5f, 0xf7, 0xc1, 0x2d, 0x28, 0x5f, 0x55, 
		0x88, 0x34, 0x2b, 0x20, 0x31, 0xcf, 0xfb, 0xdc, 0xb7, 0x97, 0x5d, 0xdc, 0x5f, 0xbb, 0x95, 0x96, 
		0xf5, 0x9c, 0xbd, 0xe5, 0x41, 0xc0, 0xde, 0x4c, 0xe6, 0xd2, 0x1c, 0x4d, 0xb2, 0xb7, 0xe5, 0xfe, 
		0x0c, 0x65, 0xed, 0xd3, 0xab, 0xed, 0x40, 0xda, 0xc4, 0x06, 0xb2, 0x15, 0xb1, 0xd1, 0x7c, 0xae, 
		0x97, 0x98, 0x81, 0x0c, 0x05, 0x93, 0xa1, 0x12, 0xf1, 0x94, 0xfb, 0xd4, 0x87, 0x9a, 0x26, 0x36, 
		0x1d, 0x57, 0x56, 0xd4, 0xfa, 0xb1, 0x0d, 0xb9, 0x66, 0x75, 0x5d, 0x2c, 0xa3, 0x7f, 0x34, 0x10, 
		0x25, 0x96, 0x9f, 0x6c, 0xd2, 0x27, 0x7a, 0x9e, 0x54, 0x26, 0xfe, 0x64, 0xfd, 0x11, 0x5c, 0x4e, 
		0x72, 0xd6, 0x8c, 0x38, 0x65, 0xe1, 0x98, 0xc7, 0x56, 0x13, 0xf3, 0xd8, 0x82, 0xb6, 0x5f, 0x84, 
		0xba, 0x89, 0xe2, 0x6f, 0xec, 0x47, 0xb3, 0x3b, 0x62, 0x37, 0xf8, 0x24, 0xfc, 0x68, 0x16, 0x4a, 
		0x7a, 0x31, 0x26, 0x4d, 0xd4, 0xc7, 0xd3, 0xf9, 0xc4, 0x6a, 0x62, 0x1e, 0x5b, 0x50, 0xff, 0x49, 
		0x5c, 0x8b, 0x38, 0x11, 0xec, 0xa7, 0x20, 0xba, 0x61, 0x73, 0xa1, 0x78, 0xbe, 0x79, 0x4c, 0x9d, 
		0xda, 0xe4, 0xda, 0x56, 0x63, 0xf3, 0xd8, 0x8a, 0xda, 0xe5, 0x1f, 0x22, 0xbe, 0xce, 0xea, 0xce, 
		0x73, 0x8f, 0x96, 0x3a, 0xd5, 0xba, 0x51, 0x8e, 0x4a, 0x74, 0x97, 0xcf, 0x95, 0xe2, 0xda, 0x91, 
		0x73, 0x8e, 0x64, 0xa4, 0xb3, 0x74, 0x2e, 0x4f, 0x1a, 0x96, 0xb6, 0xb7, 0x9c, 0x20, 0x9d, 0x9d, 
		0xcc, 0x7c, 0xd5, 0x51, 0xa0, 0x31, 0xe1, 0xc3, 0x51, 0xf5, 0xe1, 0x54, 0xcc, 0xc3, 0x64, 0x11, 
		0xc5, 0xaa, 0x41, 0x37, 0xed, 0x8a, 0x06, 0xed, 0xcc, 0xaa, 0x09, 0xe9, 0x67, 0xac, 0x2a, 0xab, 
		0x63, 0xf3, 0xe8, 0xf6, 0xfb, 0x93, 0xe0, 0x01, 0x53, 0x72, 0x2e, 0x58, 0x49, 0x60, 0xb1, 0x46, 
		0xbe, 0x0c, 0xcb, 0x45, 0xf2, 0xb2, 0x0e, 0x9a, 0xbb, 0x56, 0x7d, 0x62, 0x55, 0xe5, 0x78, 0x3b, 
		0x86, 0x83, 0xcf, 0x7b, 0x64, 0x21, 0xae, 0x45, 0x38, 0x89, 0x62, 0xf7, 0x10, 0xcf, 0x2e, 0x25, 
		0x31, 0xf8, 0xb3, 0x0e, 0xd5, 0x7a, 0xb8, 0xce, 0xbd, 0x48, 0x58, 0xd9, 0x86, 0x0c, 0x01, 0x06, 
		0x91, 0xe9, 0x65, 0xee, 0x8e, 0x09, 0xd6, 0xac, 0xf3, 0xbc, 0xd6, 0xc2, 0x25, 0xf1, 0x67, 0x99, 
		0x28, 0x16, 0x4d, 0x99, 0x05, 0xdb, 0xcb, 0x29, 0x2d, 0x1c, 0x2a, 0x82, 0xc7, 0xa5, 0xab, 0x37, 
		0x13, 0xd6, 0xc8, 0xcf, 0xd9, 0x70, 0x20, 0x61, 0x37, 0x2c, 0xae, 0xff, 0x3f, 0x77, 0x43, 0x64, 
		0x0d, 0x52, 0x24, 0x5b, 0xb4, 0xf7, 0x96, 0x0b, 0xda, 0x7e, 0xb9, 0xce, 0x1b, 0x2c, 0x97, 0x45, 
		0xc3, 0xe5, 0x1a, 0xe1, 0x74, 0xe9, 0x40, 0x9f, 0xe5, 0x3b, 0x1c, 0x36, 0x60, 0xc4, 0xec, 0x7f, 
		0x9c, 0xe5, 0x5b, 0x03, 0x27, 0xc5, 0xaa, 0xb9, 0x97, 0xaf, 0x24, 0xfb, 0xc5, 0xba, 0x6b, 0x50, 
		0x2c, 0x41, 0x86, 0x85, 0x77, 0x7e, 0x9a, 0xb9, 0xac, 0xb9, 0xb2, 0x25, 0x2a, 0x76, 0x41, 0xd1, 
		0x6e, 0xcd, 0x03, 0x23, 0x2c, 0x4e, 0xc8, 0x2d, 0xc4, 0x6c, 0x11, 0x65, 0xd4, 0x24, 0xad, 0x64, 
		0xf4, 0xe6, 0x56, 0x26, 0xb9, 0x90, 0xcc, 0x6e, 0x42, 0x2e, 0xa5, 0x73, 0x1e, 0xf2, 0x24, 0x0a, 
		0xa5, 0x9f, 0xcb, 0xea, 0x53, 0x34, 0x16, 0xb1, 0xf2, 0x7e, 0x8c, 0x12, 0x03, 0x5f, 0xd2, 0x32, 
		0xfb, 0x87, 0xe4, 0xff, 0xa8, 0x61, 0x7a, 0xcc, 0xeb, 0x0c, 0x47, 0xcc, 0xcb, 0xb4, 0x70, 0x96, 
		0xaf, 0xd2, 0x22, 0xaa, 0xbc, 0x48, 0x8b, 0xaa, 0x7c, 0x8d, 0x41, 0xf6, 0x2c, 0xe1, 0xdc, 0x8e, 
		0x48, 0x96, 0xe3, 0x62, 0x5b, 0xc0, 0x6e, 0xdb, 0x34, 0xe5, 0x22, 0x5f, 0x67, 0xbd, 0x2a, 0x4d, 
		0x56, 0x99, 0xaf, 0xdc, 0x64, 0xe5, 0x6d, 0x29, 0xda, 0xac, 0x27, 0x19, 0x23, 0x05, 0x9d, 0xf4, 
		0x02, 0x08, 0x9e, 0xcb, 0x30, 0xd1, 0xea, 0x99, 0x59, 0x21, 0x5b, 0x40, 0x85, 0x5d, 0xda, 0x37, 
		0xe3, 0xb5, 0x85, 0x4c, 0x25, 0xaf, 0xda, 0x87, 0x12, 0xad, 0xb2, 0x40, 0x4b, 0xd6, 0xed, 0xd2, 
		0x04, 0x3d, 0xec, 0x47, 0x35, 0xb5, 0x5c, 0x65, 0x90, 0x1a, 0x06, 0x6d, 0xfe, 0xf3, 0xcb, 0x10, 
		0x8e, 0x15, 0x1c, 0xab, 0x8d, 0x1c, 0xab, 0xe6, 0x09, 0xa3, 0x8d, 0x43, 0x55, 0x59, 0xb2, 0x90, 
		0x93, 0x0c, 0x26, 0x0a, 0x2a, 0x52, 0x21, 0x3d, 0x51, 0xd8, 0x93, 0xc4, 0xb6, 0xdd, 0xd5, 0x8a, 
		0xa8, 0xeb, 0x1b, 0x1b, 0x56, 0x71, 0x2d, 0x4a, 0x89, 0xb2, 0x2f, 0xfa, 0x24, 0x9a, 0x4b, 0x81, 
		0x86, 0x6c, 0x66, 0xae, 0x4d, 0xda, 0x6e, 0x5d, 0xe3, 0x34, 0x3d, 0x8d, 0x62, 0x67, 0xdf, 0x83, 
		0xba, 0xc4, 0xea, 0x33, 0x81, 0x55, 0xbc, 0x4a, 0x01, 0x9d, 0xb1, 0x7d, 0x20, 0xf6, 0xe6, 0xb4, 
		0xff, 0x18, 0x7b, 0x53, 0x61, 0xe7, 0xf6, 0xbc, 0x51, 0x4b, 0x5d, 0x57, 0xb9, 0xa1, 0x2b, 0x9a, 
		0x6c, 0xa4, 0xd8, 0x3c, 0x9c, 0x60, 0x57, 0x0f, 0xce, 0x67, 0x6b, 0xe7, 0x33, 0x5f, 0xee, 0x34, 
		0x6d, 0x59, 0x38, 0x55, 0xb0, 0x3d, 0xb6, 0xed, 0x19, 0x6e, 0x90, 0x5f, 0xc3, 0xb5, 0x3d, 0xbb, 
		0xda, 0x97, 0xcb, 0x3d, 0x9d, 0x83, 0x3c, 0xb6, 0xf2, 0xa5, 0x8a, 0x2b, 0x8a, 0x98, 0x17, 0xd4, 
		0x83, 0xae, 0x74, 0xb1, 0xbd, 0xb6, 0xa7, 0xa5, 0xd9, 0x84, 0x8e, 0x21, 0x0b, 0xa6, 0xd6, 0x03, 
		0xfa, 0x96, 0xa5, 0x0f, 0xb3, 0xb7, 0x3a, 0x4d, 0x11, 0x09, 0x61, 0x7b, 0x02, 0x6d, 0x21, 0x3a, 
		0xcf, 0x12, 0xe8, 0x1c, 0xa0, 0xb8, 0x80, 0xe2, 0x02, 0x8a, 0x0b, 0x28, 0x2e, 0x71, 0xea, 0x01, 
		0xc5, 0x05, 0x14, 0x77, 0x5f, 0xa0, 0xb8, 0x63, 0xee, 0x7f, 0x9b, 0xc5, 0x51, 0x1a, 0xda, 0x1a, 
		0x6b, 0x15, 0xd6, 0x22, 0x5a, 0xcb, 0x2a, 0x60, 0x72, 0xdb, 0xb9, 0xba, 0xe3, 0x34, 0xf8, 0x66, 
		0xf3, 0x56, 0x3f, 0xd6, 0xb8, 0x9a, 0x06, 0xdf, 0xc0, 0xcf, 0x76, 0xfc, 0x9c, 0x88, 0xe4, 0x9b, 
		0x8a, 0x6c, 0x93, 0x53, 0x94, 0xb8, 0x5c, 0x7d, 0x97, 0x95, 0x83, 0xb1, 0xed, 0x18, 0x6b, 0xdc, 
		0x45, 0x93, 0x59, 0xd3, 0xee, 0xa2, 0x5d, 0x5a, 0xbf, 0x8e, 0xa0, 0xac, 0x03, 0x93, 0x5b, 0xe2, 
		0x9c, 0x05, 0x0f, 0x94, 0xac, 0xec, 0x97, 0x95, 0x45, 0x4d, 0x88, 0xe7, 0x02, 0xf0, 0x0c, 0xde, 
		0xb6, 0x08, 0x23, 0xcd, 0x13, 0xc1, 0x5a, 0x8b, 0xd7, 0x32, 0x35, 0xac, 0x13, 0x1b, 0x9c, 0x95, 
		0x83, 0xb1, 0x2d, 0x19, 0xab, 0x62, 0xc1, 0xe7, 0xf9, 0x6e, 0xf4, 0x72, 0xa3, 0x34, 0x2f, 0xab, 
		0x31, 0xb7, 0xa8, 0x01, 0x7b, 0x5b, 0x86, 0xce, 0xa4, 0x61, 0x28, 0xec, 0x68, 0xa8, 0xbc, 0xa0, 
		0xe6, 0x3d, 0x9a, 0x62, 0x70, 0x95, 0xfc, 0x96, 0xf1, 0x73, 0x8a, 0x85, 0x92, 0x3e, 0xb7, 0xbf, 
		0xe5, 0xf3, 0x06, 0x2f, 0x60, 0x22, 0x16, 0x22, 0x9c, 0x88, 0x50, 0x31, 0x3f, 0x9a, 0x2f, 0x52, 
		0x25, 0xc3, 0xd9, 0x65, 0xc8, 0x63, 0xff, 0x4a, 0x2a, 0xe1, 0xab, 0x34, 0x16, 0x88, 0xcf, 0x69, 
		0xed, 0x1f, 0x4c, 0x2a, 0x8b, 0xe9, 0x49, 0x53, 0x1c, 0xd4, 0x3c, 0x52, 0x82, 0xe5, 0x4e, 0x6f, 
		0x19, 0x02, 0x75, 0x19, 0x82, 0xc7, 0xf4, 0x2d, 0x03, 0x62, 0xa0, 0x10, 0x03, 0x05, 0xb4, 0xc4, 
		0x01, 0xa2, 0x25, 0x10, 0x03, 0x45, 0x1d, 0xb3, 0x8b, 0x18, 0x28, 0x12, 0x26, 0x1b, 0x31, 0x50, 
		0xb4, 0x87, 0x09, 0xa0, 0xed, 0x88, 0x81, 0x42, 0x0c, 0x14, 0x1c, 0x2b, 0x52, 0x8e, 0x15, 0x62, 
		0xa0, 0x30, 0x51, 0x1c, 0xf0, 0x44, 0x81, 0x18, 0x28, 0xc4, 0x40, 0x21, 0x06, 0x0a, 0x31, 0x50, 
		0x88, 0x81, 0x42, 0x0c, 0x14, 0x9c, 0x4f, 0xc4, 0x40, 0x91, 0xb7, 0x3d, 0x88, 0x81, 0xda, 0xaf, 
		0x63, 0xab, 0xd6, 0x17, 0x70, 0xec, 0x09, 0x80, 0x77, 0xd7, 0xbc, 0x74, 0xfd, 0xe4, 0x65, 0xd9, 
		0x5a, 0xae, 0xb2, 0xb7, 0xf4, 0x26, 0xa5, 0xc7, 0xab, 0x06, 0xd1, 0xb9, 0x94, 0x40, 0xe7, 0x10, 
		0xe7, 0x84, 0x38, 0x27, 0xc4, 0x39, 0x21, 0xce, 0x89, 0x38, 0xf5, 0x88, 0x73, 0x3a, 0x84, 0x38, 
		0x27, 0x40, 0x96, 0x00, 0x59, 0xc2, 0xe6, 0xc6, 0x01, 0x6e, 0x6e, 0x00, 0xb2, 0x44, 0xfd, 0x88, 
		0x0d, 0x90, 0x25, 0x12, 0x26, 0x1b, 0x90, 0x25, 0xda, 0xc3, 0x04, 0x27, 0xd1, 0x80, 0x2c, 0x01, 
		0xb2, 0x04, 0xc7, 0x8a, 0x94, 0x63, 0x05, 0xc8, 0x12, 0x26, 0x8a, 0x03, 0x9e, 0x28, 0x00, 0x59, 
		0x02, 0x64, 0x09, 0x90, 0x25, 0x40, 0x96, 0x00, 0x59, 0x02, 0x64, 0x09, 0xce, 0x27, 0x20, 0x4b, 
		0xe4, 0x6d, 0x0f, 0x20, 0x4b, 0xfb, 0x05, 0x59, 0x92, 0x0b, 0xcf, 0xe7, 0x73, 0x11, 0x57, 0xb2, 
		0x57, 0x94, 0x65, 0x8d, 0x99, 0xac, 0x42, 0xa1, 0x96, 0x50, 0x1b, 0xb3, 0x2e, 0x60, 0x17, 0x69, 
		0x7c, 0x2d, 0x64, 0x10, 0xf0, 0xd0, 0x20, 0x2c, 0xf2, 0xdf, 0x12, 0x52, 0x7c, 0x52, 0xd0, 0xa6, 
		0x92, 0xbf, 0xae, 0x53, 0xed, 0x54, 0x3c, 0x86, 0xfb, 0x97, 0x61, 0xc6, 0x7e, 0x92, 0x59, 0x9f, 
		0xbf, 0xbf, 0xb2, 0xed, 0x94, 0xbc, 0x79, 0x1a, 0x28, 0xb9, 0x08, 0xc4, 0xad, 0x9b, 0xcf, 0xc6, 
		0xa9, 0x70, 0x09, 0xfd, 0x58, 0x54, 0x13, 0xca, 0x67, 0x93, 0x08, 0xdb, 0x07, 0xd3, 0x4f, 0xab, 
		0x7b, 0x7d, 0x21, 0xa8, 0xa3, 0x6b, 0x76, 0x39, 0xda, 0xd3, 0xb0, 0xca, 0xcb, 0xec, 0x79, 0x35, 
		0x37, 0x7f, 0xcd, 0xeb, 0xc1, 0x4f, 0x72, 0x93, 0x65, 0x22, 0x67, 0x21, 0x0f, 0x64, 0x38, 0x73, 
		0x07, 0xb8, 0x53, 0x51, 0x4b, 0xf5, 0x56, 0x54, 0x13, 0x1a, 0xe0, 0xb1, 0x4a, 0xaa, 0x57, 0xc9, 
		0x37, 0xe0, 0xcd, 0xcc, 0x5d, 0xf2, 0x9f, 0xe5, 0x5c, 0xb0, 0x32, 0x59, 0xdd, 0x65, 0x58, 0x5a, 
		0xe3, 0x8c, 0x68, 0x43, 0x16, 0x32, 0x29, 0x91, 0x55, 0x59, 0x00, 0x78, 0x29, 0x68, 0x1f, 0x00, 
		0xbc, 0x00, 0xf0, 0x02, 0xc0, 0x0b, 0x00, 0x2f, 0xf5, 0x65, 0xf1, 0x01, 0x03, 0x78, 0x9f, 0xc7, 
		0x45, 0x05, 0x48, 0x9c, 0xfd, 0x2c, 0xdd, 0xb8, 0xe7, 0x94, 0x2a, 0x37, 0x56, 0xd5, 0x85, 0xc7, 
		0xba, 0x75, 0x47, 0xb9, 0xd8, 0x40, 0xd6, 0x56, 0xfa, 0x4a, 0x8a, 0x10, 0x08, 0x84, 0x40, 0xe0, 
		0xb0, 0xf4, 0x00, 0x0f, 0x4b, 0x11, 0x02, 0x41, 0x1d, 0xb2, 0x87, 0x10, 0x08, 0x12, 0x26, 0x1b, 
		0x21, 0x10, 0xb4, 0x87, 0x09, 0x90, 0xad, 0x08, 0x81, 0x40, 0x08, 0x04, 0x1c, 0x2b, 0x52, 0x8e, 
		0x15, 0x42, 0x20, 0x30, 0x51, 0x1c, 0xf0, 0x44, 0x81, 0x10, 0x08, 0x84, 0x40, 0x20, 0x04, 0x02, 
		0x21, 0x10, 0x08, 0x81, 0x40, 0x08, 0x04, 0x9c, 0x4f, 0x84, 0x40, 0x90, 0xb7, 0x3d, 0x08, 0x81, 
		0xd8, 0xaf, 0x63, 0xab, 0x7f, 0xf1, 0xf1, 0x58, 0xd8, 0xe7, 0x41, 0x79, 0x81, 0xab, 0xd5, 0xff, 
		0xdb, 0x14, 0xef, 0x0b, 0xa6, 0x61, 0xf7, 0x1c, 0x75, 0xfd, 0x65, 0xbb, 0xf4, 0x01, 0xde, 0x92, 
		0x8c, 0x5e, 0xf8, 0xa3, 0x7a, 0x42, 0x74, 0x7a, 0x25, 0xd0, 0x39, 0xe0, 0x40, 0x81, 0x03, 0x05, 
		0x0e, 0x14, 0x38, 0x50, 0xe2, 0xd4, 0x03, 0x07, 0x7a, 0x08, 0x38, 0x50, 0xa0, 0x98, 0x80, 0x62, 
		0xc2, 0x7e, 0xc7, 0x01, 0xee, 0x77, 0x00, 0xc5, 0x44, 0xfd, 0xd4, 0x0d, 0x28, 0x26, 0x12, 0x26, 
		0x1b, 0x28, 0x26, 0xda, 0xc3, 0x04, 0x87, 0xd3, 0x40, 0x31, 0x01, 0xc5, 0x04, 0xc7, 0x8a, 0x94, 
		0x63, 0x05, 0x14, 0x13, 0x26, 0x8a, 0x03, 0x9e, 0x28, 0x80, 0x62, 0x02, 0x8a, 0x09, 0x28, 0x26, 
		0xa0, 0x98, 0x80, 0x62, 0x02, 0x8a, 0x09, 0xce, 0x27, 0x50, 0x4c, 0xe4, 0x6d, 0x0f, 0x50, 0x4c, 
		0xfb, 0x85, 0x62, 0x7a, 0x4c, 0x56, 0x05, 0x5a, 0x3a, 0x4d, 0x0a, 0xc2, 0x14, 0xab, 0x85, 0xeb, 
		0x29, 0x97, 0x45, 0x2d, 0xd2, 0x55, 0x50, 0xc4, 0x2f, 0xfd, 0x21, 0x0d, 0x21, 0x3a, 0xab, 0x12, 
		0xe8, 0x1c, 0xc0, 0x4b, 0x00, 0x2f, 0x01, 0xbc, 0x04, 0xf0, 0x12, 0x71, 0xea, 0x01, 0x5e, 0x02, 
		0x78, 0x09, 0xe0, 0x25, 0x80, 0x97, 0xb0, 0xcd, 0xf1, 0x2c, 0xb7, 0x39, 0x00, 0x5e, 0xa2, 0x7e, 
		0xd8, 0x06, 0xf0, 0x12, 0x09, 0x93, 0x0d, 0xf0, 0x12, 0xed, 0x61, 0x82, 0x33, 0x69, 0x80, 0x97, 
		0x00, 0x5e, 0x82, 0x63, 0x45, 0xca, 0xb1, 0x02, 0x78, 0x09, 0x13, 0xc5, 0x01, 0x4f, 0x14, 0x00, 
		0x2f, 0x01, 0xbc, 0x04, 0xf0, 0x12, 0xc0, 0x4b, 0x00, 0x2f, 0x01, 0xbc, 0x04, 0xe7, 0x13, 0xe0, 
		0x25, 0xf2, 0xb6, 0x07, 0xe0, 0xa5, 0x7d, 0x03, 0x2f, 0x3d, 0xea, 0x32, 0xca, 0x7d, 0x39, 0x9a, 
		0xdb, 0x35, 0x6b, 0xeb, 0x48, 0xa6, 0xe4, 0x41, 0x28, 0x53, 0x9d, 0xc9, 0x44, 0x41, 0x4d, 0x4f, 
		0xa4, 0x39, 0x44, 0x67, 0x5e, 0x02, 0x9d, 0x03, 0xc0, 0x09, 0x00, 0x27, 0x00, 0x9c, 0x00, 0x70, 
		0x22, 0x4e, 0x3d, 0x00, 0x4e, 0x00, 0x38, 0x01, 0xe0, 0x04, 0x80, 0x13, 0xb6, 0x42, 0x9e, 0xe5, 
		0x56, 0x08, 0x00, 0x4e, 0xd4, 0x0f, 0xe4, 0x00, 0x70, 0x22, 0x61, 0xb2, 0x01, 0x70, 0xa2, 0x3d, 
		0x4c, 0x70, 0x6e, 0x0d, 0x80, 0x13, 0x00, 0x4e, 0x70, 0xac, 0x48, 0x39, 0x56, 0x00, 0x38, 0x61, 
		0xa2, 0x38, 0xe0, 0x89, 0x02, 0x00, 0x27, 0x00, 0x9c, 0x00, 0x70, 0x02, 0xc0, 0x09, 0x00, 0x27, 
		0x00, 0x9c, 0xe0, 0x7c, 0x02, 0xe0, 0x44, 0xde, 0xf6, 0x00, 0xe0, 0xb4, 0x5f, 0x00, 0xa7, 0x44, 
		0xda, 0xa7, 0x75, 0xfa, 0xc9, 0xd5, 0xe7, 0x0b, 0x91, 0x21, 0x25, 0x3e, 0x84, 0x52, 0xc9, 0xbd, 
		0x3a, 0x97, 0xdb, 0x31, 0x5f, 0x5d, 0x97, 0xb9, 0x2c, 0xda, 0x80, 0xc3, 0x24, 0xa1, 0x4d, 0x4f, 
		0xa3, 0x33, 0x44, 0x27, 0x5c, 0x02, 0x9d, 0x03, 0xae, 0x09, 0xb8, 0x26, 0xe0, 0x9a, 0x80, 0x6b, 
		0x22, 0x4e, 0x3d, 0x70, 0x4d, 0xc0, 0x35, 0x01, 0xd7, 0x04, 0x5c, 0x13, 0x76, 0x40, 0x9e, 0xe5, 
		0x0e, 0x08, 0x70, 0x4d, 0xd4, 0xcf, 0xe1, 0x80, 0x6b, 0x22, 0x61, 0xb2, 0x81, 0x6b, 0xa2, 0x3d, 
		0x4c, 0x70, 0x5c, 0x0d, 0x5c, 0x13, 0x70, 0x4d, 0x70, 0xac, 0x48, 0x39, 0x56, 0xc0, 0x35, 0x61, 
		0xa2, 0x38, 0xe0, 0x89, 0x02, 0xb8, 0x26, 0xe0, 0x9a, 0x80, 0x6b, 0x02, 0xae, 0x09, 0xb8, 0x26, 
		0xe0, 0x9a, 0xe0, 0x7c, 0x02, 0xd7, 0x44, 0xde, 0xf6, 0x00, 0xd7, 0xb4, 0x67, 0xb8, 0xa6, 0x34, 
		0xbe, 0x16, 0x32, 0x08, 0x78, 0xe8, 0x0b, 0x6f, 0x22, 0xb5, 0x82, 0x8c, 0x53, 0x55, 0xf5, 0x90, 
		0x56, 0xb7, 0xa9, 0xe1, 0x59, 0xac, 0x96, 0xec, 0x5d, 0xb5, 0x25, 0xa1, 0x61, 0x40, 0x0b, 0x01, 
		0xb5, 0x8a, 0xbb, 0x35, 0x5c, 0xd4, 0xfa, 0x86, 0xad, 0x65, 0x41, 0x13, 0x2b, 0xb5, 0x65, 0x3d, 
		0xdc, 0x29, 0xb1, 0xf3, 0x34, 0x50, 0x72, 0x11, 0x88, 0x5b, 0x4f, 0x55, 0x15, 0xd3, 0xa9, 0x70, 
		0xc9, 0xfa, 0x58, 0x54, 0xb3, 0xcf, 0x59, 0x35, 0x01, 0x5a, 0x12, 0x61, 0x3b, 0x6b, 0xfa, 0x69, 
		0x75, 0xaf, 0x2f, 0x04, 0x75, 0x18, 0xce, 0x2e, 0x0d, 0x41, 0x1a, 0x56, 0x79, 0x99, 0x3d, 0xaf, 
		0xe6, 0xe6, 0xaf, 0x79, 0x3d, 0xf8, 0x49, 0x6f, 0x56, 0x95, 0xb3, 0x90, 0x07, 0x32, 0x9c, 0xb9, 
		0x03, 0xdc, 0xa9, 0xa8, 0xd9, 0xad, 0xa2, 0x9a, 0xd0, 0x00, 0xff, 0xa3, 0x09, 0xfa, 0x58, 0x46, 
		0xb3, 0xa1, 0x4a, 0xd9, 0x54, 0x41, 0x63, 0x29, 0x69, 0x2c, 0x80, 0xbe, 0x14, 0xb4, 0x0f, 0x40, 
		0x5f, 0x00, 0x7d, 0x01, 0xf4, 0x05, 0xd0, 0x17, 0x40, 0x5f, 0x92, 0x54, 0xeb, 0x46, 0x2a, 0xe6, 
		0xd3, 0xa9, 0xf4, 0x5d, 0xcf, 0xae, 0x52, 0xec, 0xf2, 0xe1, 0x73, 0x56, 0x49, 0xc9, 0xab, 0x13, 
		0x3c, 0x50, 0xb2, 0xb2, 0xb3, 0x59, 0x16, 0x35, 0x79, 0x77, 0xba, 0x82, 0xe5, 0x34, 0xc2, 0x8d, 
		0x7b, 0xc0, 0x97, 0x2a, 0x7c, 0xe0, 0xea, 0xce, 0x6b, 0x5e, 0x56, 0xf3, 0xf9, 0x4b, 0x8f, 0x19, 
		0xec, 0xa5, 0xee, 0x25, 0xab, 0x98, 0x87, 0xc9, 0x22, 0x8a, 0x55, 0xc3, 0xe8, 0xb7, 0x2b, 0x1a, 
		0xc6, 0x7f, 0x56, 0x4d, 0xc9, 0x02, 0xa8, 0xea, 0xb2, 0x6e, 0xdd, 0xaa, 0xae, 0x5c, 0xcb, 0x95, 
		0x74, 0x42, 0x49, 0xc9, 0x2a, 0x29, 0x22, 0x51, 0x10, 0x89, 0x82, 0x33, 0xeb, 0x03, 0x3c, 0xb3, 
		0x46, 0x24, 0x0a, 0x75, 0xe4, 0x24, 0x22, 0x51, 0x48, 0x98, 0x6c, 0x44, 0xa2, 0xd0, 0x1e, 0x26, 
		0x00, 0x18, 0x23, 0x12, 0x05, 0x91, 0x28, 0x70, 0xac, 0x48, 0x39, 0x56, 0x88, 0x44, 0xc1, 0x44, 
		0x71, 0xc0, 0x13, 0x05, 0x22, 0x51, 0x10, 0x89, 0x82, 0x48, 0x14, 0x44, 0xa2, 0x20, 0x12, 0x05, 
		0x91, 0x28, 0x70, 0x3e, 0x11, 0x89, 0x42, 0xde, 0xf6, 0x20, 0x12, 0x65, 0xbf, 0x8e, 0xad, 0x94, 
		0x08, 0xc4, 0x22, 0x16, 0x89, 0x08, 0x7d, 0xa1, 0x9d, 0x39, 0x83, 0xd6, 0xb3, 0x4e, 0x58, 0x9b, 
		0xaa, 0x6b, 0xe7, 0xac, 0x0d, 0x8d, 0x58, 0x76, 0xf4, 0x4e, 0x4b, 0xfd, 0x09, 0x9d, 0x55, 0x36, 
		0x73, 0xde, 0xf5, 0xb2, 0x57, 0xb7, 0xd9, 0x40, 0x06, 0x24, 0x23, 0x4f, 0xb6, 0xa5, 0x77, 0x3b, 
		0x4e, 0x45, 0xfc, 0x7c, 0x00, 0xe9, 0xe3, 0xa9, 0x6f, 0x23, 0x17, 0xcc, 0xa3, 0xdb, 0xef, 0x1f, 
		0x65, 0xc8, 0xe3, 0x3b, 0x36, 0x0d, 0xa2, 0x28, 0x66, 0x85, 0x40, 0x16, 0x55, 0x44, 0x3a, 0x00, 
		0xe9, 0x0f, 0x5a, 0x06, 0xbf, 0xc2, 0x69, 0xbf, 0x81, 0xd1, 0xbe, 0xbf, 0x00, 0x3b, 0x5b, 0xb3, 
		0xd3, 0x38, 0x26, 0x16, 0xb6, 0x3b, 0xad, 0x8f, 0xb8, 0xb7, 0x41, 0x2a, 0xc0, 0xd1, 0xb6, 0x1c, 
		0xbd, 0x1a, 0xf4, 0x07, 0x56, 0xdf, 0xcc, 0xa3, 0xcb, 0x51, 0x5d, 0x08, 0x8e, 0xb6, 0xe5, 0xe8, 
		0x3c, 0xf1, 0xab, 0xe8, 0xf4, 0x86, 0x41, 0x6f, 0x62, 0xd0, 0x7c, 0x9e, 0x28, 0x76, 0x71, 0x15, 
		0xc5, 0xca, 0x4f, 0xd5, 0x65, 0x98, 0xc7, 0x57, 0xb8, 0x61, 0x3f, 0xe0, 0xf8, 0x53, 0x5c, 0x2d, 
		0xf1, 0xe1, 0x1c, 0xec, 0x6c, 0xcb, 0xce, 0xdb, 0xea, 0xa4, 0x75, 0xdb, 0x34, 0x6b, 0xbd, 0xbf, 
		0x55, 0x22, 0x9c, 0x88, 0x09, 0xf3, 0x79, 0x10, 0xd8, 0xfe, 0xc1, 0xb5, 0x9c, 0x88, 0xf8, 0x32, 
		0x04, 0xb3, 0xe9, 0xaf, 0x17, 0x11, 0xb1, 0x46, 0x42, 0xfb, 0x10, 0xb1, 0x86, 0x88, 0x35, 0x44, 
		0xac, 0x21, 0x62, 0x0d, 0x11, 0x6b, 0x24, 0xa9, 0x46, 0x40, 0x00, 0x02, 0x02, 0x70, 0x74, 0x78, 
		0xa0, 0x47, 0x87, 0x08, 0x08, 0xa0, 0x0e, 0x60, 0x43, 0x40, 0x00, 0x09, 0x93, 0x8d, 0x80, 0x00, 
		0xda, 0xc3, 0x04, 0x38, 0x4f, 0x04, 0x04, 0x20, 0x20, 0x00, 0x8e, 0x15, 0x29, 0xc7, 0x0a, 0x01, 
		0x01, 0x98, 0x28, 0x0e, 0x78, 0xa2, 0x40, 0x40, 0x00, 0x02, 0x02, 0x10, 0x10, 0x80, 0x80, 0x00, 
		0x04, 0x04, 0x20, 0x20, 0x00, 0xce, 0x27, 0x02, 0x02, 0xc8, 0xdb, 0x1e, 0x04, 0x04, 0xec, 0x17, 
		0xc0, 0xa3, 0x82, 0xbc, 0x36, 0x27, 0x8c, 0x2b, 0x50, 0xd9, 0xf9, 0xe9, 0xe3, 0x1a, 0x48, 0xb6, 
		0x6e, 0x81, 0x38, 0x80, 0x8d, 0x19, 0xbe, 0x36, 0x08, 0x60, 0xd9, 0xa0, 0x2d, 0xeb, 0xe9, 0xc3, 
		0xff, 0x9f, 0x5e, 0xcb, 0x88, 0xce, 0xdd, 0x04, 0x3a, 0x07, 0x88, 0x14, 0x20, 0x52, 0x80, 0x48, 
		0x01, 0x22, 0x45, 0x9c, 0x7a, 0x40, 0xa4, 0x00, 0x91, 0x02, 0x44, 0x0a, 0x10, 0x29, 0x6c, 0xa6, 
		0x3c, 0xcb, 0xcd, 0x14, 0x40, 0xa4, 0xa8, 0x1f, 0xe9, 0x01, 0x22, 0x45, 0xc2, 0x64, 0x03, 0x22, 
		0x45, 0x7b, 0x98, 0xe0, 0xe4, 0x1b, 0x10, 0x29, 0x40, 0xa4, 0xe0, 0x58, 0x91, 0x72, 0xac, 0x00, 
		0x91, 0xc2, 0x44, 0x71, 0xc0, 0x13, 0x05, 0x20, 0x52, 0x80, 0x48, 0x01, 0x22, 0x05, 0x88, 0x14, 
		0x20, 0x52, 0x80, 0x48, 0xc1, 0xf9, 0x04, 0x44, 0x8a, 0xbc, 0xed, 0x01, 0x44, 0x6a, 0x8f, 0x21, 
		0x52, 0x73, 0x31, 0x91, 0x2b, 0xd1, 0x2b, 0x59, 0xe5, 0x5a, 0xf8, 0x8a, 0x69, 0x02, 0x94, 0xd4, 
		0xe6, 0x3c, 0x5f, 0x0b, 0x93, 0xb2, 0x5a, 0xb4, 0xe6, 0x3e, 0x7d, 0xa0, 0xd4, 0x77, 0xd1, 0xb5, 
		0x9d, 0x92, 0x37, 0x4f, 0x03, 0x25, 0x17, 0x81, 0xb8, 0x75, 0x33, 0xa4, 0x3a, 0x15, 0x8d, 0xb9, 
		0xf0, 0x74, 0x35, 0xa1, 0x0c, 0xa9, 0x89, 0xb0, 0x5d, 0x30, 0xfd, 0xb4, 0xba, 0xd7, 0x17, 0x82, 
		0x3a, 0xb8, 0x66, 0x97, 0x83, 0x3d, 0x0d, 0xab, 0xbc, 0xcc, 0x9e, 0x57, 0x73, 0xf3, 0xd7, 0xbc, 
		0x1e, 0xfc, 0x24, 0x37, 0x57, 0x02, 0x0c, 0x49, 0x42, 0xfb, 0x00, 0x86, 0x04, 0x18, 0x12, 0x60, 
		0x48, 0x80, 0x21, 0x01, 0x86, 0x24, 0x49, 0xb5, 0x59, 0xe1, 0xc4, 0x7c, 0x3a, 0x95, 0xbe, 0xeb, 
		0x08, 0x57, 0x8a, 0x6b, 0xde, 0x7d, 0x56, 0x49, 0xc8, 0x09, 0xae, 0x5f, 0xe5, 0xb0, 0xea, 0xf6, 
		0x86, 0x22, 0x75, 0x75, 0x4e, 0x20, 0x72, 0xfe, 0x92, 0xf5, 0xe1, 0x54, 0xcc, 0xc3, 0x64, 0x11, 
		0xc5, 0xaa, 0x41, 0x37, 0xed, 0x8a, 0x06, 0xed, 0xcc, 0xaa, 0x09, 0xe9, 0x67, 0xac, 0x2a, 0x79, 
		0xaa, 0xcd, 0xa3, 0xdb, 0xef, 0x4f, 0x82, 0x07, 0xec, 0xb3, 0x9c, 0x0b, 0x56, 0x12, 0x58, 0xb8, 
		0x79, 0x97, 0x61, 0x99, 0x69, 0x7d, 0x59, 0x07, 0xcd, 0x5d, 0xab, 0x3e, 0xb1, 0xaa, 0x72, 0x7c, 
		0x1d, 0xc3, 0xc1, 0xdd, 0x3d, 0xb2, 0x0b, 0x80, 0xef, 0x03, 0xbe, 0x8f, 0x83, 0xbe, 0x03, 0x3c, 
		0xe8, 0x03, 0x7c, 0x9f, 0x3a, 0xdc, 0x0c, 0xf0, 0x7d, 0x12, 0x26, 0x1b, 0xf0, 0x7d, 0xda, 0xc3, 
		0x04, 0xa8, 0x4c, 0xc0, 0xf7, 0x01, 0xdf, 0x87, 0x63, 0x45, 0xca, 0xb1, 0x02, 0x7c, 0x1f, 0x13, 
		0xc5, 0x01, 0x4f, 0x14, 0x80, 0xef, 0x03, 0xbe, 0x0f, 0xf8, 0x3e, 0xe0, 0xfb, 0x80, 0xef, 0x03, 
		0xbe, 0x0f, 0xe7, 0x13, 0xf0, 0x7d, 0xf2, 0xb6, 0x07, 0xf0, 0xfd, 0x3d, 0x3b, 0xb6, 0x9a, 0xdf, 
		0xf0, 0x58, 0x78, 0xd7, 0x52, 0xdc, 0xd8, 0x4a, 0x6e, 0x95, 0xba, 0xfa, 0x9d, 0xd5, 0xb1, 0xbc, 
		0x8e, 0x90, 0x72, 0x13, 0x3a, 0x89, 0xac, 0xf0, 0xb5, 0xe6, 0x3a, 0xbb, 0x55, 0x6b, 0x38, 0x4c, 
		0x12, 0x86, 0xff, 0x34, 0x3a, 0x43, 0x74, 0xc2, 0x25, 0xd0, 0x39, 0x20, 0x71, 0x81, 0xc4, 0x05, 
		0x12, 0x17, 0x48, 0x5c, 0xe2, 0xd4, 0x03, 0x89, 0x0b, 0x24, 0xee, 0xbe, 0x20, 0x71, 0x27, 0x22, 
		0xf9, 0xa6, 0x22, 0x5b, 0x80, 0x45, 0x89, 0xdb, 0xf7, 0x77, 0x59, 0x39, 0x90, 0xb8, 0xed, 0xfc, 
		0xdc, 0x9c, 0x8d, 0xde, 0x54, 0x88, 0xc9, 0x98, 0xfb, 0xdf, 0xea, 0x1c, 0x5e, 0x56, 0xad, 0x60, 
		0x75, 0xd9, 0x00, 0x3c, 0x6f, 0x19, 0x46, 0x26, 0x12, 0x67, 0x0f, 0xbb, 0x28, 0x71, 0x39, 0x7c, 
		0x91, 0x95, 0x83, 0xb1, 0x2d, 0x19, 0x6b, 0x82, 0x81, 0xf3, 0x7d, 0xa9, 0xe5, 0x96, 0x49, 0x5e, 
		0x56, 0x63, 0x6e, 0x51, 0x03, 0xf6, 0xb6, 0x84, 0xce, 0xa7, 0x61, 0x28, 0xec, 0x68, 0x88, 0xbc, 
		0xa0, 0x36, 0x7d, 0x98, 0x62, 0x70, 0xb5, 0x1d, 0x57, 0xd3, 0x64, 0xec, 0xc5, 0x62, 0x22, 0x63, 
		0xe1, 0xab, 0xaa, 0x55, 0x70, 0x6b, 0x5c, 0x3e, 0xff, 0x5a, 0xad, 0x07, 0xc3, 0xc9, 0xef, 0xd6, 
		0x3d, 0xa7, 0xe0, 0x93, 0x85, 0x1f, 0x49, 0xdb, 0x21, 0xcb, 0x9e, 0xdd, 0x9e, 0xb3, 0x73, 0x9f, 
		0x45, 0xd7, 0x22, 0x66, 0x72, 0x81, 0x30, 0x88, 0xd6, 0x41, 0x26, 0x93, 0xca, 0x52, 0x65, 0xd2, 
		0x14, 0x64, 0x32, 0x8f, 0x94, 0x60, 0xb9, 0x07, 0x86, 0x40, 0x9e, 0xbd, 0xb2, 0x02, 0x08, 0x35, 
		0x41, 0xa8, 0x09, 0x0e, 0xa5, 0x0f, 0xf0, 0x50, 0x1a, 0xa1, 0x26, 0xd4, 0xa1, 0x91, 0x08, 0x35, 
		0x21, 0x61, 0xb2, 0x11, 0x6a, 0x42, 0x7b, 0x98, 0x00, 0x41, 0x8c, 0x50, 0x13, 0x84, 0x9a, 0xc0, 
		0xb1, 0x22, 0xe5, 0x58, 0x21, 0xd4, 0x04, 0x13, 0xc5, 0x01, 0x4f, 0x14, 0x08, 0x35, 0x41, 0xa8, 
		0x09, 0x42, 0x4d, 0x10, 0x6a, 0x82, 0x50, 0x13, 0x84, 0x9a, 0xc0, 0xf9, 0x44, 0xa8, 0x09, 0x79, 
		0xdb, 0x83, 0x50, 0x93, 0xfd, 0x3a, 0xb6, 0xba, 0x11, 0x63, 0x71, 0xeb, 0xcd, 0x85, 0x50, 0x55, 
		0x84, 0x4d, 0xb5, 0xdc, 0xd5, 0xf1, 0x7f, 0xda, 0xb5, 0xb8, 0x1a, 0x62, 0x23, 0x26, 0xbb, 0x9e, 
		0x74, 0x43, 0xa5, 0xcb, 0xee, 0x9b, 0x06, 0x76, 0x93, 0x0c, 0x42, 0x79, 0x9c, 0x36, 0x35, 0x91, 
		0x47, 0x83, 0x1e, 0x44, 0xa4, 0x90, 0x18, 0xbb, 0x88, 0x48, 0x41, 0x44, 0x0a, 0x22, 0x52, 0x10, 
		0x91, 0x82, 0x88, 0x14, 0x92, 0x54, 0x3f, 0x9f, 0x88, 0x14, 0xe4, 0x86, 0xff, 0x5e, 0x20, 0xfe, 
		0x2b, 0x1e, 0x3b, 0x10, 0xfe, 0xbc, 0xa4, 0x06, 0xe0, 0xcf, 0xca, 0xc1, 0x58, 0x44, 0x47, 0xec, 
		0x9c, 0xbd, 0x80, 0x95, 0x3f, 0x91, 0x5d, 0xbd, 0x52, 0x95, 0x0c, 0xfb, 0xe6, 0xd1, 0xed, 0xf7, 
		0x7f, 0xdd, 0x2d, 0x44, 0xcc, 0x94, 0xb8, 0x55, 0x4b, 0xbc, 0xf3, 0x65, 0xb8, 0x00, 0x06, 0x7a, 
		0x7f, 0x54, 0x16, 0x18, 0x68, 0x60, 0xa0, 0x71, 0x5a, 0x72, 0x80, 0xa7, 0x25, 0xc0, 0x40, 0x53, 
		0xc7, 0xec, 0x00, 0x03, 0x4d, 0xc2, 0x64, 0x03, 0x03, 0x4d, 0x7b, 0x98, 0x00, 0xda, 0x06, 0x0c, 
		0x34, 0x30, 0xd0, 0x70, 0xac, 0x48, 0x39, 0x56, 0xc0, 0x40, 0x63, 0xa2, 0x38, 0xe0, 0x89, 0x02, 
		0x18, 0x68, 0x60, 0xa0, 0x81, 0x81, 0x06, 0x06, 0x1a, 0x18, 0x68, 0x60, 0xa0, 0xe1, 0x7c, 0x02, 
		0x03, 0x4d, 0xde, 0xf6, 0x00, 0x03, 0xbd, 0x5f, 0xc7, 0x56, 0x37, 0x77, 0xff, 0x16, 0xde, 0xbf, 
		0x45, 0x1c, 0x79, 0x7e, 0x20, 0x45, 0x68, 0x1b, 0xde, 0x5a, 0x95, 0xab, 0xe9, 0xff, 0x47, 0xc4, 
		0x11, 0x2b, 0xeb, 0x08, 0xa9, 0x39, 0xa1, 0x33, 0xc9, 0x3a, 0x87, 0x6b, 0x18, 0xe8, 0xc6, 0xfa, 
		0x35, 0xbc, 0xa6, 0x89, 0x7e, 0x7e, 0x62, 0x3d, 0x22, 0x3a, 0x1d, 0x13, 0xe8, 0x1c, 0xa0, 0xcf, 
		0x80, 0x3e, 0x03, 0xfa, 0x0c, 0xe8, 0x33, 0x71, 0xea, 0x01, 0x7d, 0x06, 0xf4, 0x79, 0x5f, 0xa0, 
		0xcf, 0x00, 0x92, 0x3e, 0xd7, 0xe5, 0x0d, 0x50, 0x79, 0x40, 0xe5, 0x61, 0xff, 0xee, 0x00, 0xf7, 
		0xef, 0x80, 0xca, 0xa3, 0x7e, 0x8a, 0x0c, 0x54, 0x1e, 0x09, 0x93, 0x0d, 0x54, 0x1e, 0xed, 0x61, 
		0x02, 0xb0, 0x05, 0x50, 0x79, 0x40, 0xe5, 0xc1, 0xb1, 0x22, 0xe5, 0x58, 0x01, 0x95, 0x87, 0x89, 
		0xe2, 0x80, 0x27, 0x0a, 0xa0, 0xf2, 0x80, 0xca, 0x03, 0x2a, 0x0f, 0xa8, 0x3c, 0xa0, 0xf2, 0x80, 
		0xca, 0x83, 0xf3, 0x09, 0x54, 0x1e, 0x79, 0xdb, 0x03, 0x54, 0xde, 0x7e, 0x1d, 0x5b, 0xdd, 0xce, 
		0x17, 0x8b, 0x3a, 0x90, 0xca, 0x2e, 0x75, 0xf5, 0xfb, 0xfd, 0xad, 0x12, 0x61, 0x22, 0xc7, 0x81, 
		0x60, 0x1f, 0x45, 0x92, 0xf0, 0x99, 0x0c, 0x67, 0xc6, 0xbc, 0x9e, 0xc7, 0x22, 0x11, 0xa1, 0x2f, 
		0xf6, 0xe5, 0x58, 0x99, 0x08, 0xdb, 0x5d, 0xcf, 0xba, 0x56, 0xf5, 0x78, 0x01, 0x5c, 0x86, 0x14, 
		0x01, 0x7c, 0x5b, 0x51, 0x39, 0xa2, 0xd3, 0x39, 0x81, 0xce, 0x01, 0xd5, 0x07, 0x54, 0x1f, 0x50, 
		0x7d, 0x40, 0xf5, 0x11, 0xa7, 0x1e, 0xa8, 0xbe, 0x43, 0x40, 0xf5, 0x01, 0x35, 0x05, 0xd4, 0x14, 
		0xf6, 0x57, 0x0e, 0x70, 0x7f, 0x05, 0xa8, 0x29, 0xea, 0xa7, 0x7c, 0x40, 0x4d, 0x91, 0x30, 0xd9, 
		0x40, 0x4d, 0xd1, 0x1e, 0x26, 0x38, 0x0c, 0x07, 0x6a, 0x0a, 0xa8, 0x29, 0x38, 0x56, 0xa4, 0x1c, 
		0x2b, 0xa0, 0xa6, 0x30, 0x51, 0x1c, 0xf0, 0x44, 0x01, 0xd4, 0x14, 0x50, 0x53, 0x40, 0x4d, 0x01, 
		0x35, 0x05, 0xd4, 0x14, 0x50, 0x53, 0x70, 0x3e, 0x81, 0x9a, 0x22, 0x6f, 0x7b, 0x80, 0x9a, 0xda, 
		0x27, 0xd4, 0xd4, 0x4e, 0x91, 0x43, 0x3c, 0x55, 0x57, 0x51, 0x2c, 0xff, 0x6d, 0xac, 0x85, 0x37, 
		0xe5, 0x32, 0x48, 0xe3, 0x8a, 0x2d, 0x69, 0xac, 0x77, 0x87, 0xdb, 0x9c, 0x2b, 0xff, 0x8a, 0xa9, 
		0x2b, 0x61, 0x32, 0x4a, 0x98, 0xf3, 0x1c, 0xfb, 0x77, 0x2c, 0xff, 0x1d, 0x9b, 0xc6, 0xd1, 0x9c, 
		0xf1, 0xb0, 0xa1, 0x56, 0x4c, 0x98, 0xb8, 0xa6, 0x87, 0x10, 0x08, 0xd3, 0xb9, 0x70, 0xe7, 0xa8, 
		0x35, 0x26, 0x74, 0x12, 0xcd, 0xb9, 0x0c, 0x3d, 0xff, 0x8a, 0x87, 0x33, 0xe1, 0x65, 0x74, 0xe5, 
		0x36, 0x35, 0x90, 0xe1, 0xb7, 0x44, 0xf8, 0xcb, 0x42, 0x6d, 0x5d, 0x55, 0x1a, 0x86, 0x22, 0xf0, 
		0x62, 0xa1, 0xd2, 0x38, 0xac, 0x18, 0xcf, 0xc6, 0x37, 0x69, 0x4e, 0x38, 0xef, 0xd1, 0x16, 0xa2, 
		0xfa, 0x96, 0x51, 0xdf, 0xa8, 0xd4, 0xb6, 0x9c, 0x87, 0xaa, 0x82, 0x14, 0x6a, 0xbb, 0x42, 0x7f, 
		0x4a, 0x25, 0x5d, 0xa5, 0x3e, 0x55, 0xc5, 0xc8, 0x9a, 0x6b, 0x75, 0xd2, 0x75, 0x89, 0x48, 0xe8, 
		0xb8, 0xff, 0x45, 0x47, 0xc5, 0xa4, 0x81, 0x58, 0x51, 0xc7, 0x16, 0x54, 0xaa, 0x28, 0x69, 0x78, 
		0x03, 0x7a, 0x20, 0x0d, 0x1b, 0xa9, 0xab, 0x14, 0xbb, 0xf4, 0x39, 0x95, 0xa4, 0x29, 0xb4, 0xd5, 
		0x56, 0x86, 0x33, 0x6f, 0x2e, 0xd4, 0x55, 0x34, 0xf1, 0x16, 0xb1, 0x8c, 0x62, 0xa9, 0xee, 0x1a, 
		0x04, 0xda, 0xd4, 0x6a, 0xb5, 0x12, 0x17, 0x4d, 0x18, 0x9f, 0x71, 0x19, 0x26, 0xaa, 0xa2, 0xd9, 
		0x32, 0x9c, 0xb1, 0xec, 0x55, 0x7f, 0x4e, 0x98, 0xf5, 0x32, 0x02, 0x3a, 0x2d, 0x7e, 0xb3, 0xd9, 
		0xf6, 0x5b, 0x8d, 0x42, 0xf1, 0x5b, 0xca, 0x03, 0xa6, 0x22, 0xd6, 0xfd, 0xfb, 0x8f, 0x17, 0x7f, 
		0xff, 0xf9, 0xfd, 0xe7, 0xf7, 0xb4, 0x24, 0x9d, 0xca, 0x50, 0xbd, 0x2a, 0xbb, 0x74, 0xda, 0xed, 
		0x7c, 0xd2, 0xc6, 0xf3, 0xe9, 0x76, 0x90, 0x4e, 0x87, 0x6d, 0xdd, 0xaa, 0x5d, 0xce, 0xe8, 0x46, 
		0x4a, 0x15, 0x41, 0xea, 0x67, 0x57, 0x96, 0x41, 0x7e, 0x4e, 0x50, 0xc8, 0x14, 0x92, 0x5c, 0x25, 
		0xc9, 0x6d, 0x4d, 0xa4, 0xb3, 0x58, 0x70, 0x25, 0x62, 0x4f, 0x5d, 0x71, 0x7b, 0x67, 0xac, 0x52, 
		0xec, 0x4a, 0x31, 0xaf, 0x64, 0x79, 0x25, 0x24, 0xb8, 0x5b, 0x09, 0xda, 0x3b, 0x26, 0xb3, 0xfa, 
		0xde, 0x88, 0x2d, 0xad, 0x2e, 0x83, 0x0d, 0xa5, 0x6b, 0x43, 0x03, 0x91, 0x24, 0xee, 0x40, 0x5c, 
		0x96, 0xd5, 0x6c, 0xa9, 0x48, 0x12, 0x0c, 0x41, 0x12, 0x43, 0x30, 0xb0, 0x87, 0x60, 0x50, 0x1f, 
		0x82, 0xa5, 0xa8, 0x30, 0xfe, 0xe8, 0x8e, 0xbf, 0x2c, 0xd2, 0x82, 0x27, 0x89, 0x37, 0xe7, 0x36, 
		0x8c, 0x79, 0x59, 0x56, 0xbb, 0xd8, 0x5f, 0xd7, 0xb0, 0xac, 0x86, 0x90, 0x30, 0x03, 0xc1, 0xa7, 
		0xb1, 0xb0, 0x40, 0xc7, 0x2f, 0xbb, 0x9d, 0x73, 0xae, 0xae, 0x3a, 0xa3, 0xce, 0x0f, 0x32, 0x4a, 
		0x46, 0xa1, 0xe1, 0xb9, 0xf9, 0x33, 0x7b, 0xc9, 0x0f, 0xcb, 0xf7, 0x8d, 0x4a, 0x6a, 0xed, 0x42, 
		0xb3, 0xd9, 0xb9, 0xc5, 0xf1, 0x94, 0x07, 0x8e, 0x39, 0x59, 0x52, 0xed, 0xd2, 0x87, 0xb7, 0x82, 
		0x26, 0xe2, 0x5a, 0xfa, 0xcb, 0xbd, 0x1f, 0xb3, 0xcd, 0x43, 0x75, 0xf8, 0x6d, 0xbc, 0xe1, 0x93, 
		0x85, 0x03, 0xf4, 0xb4, 0xaa, 0xdf, 0x48, 0x65, 0xce, 0xfc, 0xfb, 0x9d, 0x51, 0xe7, 0xda, 0x9c, 
		0xd4, 0x67, 0x1b, 0xe7, 0xd7, 0x91, 0xf4, 0x45, 0x75, 0x73, 0x47, 0xff, 0x4a, 0x53, 0x99, 0xff, 
		0x46, 0x0f, 0xe6, 0xec, 0x17, 0xa3, 0x7e, 0x37, 0x6f, 0x3f, 0x1a, 0xec, 0x78, 0x67, 0xd0, 0x12, 
		0xb2, 0x7b, 0x1a, 0x54, 0xab, 0x7a, 0x9c, 0x12, 0x40, 0xf4, 0x6b, 0x45, 0xbf, 0xb5, 0x31, 0x1e, 
		0xd9, 0x1b, 0x76, 0xfa, 0xc9, 0x15, 0xe7, 0x87, 0xf7, 0xef, 0xdf, 0xb3, 0x57, 0x27, 0xfd, 0x17, 
		0xbd, 0xff, 0xf9, 0xe1, 0xc3, 0xc5, 0xcf, 0xcc, 0x98, 0x26, 0x2d, 0xd5, 0x44, 0xc4, 0x5a, 0xac, 
		0x3f, 0xa4, 0x89, 0x88, 0x97, 0xdb, 0x1e, 0xd7, 0x7a, 0xae, 0x49, 0x68, 0x49, 0xb7, 0xf5, 0xbc, 
		0xda, 0xee, 0xe8, 0xc4, 0x9d, 0x57, 0x5f, 0xd2, 0x73, 0x85, 0xfc, 0x34, 0x8e, 0xf5, 0x28, 0x5d, 
		0xbd, 0xbb, 0xb5, 0xaa, 0xc5, 0x86, 0x3b, 0x5b, 0xf9, 0x6b, 0xf6, 0x7d, 0x57, 0x8b, 0xea, 0x94, 
		0x04, 0x8f, 0xb0, 0xfd, 0xae, 0x16, 0x76, 0xb3, 0xa8, 0x58, 0x1f, 0xec, 0x66, 0xed, 0xbd, 0x04, 
		0xb1, 0x9b, 0xf5, 0x4c, 0x6c, 0x27, 0x76, 0xb3, 0xf6, 0x74, 0x08, 0x62, 0x37, 0xeb, 0x19, 0x8c, 
		0x3f, 0xcd, 0x96, 0x09, 0xb7, 0xfd, 0x6e, 0xfd, 0xd4, 0xec, 0x63, 0x4f, 0xf8, 0x9d, 0x5e, 0x56, 
		0xdd, 0x08, 0xf1, 0x8d, 0x96, 0x20, 0x37, 0x5d, 0x1c, 0xbf, 0xe3, 0x32, 0xb8, 0xcb, 0x57, 0xc7, 
		0x3f, 0xc5, 0x32, 0x5f, 0x1a, 0x7f, 0x34, 0xbf, 0xd6, 0x0b, 0xe3, 0x0b, 0xae, 0x72, 0x2c, 0xe1, 
		0x45, 0x1a, 0xe6, 0x50, 0xc2, 0xcf, 0x57, 0xa9, 0x89, 0xc5, 0x38, 0xd3, 0x7f, 0xa7, 0x5a, 0x06, 
		0x2f, 0x3b, 0xa3, 0xce, 0x3f, 0x0d, 0x9e, 0xe0, 0x95, 0xf9, 0x4b, 0x7c, 0x9b, 0xf0, 0x3b, 0xdd, 
		0xe4, 0x75, 0xfe, 0x28, 0xc2, 0x49, 0x52, 0x59, 0x5e, 0x67, 0xdf, 0xcd, 0x16, 0x71, 0xd2, 0xa8, 
		0x95, 0xfe, 0xa6, 0x5e, 0x5a, 0xeb, 0x2f, 0x8e, 0x06, 0x5d, 0xf3, 0xbd, 0xd1, 0xb0, 0x9b, 0x7f, 
		0x4d, 0xeb, 0xa4, 0xfe, 0xd6, 0xe8, 0xac, 0x6b, 0xbe, 0xa4, 0x17, 0x72, 0xe5, 0x77, 0x46, 0xaf, 
		0xba, 0xcb, 0xaf, 0x8c, 0x5e, 0x6f, 0x75, 0x51, 0x3e, 0x11, 0x89, 0x92, 0x61, 0x86, 0x9a, 0xe1, 
		0x93, 0x49, 0x2c, 0x12, 0x7b, 0x91, 0xde, 0x54, 0xeb, 0x6a, 0xd4, 0xbb, 0x65, 0x1b, 0xb6, 0x6c, 
		0x43, 0x60, 0x41, 0x36, 0xaf, 0x64, 0x0c, 0x9a, 0x37, 0x64, 0x0c, 0xfa, 0xf8, 0xe6, 0x6d, 0xad, 
		0xcb, 0x24, 0x86, 0xc1, 0x9c, 0xfb, 0x5e, 0x8d, 0x97, 0xaf, 0xcc, 0xa6, 0xae, 0x12, 0x71, 0xd8, 
		0x19, 0x7d, 0xe9, 0x7c, 0x39, 0xf1, 0x5e, 0x73, 0x6f, 0xfa, 0xc6, 0xfb, 0xe9, 0xeb, 0xef, 0xfd, 
		0xfb, 0xa3, 0x51, 0xf5, 0xf9, 0xf8, 0xf7, 0xd3, 0xfb, 0xce, 0xf6, 0xa6, 0x90, 0x4c, 0x93, 0xae, 
		0xa5, 0x2f, 0xdc, 0x2d, 0x5c, 0xbb, 0xb4, 0xd9, 0x16, 0x19, 0x10, 0x68, 0x0e, 0xbd, 0xb2, 0x5a, 
		0xb3, 0xa3, 0x62, 0xaa, 0x61, 0x69, 0x52, 0xa9, 0xf1, 0x42, 0x71, 0xc3, 0x64, 0x98, 0x28, 0xc1, 
		0x27, 0xc7, 0xb4, 0xe4, 0x56, 0x83, 0xdc, 0xee, 0xd4, 0x1f, 0xb3, 0x79, 0xe6, 0xec, 0xac, 0xd6, 
		0xaa, 0x0e, 0x53, 0x36, 0x5b, 0x19, 0x1d, 0x54, 0x54, 0x20, 0x14, 0x37, 0x2b, 0x34, 0x40, 0xd7, 
		0xac, 0x0a, 0xf0, 0xb5, 0xc5, 0xae, 0x22, 0x96, 0xeb, 0x45, 0x14, 0xcf, 0x79, 0x90, 0xa3, 0xde, 
		0x13, 0xc6, 0xc3, 0xc9, 0x0f, 0x51, 0x5c, 0x3e, 0xde, 0x48, 0x75, 0xc5, 0x62, 0x31, 0x4b, 0x03, 
		0x1e, 0x33, 0x71, 0xbb, 0x88, 0x33, 0x40, 0x25, 0x91, 0x69, 0xc1, 0x81, 0xf8, 0x37, 0xc2, 0xfa, 
		0xd7, 0x6a, 0x3f, 0x75, 0xb5, 0xbe, 0xef, 0x76, 0x62, 0x31, 0x13, 0x76, 0x57, 0xb2, 0xe7, 0x66, 
		0x2a, 0xeb, 0x82, 0x22, 0x4f, 0x73, 0x03, 0xd4, 0xb2, 0x08, 0x2f, 0xd8, 0x72, 0x48, 0xd3, 0x44, 
		0x26, 0x3e, 0x8f, 0x27, 0x9e, 0x39, 0xa9, 0xb0, 0x47, 0x57, 0xa5, 0xbc, 0xe6, 0x32, 0x65, 0xb5, 
		0x6c, 0x2c, 0xae, 0xf8, 0xb5, 0x8c, 0x62, 0x26, 0x27, 0x22, 0x54, 0x72, 0x2a, 0x05, 0xb1, 0x20, 
		0xe6, 0xc3, 0x3b, 0xcd, 0x98, 0x24, 0xbe, 0x0d, 0x05, 0x30, 0x8f, 0x35, 0xb7, 0xd1, 0x8c, 0x9b, 
		0x77, 0x17, 0x6f, 0xcf, 0x99, 0x0c, 0xd9, 0x87, 0xf3, 0xa3, 0xeb, 0xe1, 0xb1, 0x89, 0x39, 0xfb, 
		0x70, 0x7e, 0x7d, 0xc6, 0x16, 0xdc, 0xff, 0x26, 0x14, 0x31, 0x87, 0x52, 0xd3, 0x51, 0x1d, 0xc8, 
		0xbd, 0xd7, 0x45, 0xa3, 0x2f, 0xdb, 0x12, 0xf7, 0xd9, 0xa0, 0xb5, 0xbc, 0x1f, 0x7f, 0x5a, 0x2a, 
		0xa6, 0x3c, 0x35, 0x5b, 0x18, 0x3d, 0xfd, 0xc8, 0xa7, 0xbd, 0x9e, 0xfe, 0xbb, 0x9f, 0xfd, 0xdd, 
		0xd7, 0x7f, 0x0f, 0xb3, 0xbf, 0x07, 0xfa, 0x6f, 0x13, 0x4f, 0x96, 0x98, 0xe2, 0x57, 0xa6, 0xb8, 
		0xaf, 0x9b, 0xf7, 0xb3, 0x9f, 0xf6, 0x75, 0x79, 0x3f, 0xfb, 0x69, 0x5f, 0x37, 0xef, 0x0f, 0x4d, 
		0x73, 0xf3, 0xe7, 0x99, 0x29, 0x1e, 0x98, 0xe6, 0xd9, 0x4f, 0x07, 0xba, 0xf9, 0x20, 0xfb, 0xe9, 
		0x40, 0xb7, 0x19, 0xf4, 0x4d, 0xf3, 0xa1, 0xfe, 0x33, 0xfb, 0xe8, 0x50, 0x37, 0x1f, 0x64, 0x3f, 
		0x1d, 0x9a, 0xe6, 0xd9, 0x4f, 0x87, 0xba, 0xf9, 0xd0, 0x04, 0xc7, 0x25, 0xa7, 0xfa, 0x4f, 0xdd, 
		0xc4, 0x00, 0x3a, 0x86, 0xaf, 0x4c, 0xe1, 0x99, 0x5e, 0xbb, 0x66, 0x9d, 0x7d, 0xa9, 0xff, 0x7c, 
		0xb9, 0xd4, 0xcd, 0xd3, 0x57, 0x99, 0x92, 0xf8, 0x62, 0x22, 0x42, 0x13, 0x48, 0x95, 0xfd, 0xa4, 
		0x57, 0x59, 0xb0, 0x1a, 0x46, 0x8c, 0x7a, 0x27, 0xdd, 0x8c, 0x0d, 0xa3, 0x5e, 0xbf, 0x9b, 0x31, 
		0xc1, 0x70, 0xd3, 0xd0, 0x6d, 0x56, 0x18, 0x86, 0xea, 0x51, 0xdf, 0xb4, 0xeb, 0x0f, 0x3a, 0xa3, 
		0xbe, 0x69, 0x37, 0xe8, 0x75, 0x46, 0xfd, 0xb3, 0x6e, 0x46, 0xa4, 0x09, 0x71, 0x37, 0x24, 0x8e, 
		0x06, 0xa6, 0xdd, 0xb0, 0xd7, 0x19, 0x0d, 0xcc, 0x5b, 0x86, 0xfd, 0xce, 0x68, 0x60, 0xda, 0x0d, 
		0x75, 0xed, 0xab, 0xae, 0xe9, 0xc7, 0xc8, 0xfc, 0x57, 0x7f, 0xf4, 0xac, 0x6b, 0xd8, 0x37, 0xea, 
		0x0f, 0xbb, 0x86, 0x31, 0xa3, 0x41, 0xbf, 0x6b, 0x48, 0x36, 0xa1, 0x64, 0x9a, 0xcc, 0xd1, 0xd0, 
		0x34, 0x7e, 0xd9, 0x19, 0x9d, 0x9e, 0x75, 0x4b, 0x69, 0x6a, 0x35, 0xc9, 0x46, 0xe6, 0xe9, 0xcb, 
		0xae, 0x66, 0xcc, 0x68, 0x78, 0xd6, 0xb5, 0x89, 0x1e, 0x9d, 0xbe, 0xba, 0xdf, 0xae, 0xa1, 0x10, 
		0x7c, 0xe1, 0xae, 0x75, 0xca, 0xa2, 0x87, 0xdd, 0x09, 0xab, 0x29, 0x21, 0x2b, 0xb1, 0xe9, 0x60, 
		0x9b, 0x72, 0xb3, 0x72, 0xe8, 0x99, 0x8d, 0x7b, 0x3f, 0xdf, 0x7c, 0x09, 0x04, 0x2f, 0x42, 0x39, 
		0xe7, 0x93, 0xd3, 0x7c, 0xf7, 0x65, 0x9e, 0xf8, 0x57, 0x7c, 0x71, 0xdd, 0xcf, 0xb7, 0x60, 0x16, 
		0x59, 0x1b, 0xad, 0xd0, 0x2a, 0xa8, 0xee, 0xac, 0x98, 0x77, 0x6a, 0x1e, 0xe8, 0x37, 0x6a, 0x4f, 
		0xd1, 0xbc, 0x6f, 0xd4, 0xef, 0x9a, 0xb7, 0x8d, 0x06, 0xdd, 0xe5, 0xbb, 0x46, 0xc3, 0x6e, 0xf6, 
		0x26, 0x6d, 0xaa, 0xf4, 0x7b, 0x46, 0x67, 0x5b, 0xdd, 0x3b, 0x99, 0xc6, 0xde, 0xc4, 0x66, 0x5f, 
		0xf6, 0xdc, 0x3c, 0x5b, 0x44, 0x21, 0xfb, 0x29, 0xe6, 0x73, 0xe1, 0xc5, 0x22, 0xe0, 0x77, 0xec, 
		0xdd, 0x7b, 0x36, 0x96, 0xd4, 0x80, 0x29, 0x0d, 0x21, 0x3a, 0x9a, 0xa4, 0xc0, 0x97, 0x0e, 0x91, 
		0xba, 0x64, 0x25, 0x99, 0xcb, 0x06, 0x84, 0x68, 0xd3, 0x33, 0x5b, 0xef, 0xac, 0xec, 0xd3, 0xd9, 
		0x9a, 0x1d, 0xe2, 0xb3, 0x47, 0xcd, 0x6d, 0xbd, 0x93, 0x13, 0x82, 0xde, 0xcc, 0x2c, 0x8e, 0xd2, 
		0x85, 0x17, 0x8d, 0xff, 0x25, 0xfc, 0xca, 0x29, 0x9b, 0x5d, 0xbc, 0x42, 0x90, 0xa6, 0xd2, 0x33, 
		0x2d, 0x69, 0xac, 0xdb, 0x12, 0xe1, 0xa7, 0x0e, 0xb0, 0xa4, 0x2c, 0x7a, 0x98, 0x06, 0x66, 0xb5, 
		0x25, 0x40, 0x8c, 0xb5, 0xb1, 0xda, 0xbc, 0xdd, 0xba, 0x82, 0x24, 0xab, 0xc5, 0x03, 0xe4, 0x91, 
		0x18, 0x76, 0x3b, 0xdb, 0x73, 0xb9, 0xef, 0xb6, 0x4e, 0xb3, 0x90, 0x31, 0x36, 0x4f, 0x17, 0x01, 
		0x9e, 0x3e, 0x98, 0x23, 0x28, 0x5b, 0xab, 0x56, 0xc6, 0x61, 0x59, 0x54, 0x03, 0xf4, 0x2d, 0x2b, 
		0x08, 0x0c, 0x3a, 0xd2, 0xf7, 0x1b, 0xa4, 0x86, 0xd3, 0xcb, 0x09, 0x2b, 0x11, 0xf5, 0x3c, 0xcd, 
		0x5a, 0x1a, 0xf4, 0x52, 0x62, 0x6e, 0x21, 0xa7, 0xd6, 0xe9, 0x29, 0xbd, 0xb9, 0x55, 0x4b, 0x28, 
		0x9f, 0x1f, 0xab, 0x62, 0x2b, 0x27, 0xcd, 0xba, 0xf0, 0x72, 0xc3, 0xf2, 0xe1, 0x1d, 0x24, 0xb8, 
		0x73, 0x09, 0xe6, 0xd6, 0x2c, 0x5c, 0xa4, 0xca, 0x5b, 0xde, 0x96, 0x61, 0xb1, 0xde, 0xa9, 0x71, 
		0xe5, 0x79, 0x21, 0x02, 0xe1, 0x2b, 0xc6, 0x43, 0x66, 0x5a, 0x2e, 0x6f, 0xdc, 0x28, 0xb7, 0xc9, 
		0x89, 0x0b, 0x79, 0x8b, 0x63, 0xa5, 0x99, 0xbf, 0xab, 0x38, 0xbb, 0xc4, 0x01, 0xe7, 0xa9, 0x18, 
		0x96, 0xbc, 0xa5, 0x0a, 0x40, 0xa1, 0x75, 0xf0, 0x57, 0xb2, 0xcb, 0x3d, 0xf6, 0x73, 0x2a, 0x36, 
		0x60, 0x3c, 0x7d, 0x76, 0x6f, 0x4d, 0x97, 0x6d, 0x7b, 0x2f, 0xeb, 0x76, 0xfe, 0xc3, 0x39, 0x4b, 
		0x16, 0xc2, 0x97, 0x53, 0xe9, 0xbb, 0x11, 0x0a, 0xbb, 0x5d, 0x72, 0xb4, 0xde, 0xd9, 0xfe, 0x70, 
		0x9e, 0x6d, 0x6e, 0x1f, 0xbd, 0x93, 0xd3, 0xe9, 0x85, 0x88, 0xaf, 0xd9, 0xdb, 0x68, 0x22, 0xce, 
		0x23, 0x19, 0xaa, 0x84, 0xd8, 0xa1, 0x2e, 0xf6, 0xb5, 0xb1, 0xaf, 0x8d, 0x7d, 0xed, 0xa7, 0x34, 
		0x6f, 0xf6, 0xc7, 0x4b, 0x6d, 0xad, 0x88, 0x61, 0x85, 0xc9, 0xa8, 0xb4, 0x21, 0x64, 0x22, 0x96, 
		0xfd, 0xda, 0xb9, 0xa1, 0x68, 0xbf, 0x43, 0xf8, 0x68, 0x3b, 0xe1, 0xc7, 0x52, 0x49, 0xdf, 0x84, 
		0xac, 0xf4, 0x3a, 0xa3, 0xce, 0x34, 0xe0, 0x49, 0x11, 0x30, 0x68, 0xfe, 0xf6, 0xa2, 0x6b, 0x11, 
		0xc7, 0xd2, 0xec, 0x53, 0x0f, 0x34, 0xef, 0xe6, 0x73, 0x31, 0x91, 0xdc, 0x78, 0x20, 0xc3, 0xc2, 
		0x43, 0x08, 0x85, 0xca, 0x37, 0xea, 0xc3, 0xec, 0x56, 0xae, 0x7c, 0xaf, 0xde, 0x0a, 0xb8, 0xd2, 
		0x03, 0x35, 0x8e, 0x52, 0x25, 0xc3, 0x6a, 0xdc, 0x61, 0xf9, 0x7d, 0x4d, 0x59, 0xf6, 0x75, 0x3d, 
		0xed, 0x39, 0xdf, 0x1e, 0xf5, 0xbb, 0xd6, 0x97, 0x47, 0x83, 0xee, 0xf2, 0xbb, 0xa3, 0x61, 0xb7, 
		0xfc, 0xaa, 0x96, 0xc0, 0x32, 0x9e, 0xec, 0xac, 0x5b, 0x7e, 0x71, 0xf4, 0x72, 0xcb, 0xa3, 0x22, 
		0x56, 0x95, 0x7b, 0xae, 0xd4, 0xaa, 0xa9, 0xf3, 0xd3, 0xe7, 0x73, 0xb6, 0x88, 0x62, 0xc5, 0xc2, 
		0x88, 0xc8, 0xb4, 0xaf, 0x7b, 0xd3, 0xb3, 0x87, 0x83, 0x79, 0x26, 0x35, 0x42, 0xdb, 0x6f, 0xce, 
		0xf7, 0x4f, 0x4e, 0x1e, 0x39, 0x45, 0x9f, 0x9e, 0x0e, 0x5a, 0xaf, 0x40, 0xb5, 0x15, 0x8c, 0x62, 
		0xd5, 0x77, 0xb8, 0xd6, 0xdf, 0x57, 0xae, 0x3d, 0x8e, 0x65, 0xbd, 0xb3, 0xc1, 0xab, 0xd6, 0x8e, 
		0xcd, 0x12, 0x80, 0x63, 0xf4, 0x8b, 0x15, 0xfc, 0xda, 0x1e, 0xfc, 0x54, 0x2e, 0x1a, 0xf0, 0xcb, 
		0x56, 0xe1, 0xea, 0xb5, 0xce, 0x87, 0xf3, 0x02, 0x04, 0xbc, 0x1f, 0xb9, 0x03, 0xe4, 0xe2, 0x7a, 
		0xf8, 0x10, 0x3a, 0xf8, 0xe8, 0xe8, 0xcb, 0x89, 0xf7, 0xfa, 0xeb, 0x7f, 0xbe, 0xf4, 0xbc, 0xd7, 
		0x5f, 0xb3, 0x3f, 0x7b, 0xe6, 0x3f, 0xd9, 0xdf, 0xfd, 0x2f, 0x27, 0xde, 0xb0, 0xf8, 0xfb, 0xf4, 
		0xcb, 0x89, 0x77, 0xfa, 0xf5, 0xf8, 0xf2, 0xf2, 0xc5, 0xf1, 0xef, 0x83, 0xfb, 0xcd, 0x7f, 0x78, 
		0xf4, 0xa7, 0x2f, 0x97, 0x97, 0x8b, 0xdf, 0x7f, 0xb9, 0xd7, 0xff, 0xfe, 0x7c, 0xff, 0xf5, 0xaf, 
		0xc7, 0x7f, 0xeb, 0xec, 0x36, 0x10, 0x69, 0x29, 0xf6, 0xda, 0x02, 0xd8, 0xa9, 0xd9, 0x5c, 0x2b, 
		0xa0, 0x0b, 0x8f, 0xd1, 0x85, 0xed, 0x2d, 0xce, 0xaf, 0xcf, 0x1a, 0xed, 0x80, 0x55, 0xbc, 0x4e, 
		0xe6, 0xd7, 0x67, 0x7b, 0x67, 0x0b, 0xce, 0x1e, 0x96, 0xff, 0xe8, 0x3f, 0x76, 0x74, 0xc0, 0x49, 
		0x77, 0x78, 0x7f, 0x3c, 0x3a, 0x3e, 0x72, 0xcb, 0x46, 0xc7, 0xbf, 0x9f, 0x74, 0x4f, 0xef, 0x8f, 
		0x8e, 0x1a, 0x6a, 0xfe, 0xd6, 0xf4, 0x8e, 0xe3, 0xff, 0x1c, 0x1d, 0x1d, 0xe5, 0x92, 0xaf, 0x68, 
		0xc3, 0x97, 0x93, 0xde, 0xd7, 0xbf, 0x99, 0x3f, 0xb3, 0x7f, 0x4b, 0x7d, 0x6a, 0xd5, 0xf8, 0xb8, 
		0x51, 0x8b, 0xba, 0x5a, 0x8f, 0xff, 0xef, 0xe8, 0xeb, 0x5f, 0x47, 0xc7, 0xbf, 0x9f, 0xdd, 0x17, 
		0x7f, 0x9b, 0x7f, 0x8f, 0xff, 0x73, 0xf4, 0xe2, 0x2f, 0x97, 0x97, 0x2f, 0x5e, 0xfc, 0xe5, 0x38, 
		0xeb, 0x53, 0xde, 0xee, 0x2f, 0x59, 0xed, 0xdf, 0x46, 0xa3, 0x5a, 0xd1, 0xf1, 0xd1, 0x9f, 0x5e, 
		0x50, 0xb0, 0x53, 0x4b, 0xe9, 0xd5, 0x2d, 0x95, 0x5b, 0xf7, 0x18, 0xbd, 0x85, 0xb6, 0x3e, 0x37, 
		0x6d, 0xdd, 0x96, 0x25, 0xfd, 0x57, 0x24, 0x43, 0x4f, 0xc9, 0xb9, 0xf0, 0xa2, 0xa9, 0x57, 0x8d, 
		0x2b, 0xac, 0x55, 0xb9, 0x9a, 0xa9, 0x1b, 0x30, 0xdd, 0xc0, 0x04, 0x10, 0x70, 0x22, 0xc7, 0xbf, 
		0x22, 0x9c, 0x98, 0x5e, 0x77, 0x6c, 0xc0, 0x5b, 0x5e, 0x44, 0x6a, 0x98, 0x5c, 0x5d, 0xcd, 0xe7, 
		0xce, 0x5e, 0x85, 0x33, 0x46, 0xbe, 0x9c, 0x78, 0x85, 0x1a, 0xe6, 0xda, 0x79, 0x3c, 0x3a, 0x32, 
		0xca, 0x9a, 0x29, 0xa5, 0x09, 0x07, 0x2b, 0x1e, 0xb4, 0xde, 0xdc, 0x77, 0xb5, 0x8d, 0x8a, 0x95, 
		0xcb, 0x00, 0xab, 0xf0, 0xd9, 0xb3, 0xa0, 0x5c, 0xa2, 0x2c, 0x89, 0x66, 0x96, 0x02, 0x6c, 0x2d, 
		0xd8, 0xda, 0x5e, 0x57, 0x06, 0xfd, 0x15, 0x1b, 0x09, 0x41, 0x9f, 0x25, 0xb1, 0xcf, 0x3e, 0xbe, 
		0x79, 0x4b, 0x63, 0xf0, 0x4c, 0x12, 0xe5, 0x55, 0x03, 0x2a, 0x8b, 0x92, 0xe6, 0x69, 0x29, 0x48, 
		0xd8, 0x24, 0x51, 0x74, 0xfa, 0x3f, 0x97, 0x15, 0x87, 0xd0, 0x3c, 0xba, 0x3d, 0x4f, 0x84, 0x5a, 
		0x86, 0x38, 0x45, 0x21, 0xcb, 0x29, 0x64, 0x79, 0x63, 0x42, 0xc3, 0xa3, 0x39, 0xd7, 0x78, 0x12, 
		0xfb, 0x8e, 0x8c, 0x8a, 0x92, 0x66, 0x19, 0x2d, 0x6b, 0xf7, 0x54, 0x40, 0x39, 0x01, 0x7b, 0x22, 
		0x20, 0xdd, 0xcc, 0x0e, 0xec, 0x5d, 0x15, 0xee, 0xbb, 0xca, 0xcb, 0xb3, 0xa2, 0x95, 0xf7, 0x63, 
		0x71, 0xe2, 0xcb, 0xc4, 0x8f, 0x3c, 0x8b, 0xb8, 0xb5, 0x16, 0xdd, 0x72, 0xd8, 0xfe, 0x7a, 0x79, 
		0xf9, 0x62, 0xcd, 0xe3, 0x8e, 0xbd, 0x76, 0x9b, 0x20, 0xc7, 0x69, 0xaf, 0x55, 0x3d, 0x42, 0x9a, 
		0x07, 0x24, 0xc3, 0x6d, 0x4d, 0xb9, 0x59, 0xc6, 0x38, 0x5b, 0x4e, 0x59, 0x41, 0xbb, 0xeb, 0x65, 
		0x44, 0xa8, 0x8a, 0x0b, 0xc6, 0xb2, 0xdf, 0xad, 0x90, 0xd7, 0x6e, 0xe7, 0xe7, 0x48, 0xf5, 0xec, 
		0xaf, 0x65, 0xcf, 0x2e, 0x81, 0x45, 0x29, 0x21, 0x05, 0x6b, 0x8a, 0x3a, 0x98, 0xf3, 0x71, 0x65, 
		0x50, 0x8d, 0x1b, 0x24, 0x35, 0xa6, 0x4f, 0xc6, 0x8d, 0x18, 0x6b, 0xfd, 0xb1, 0x5a, 0x15, 0x25, 
		0x2e, 0x39, 0xcb, 0x72, 0xd2, 0x24, 0x19, 0xd9, 0x2c, 0x82, 0xca, 0xd4, 0xa5, 0x1f, 0x6b, 0x2e, 
		0x6c, 0x1a, 0x28, 0xc9, 0xce, 0xe3, 0x48, 0x45, 0x7e, 0x14, 0xb0, 0x9f, 0xf9, 0x58, 0x04, 0xec, 
		0xc2, 0x24, 0x22, 0x95, 0xe1, 0x8c, 0x26, 0x3c, 0x46, 0xdc, 0x2e, 0x44, 0x2c, 0x75, 0x93, 0x6a, 
		0xfe, 0x3f, 0xbb, 0xb8, 0xd9, 0x55, 0xff, 0x78, 0xfe, 0xf3, 0x05, 0x73, 0xda, 0x11, 0x20, 0x48, 
		0x45, 0x8b, 0x79, 0x54, 0x99, 0x9d, 0x8a, 0x92, 0x96, 0x64, 0x64, 0xe2, 0xd1, 0x7e, 0x56, 0xfe, 
		0x43, 0x16, 0x68, 0x41, 0xd2, 0x52, 0x52, 0x32, 0x27, 0xf6, 0x5b, 0x45, 0xad, 0x86, 0x63, 0x1e, 
		0x7b, 0x8b, 0x7c, 0x7c, 0x59, 0xdc, 0xa8, 0x96, 0xbb, 0x72, 0x76, 0x6b, 0x09, 0x28, 0x69, 0x9b, 
		0x64, 0x0c, 0xba, 0xdb, 0x2c, 0xfb, 0xa9, 0xb7, 0x07, 0xe8, 0xf7, 0x5c, 0x42, 0x51, 0xe8, 0xe5, 
		0xe9, 0xab, 0xc3, 0xd8, 0x1e, 0x84, 0x4e, 0x05, 0x29, 0x5a, 0x9a, 0x26, 0xb1, 0x30, 0xaa, 0xf6, 
		0xbe, 0x6e, 0x3e, 0xcc, 0x68, 0x10, 0x4c, 0x5d, 0xc9, 0x84, 0x15, 0x29, 0x25, 0x92, 0x0c, 0xab, 
		0x46, 0x40, 0xc3, 0xb8, 0xef, 0x6b, 0xaf, 0xd5, 0x05, 0xea, 0x57, 0x8a, 0x6b, 0x37, 0xaf, 0x9a, 
		0x4a, 0x46, 0x28, 0xf8, 0x4d, 0x86, 0x93, 0x4a, 0x42, 0x8f, 0xec, 0xb9, 0x26, 0x89, 0x74, 0x3e, 
		0xd6, 0x36, 0x83, 0xe5, 0x04, 0xfc, 0x9c, 0x2d, 0x41, 0x08, 0x69, 0x58, 0xce, 0x76, 0xbd, 0x36, 
		0x6a, 0x87, 0xc6, 0x6a, 0x19, 0xb4, 0xf9, 0x38, 0x84, 0xc3, 0xeb, 0xd7, 0x9b, 0x03, 0xb2, 0x36, 
		0xe8, 0xd4, 0xe0, 0x91, 0x60, 0x95, 0xfe, 0x59, 0xfb, 0x8e, 0x7d, 0x2d, 0x83, 0x18, 0x3a, 0x4e, 
		0xe8, 0x42, 0x1d, 0x98, 0x6c, 0xc2, 0x14, 0x54, 0xcc, 0xa7, 0xda, 0xf7, 0xca, 0x72, 0xab, 0x2f, 
		0x78, 0xcc, 0xe7, 0x42, 0x89, 0x98, 0x88, 0x17, 0x96, 0x05, 0x5d, 0xf8, 0x57, 0x59, 0x7e, 0x7a, 
		0x27, 0x16, 0x23, 0x2f, 0xb6, 0x26, 0x7b, 0x7a, 0x03, 0x32, 0xeb, 0xda, 0x90, 0x62, 0xd7, 0xf6, 
		0xcd, 0x56, 0xe8, 0x91, 0x36, 0x58, 0x82, 0xae, 0x5e, 0x3e, 0x79, 0x56, 0xcf, 0x97, 0xed, 0x87, 
		0x59, 0x36, 0xa7, 0x37, 0x3a, 0x2b, 0x04, 0x24, 0xde, 0xc6, 0x8b, 0xd2, 0x75, 0x84, 0x85, 0xfd, 
		0xfd, 0x43, 0xd0, 0x5e, 0x6d, 0x70, 0x59, 0xf5, 0xfd, 0x3a, 0x81, 0x83, 0xaf, 0x55, 0x68, 0xe5, 
		0x4e, 0x12, 0x1a, 0x57, 0x22, 0x2e, 0x57, 0x30, 0x30, 0xca, 0x9a, 0x7b, 0xe3, 0xbb, 0x07, 0x99, 
		0x68, 0xde, 0xa2, 0xd9, 0xe7, 0xac, 0xba, 0x74, 0x43, 0x5d, 0x1c, 0xa5, 0xaa, 0x3a, 0xc5, 0xe6, 
		0x05, 0xae, 0x36, 0xfc, 0xdd, 0x14, 0x63, 0x92, 0xc5, 0x24, 0x8b, 0x49, 0x16, 0x93, 0x2c, 0x35, 
		0x61, 0x13, 0x9c, 0x64, 0x75, 0x2f, 0x79, 0x58, 0xb9, 0x0b, 0x3b, 0xac, 0x03, 0x8a, 0xde, 0x84, 
		0x77, 0x34, 0xf3, 0xea, 0x35, 0xed, 0x98, 0xf0, 0xc5, 0x22, 0xc8, 0x0f, 0x8c, 0x6c, 0xb2, 0xac, 
		0xd2, 0x1a, 0x79, 0xcb, 0xba, 0x7a, 0xf0, 0xf8, 0x6e, 0x77, 0x4f, 0x96, 0x3d, 0xab, 0x6f, 0xa1, 
		0xd4, 0xea, 0xd6, 0xd1, 0xf5, 0xbf, 0x4c, 0xe6, 0x03, 0x5a, 0xd4, 0x29, 0x11, 0x88, 0x45, 0x2c, 
		0x12, 0x13, 0x1c, 0xe6, 0x92, 0xd7, 0x50, 0xe9, 0xd2, 0xf7, 0xd9, 0x6a, 0x92, 0x11, 0x48, 0x5c, 
		0x3b, 0x77, 0x79, 0x6c, 0x7e, 0x3d, 0xbf, 0xe1, 0x71, 0x9d, 0xcd, 0x95, 0x62, 0x97, 0xc1, 0xff, 
		0xf8, 0xf8, 0xcf, 0x37, 0x9f, 0xde, 0x83, 0xb5, 0x0f, 0xb0, 0xf6, 0x46, 0x8c, 0xc5, 0x6d, 0x8d, 
		0xb3, 0x76, 0xa9, 0xcb, 0xd8, 0x7f, 0x8a, 0xf1, 0xfb, 0x5b, 0xf0, 0x75, 0xfd, 0x85, 0x1a, 0xbb, 
		0x14, 0x29, 0x57, 0x2a, 0x96, 0xe3, 0x54, 0x55, 0x36, 0x4f, 0xcb, 0xb2, 0x75, 0x86, 0xb6, 0x6c, 
		0x45, 0xcc, 0xd8, 0x9a, 0x68, 0x4f, 0x37, 0x65, 0xa6, 0x55, 0x58, 0x3b, 0x95, 0xd4, 0x55, 0x19, 
		0x10, 0x63, 0x0d, 0x49, 0x34, 0x94, 0x76, 0xc3, 0x20, 0x5d, 0x9e, 0x4e, 0x64, 0x94, 0x47, 0xe8, 
		0x9a, 0xbf, 0xbd, 0xe2, 0x32, 0x4f, 0x13, 0x59, 0x1f, 0x85, 0x2a, 0x36, 0x07, 0x74, 0x83, 0xe5, 
		0xf5, 0x9f, 0xc3, 0xf2, 0xc6, 0xcf, 0x4a, 0xf4, 0xbb, 0x79, 0x91, 0xa6, 0xdc, 0x7e, 0x8d, 0x96, 
		0x73, 0xf1, 0x92, 0x51, 0xbf, 0x9b, 0xdf, 0x05, 0x3a, 0x28, 0x2f, 0x00, 0x1d, 0xee, 0x54, 0xb7, 
		0x77, 0x7b, 0xd9, 0xac, 0x81, 0x33, 0x2d, 0xae, 0xa2, 0xb0, 0x0e, 0x72, 0xca, 0x4a, 0x6b, 0x57, 
		0x3e, 0xeb, 0x3a, 0xf6, 0xe1, 0x9c, 0x9d, 0xeb, 0x6a, 0x93, 0xeb, 0x9e, 0x9d, 0xbf, 0xf5, 0xc6, 
		0x3c, 0x11, 0x13, 0xf6, 0x6b, 0x28, 0xa7, 0x52, 0x4c, 0xd8, 0xdb, 0x68, 0x3e, 0x4f, 0x43, 0x3d, 
		0x02, 0xa3, 0x98, 0xba, 0x87, 0x4a, 0x84, 0xfd, 0x9e, 0x1f, 0x85, 0xd3, 0x66, 0x19, 0x64, 0x55, 
		0x7f, 0x5c, 0x10, 0xcc, 0x37, 0xdc, 0x4f, 0xdd, 0x91, 0xb9, 0x4b, 0x2b, 0xb8, 0x55, 0x05, 0xdc, 
		0xad, 0xbd, 0x4f, 0x03, 0x25, 0x17, 0x81, 0xb8, 0xad, 0xd9, 0xfc, 0x6a, 0x45, 0x23, 0x78, 0x48, 
		0x57, 0xb3, 0xcf, 0x95, 0x03, 0xc2, 0xdd, 0xe6, 0x1e, 0xb5, 0xf7, 0xfe, 0x12, 0xd1, 0x80, 0xa1, 
		0x29, 0x7b, 0x7d, 0x21, 0x88, 0xad, 0xfa, 0x49, 0x59, 0x80, 0x34, 0xac, 0xf2, 0x32, 0x7b, 0x5e, 
		0xcd, 0xcd, 0x5f, 0xf3, 0x7a, 0xf0, 0x93, 0xdc, 0x5c, 0x9a, 0xc8, 0x59, 0xc8, 0x03, 0x19, 0xce, 
		0xdc, 0x01, 0xee, 0x54, 0xd4, 0x12, 0xe7, 0x15, 0xd5, 0x84, 0x06, 0xf8, 0x78, 0x5a, 0x49, 0x8e, 
		0x65, 0x1e, 0xdd, 0x7e, 0xff, 0x28, 0x43, 0x1e, 0xdf, 0xb1, 0x69, 0x10, 0x45, 0x31, 0xcb, 0xfd, 
		0x2b, 0x56, 0xc0, 0xa9, 0x58, 0x49, 0x34, 0x23, 0x98, 0xd7, 0x9d, 0x8e, 0xc6, 0x76, 0x3b, 0x57, 
		0x83, 0xfe, 0xc0, 0xea, 0x9b, 0x79, 0x74, 0x59, 0xad, 0x0b, 0xc1, 0xd1, 0xd6, 0x01, 0x09, 0xb3, 
		0x8a, 0xf2, 0x9a, 0xc7, 0xe6, 0xd5, 0xd4, 0x8c, 0x2b, 0x71, 0xc3, 0xef, 0xa0, 0xbd, 0x7f, 0xc0, 
		0xe8, 0x2d, 0x2a, 0x96, 0xae, 0xce, 0xe9, 0x8b, 0x0f, 0xe7, 0x60, 0x67, 0x6b, 0x76, 0x7e, 0x93, 
		0x61, 0x65, 0xf7, 0x3f, 0x2f, 0xa8, 0x31, 0xd5, 0x14, 0x83, 0xaf, 0xfb, 0xe0, 0x16, 0x50, 0xce, 
		0xb2, 0xed, 0x57, 0xc2, 0x23, 0xfd, 0x86, 0xd0, 0x48, 0x7b, 0x2b, 0x2d, 0x4f, 0x0a, 0xff, 0x96, 
		0x07, 0x01, 0x7b, 0x33, 0x99, 0xcb, 0x2c, 0x27, 0xea, 0xdb, 0x72, 0x7f, 0x86, 0xb2, 0xf6, 0xe9, 
		0xd5, 0x76, 0x60, 0x5f, 0xdc, 0xa1, 0x9f, 0xda, 0x10, 0x1b, 0xcd, 0xe7, 0x7a, 0x89, 0x19, 0xc8, 
		0x50, 0x50, 0x4d, 0xff, 0xda, 0x48, 0x6c, 0x3a, 0xae, 0xac, 0xa8, 0xf5, 0x63, 0x1b, 0x72, 0xcd, 
		0xea, 0xba, 0x58, 0x46, 0xff, 0x68, 0x20, 0x23, 0x2c, 0xc7, 0xa1, 0xd0, 0x27, 0x7a, 0x9e, 0x54, 
		0x26, 0xfe, 0x64, 0xfd, 0x11, 0x5c, 0x4e, 0x72, 0xd6, 0x8c, 0x38, 0x65, 0xe1, 0x98, 0xdb, 0xe9, 
		0xf0, 0xcd, 0x63, 0x0b, 0xda, 0x7e, 0xc9, 0x32, 0x07, 0xb2, 0x1f, 0xcd, 0xee, 0x88, 0xdd, 0xe0, 
		0x93, 0xf0, 0xa3, 0x59, 0x28, 0x2b, 0x3b, 0x41, 0x64, 0xa9, 0x8f, 0xa7, 0x73, 0x3b, 0x5c, 0xd1, 
		0x3c, 0xb6, 0xa0, 0xfe, 0x93, 0xb8, 0x16, 0x71, 0x22, 0xd8, 0x4f, 0x41, 0x74, 0xc3, 0xe6, 0x42, 
		0xf1, 0x7c, 0xf3, 0x98, 0x3a, 0xb5, 0xc9, 0x75, 0x25, 0xbb, 0xa2, 0x7e, 0x6c, 0x45, 0xed, 0xf2, 
		0x0f, 0x11, 0x5f, 0x67, 0x75, 0xe7, 0x6e, 0x78, 0x0b, 0x51, 0xaa, 0x75, 0xa3, 0x1c, 0x25, 0xe6, 
		0x2e, 0x9f, 0x2b, 0xc5, 0xb5, 0x23, 0xe7, 0x1c, 0x59, 0x46, 0x67, 0xe9, 0x5c, 0x9e, 0x34, 0x2c, 
		0x6d, 0x6f, 0x39, 0x41, 0x3a, 0x3b, 0x99, 0xf9, 0xaa, 0xa3, 0x40, 0xc7, 0xc1, 0x87, 0xa3, 0xea, 
		0xc3, 0xa9, 0x98, 0x87, 0xc9, 0x22, 0x8a, 0x55, 0x83, 0x6e, 0xda, 0x15, 0x0d, 0xda, 0x99, 0x55, 
		0x13, 0xd2, 0xcf, 0x58, 0xf9, 0xd5, 0xdc, 0xad, 0x0d, 0xab, 0xe3, 0x4f, 0x82, 0x07, 0x59, 0xc2, 
		0xa2, 0x92, 0xc0, 0x62, 0x8d, 0x7c, 0x19, 0x96, 0x8b, 0xe4, 0x65, 0x1d, 0x34, 0x77, 0xad, 0xfa, 
		0x3c, 0x9c, 0x2d, 0xb7, 0x89, 0xe1, 0xe0, 0xf3, 0x1e, 0x59, 0x88, 0x6b, 0x11, 0x4e, 0xa2, 0xd8, 
		0x3d, 0xc4, 0xb3, 0x4b, 0x49, 0x0c, 0xfe, 0xac, 0x43, 0xb5, 0x1e, 0xae, 0x73, 0x2f, 0x12, 0x56, 
		0xb6, 0x21, 0x43, 0x80, 0x89, 0x7b, 0xf5, 0x32, 0x77, 0xc7, 0xcd, 0x39, 0xb2, 0xaa, 0xc5, 0xaa, 
		0x0b, 0xdd, 0x2d, 0xd8, 0x5e, 0x4e, 0x69, 0xe1, 0x50, 0x11, 0x3c, 0x2e, 0x6d, 0x7b, 0x89, 0x5b, 
		0x45, 0x7e, 0xce, 0x86, 0x03, 0x09, 0xbb, 0x61, 0x71, 0xfd, 0xff, 0xb9, 0x1b, 0x22, 0xeb, 0xd2, 
		0xb9, 0x9b, 0x45, 0x7b, 0x6f, 0xb9, 0xa0, 0xed, 0x97, 0xeb, 0xbc, 0xc1, 0x72, 0x59, 0x34, 0x5c, 
		0xae, 0x11, 0x4e, 0x97, 0x0e, 0xf4, 0x59, 0xbe, 0xc3, 0x51, 0x49, 0xcf, 0xce, 0x7d, 0x13, 0xb3, 
		0x68, 0xb6, 0x06, 0x4e, 0x8a, 0x55, 0x73, 0x2f, 0x5f, 0x49, 0xf6, 0x8b, 0x75, 0xd7, 0xa0, 0x58, 
		0x82, 0x0c, 0x0b, 0xef, 0xfc, 0x34, 0x73, 0x59, 0x73, 0x65, 0x4b, 0x54, 0xa6, 0x70, 0x75, 0x35, 
		0x2c, 0x6b, 0x1e, 0x18, 0x61, 0x71, 0x42, 0x6e, 0x21, 0x66, 0x8b, 0x28, 0xa3, 0x26, 0x69, 0x25, 
		0xa3, 0x37, 0xb7, 0x32, 0xc9, 0x85, 0x64, 0x76, 0x13, 0x72, 0x29, 0x9d, 0xf3, 0x90, 0x27, 0x51, 
		0x28, 0xfd, 0x5c, 0x56, 0x9f, 0xa2, 0xb1, 0x88, 0x95, 0xf7, 0x63, 0x94, 0x18, 0xf8, 0x92, 0x96, 
		0xd9, 0x3f, 0x24, 0xff, 0x47, 0x0d, 0xd3, 0x63, 0x5e, 0x67, 0x38, 0x62, 0x5e, 0xa6, 0x85, 0xb3, 
		0x7c, 0x95, 0x16, 0x51, 0xe5, 0x45, 0x5a, 0x54, 0xe5, 0x6b, 0x0c, 0xb2, 0x67, 0x99, 0xe7, 0xce, 
		0x11, 0xc9, 0x72, 0x5c, 0x6c, 0x2b, 0xef, 0x8e, 0x6d, 0x9a, 0x72, 0x91, 0xaf, 0xb3, 0x5e, 0x95, 
		0x26, 0xab, 0xcc, 0x57, 0x6e, 0xb2, 0xf2, 0xb6, 0x14, 0x6d, 0xd6, 0x93, 0x8c, 0x91, 0x82, 0x4e, 
		0x7a, 0x09, 0x0f, 0x9e, 0xcb, 0x30, 0xd1, 0xea, 0x99, 0x59, 0x21, 0x5b, 0x40, 0x85, 0x5d, 0xda, 
		0x37, 0xe3, 0xb5, 0x85, 0x2b, 0xfc, 0x5e, 0x6d, 0x7e, 0x19, 0x80, 0x6b, 0x81, 0x96, 0xac, 0xdb, 
		0xa5, 0x09, 0x7a, 0xd8, 0x8f, 0x6a, 0x6a, 0xb9, 0xca, 0x20, 0x35, 0x0c, 0xda, 0xfc, 0xe7, 0x97, 
		0x21, 0x1c, 0x2b, 0x38, 0x56, 0x1b, 0x39, 0x56, 0xcd, 0x13, 0x46, 0x1b, 0x87, 0xaa, 0xb2, 0x64, 
		0x21, 0x27, 0x19, 0x4c, 0x14, 0x54, 0xa4, 0x42, 0x7a, 0xa2, 0xb0, 0x27, 0x89, 0x6d, 0xbb, 0xab, 
		0x15, 0x51, 0xd7, 0x37, 0x36, 0xac, 0xe2, 0x5a, 0x94, 0x12, 0x65, 0x5f, 0xf4, 0x49, 0x34, 0x97, 
		0x02, 0x0d, 0xd9, 0xcc, 0x5c, 0x9b, 0xb4, 0xdd, 0xba, 0xc6, 0x69, 0x7a, 0x1a, 0xc5, 0xce, 0xbe, 
		0x07, 0x75, 0x89, 0xd5, 0x67, 0x02, 0xab, 0x78, 0x95, 0x02, 0x3a, 0x63, 0xfb, 0x40, 0xec, 0xcd, 
		0x69, 0xff, 0x31, 0xf6, 0xa6, 0xc2, 0xce, 0xed, 0x79, 0xa3, 0x96, 0xba, 0xae, 0x72, 0x43, 0x57, 
		0x34, 0xd9, 0x48, 0xb1, 0x79, 0x38, 0xc1, 0xae, 0x1e, 0x9c, 0xcf, 0xd6, 0xce, 0x67, 0xbe, 0xdc, 
		0x69, 0xda, 0xb2, 0x70, 0xaa, 0x60, 0x7b, 0x6c, 0xdb, 0x33, 0xdc, 0x20, 0xdf, 0x81, 0x6b, 0x7b, 
		0x76, 0xb5, 0x2f, 0x97, 0x7b, 0x3a, 0x07, 0x79, 0x6c, 0xe5, 0x4b, 0x15, 0x57, 0x14, 0x31, 0x2f, 
		0xa8, 0x07, 0x5d, 0xe9, 0x62, 0x7b, 0x6d, 0x4f, 0x4b, 0xb3, 0x09, 0x1d, 0x43, 0x16, 0x4c, 0xad, 
		0x07, 0xf4, 0x2d, 0x4b, 0x1f, 0x66, 0x6f, 0x75, 0x9a, 0x22, 0x12, 0xc2, 0xf6, 0x04, 0xda, 0x42, 
		0x74, 0x9e, 0x25, 0xd0, 0x39, 0x40, 0x71, 0x01, 0xc5, 0x05, 0x14, 0x17, 0x50, 0x5c, 0xe2, 0xd4, 
		0x03, 0x8a, 0x0b, 0x28, 0xee, 0xbe, 0x40, 0x71, 0xc7, 0xdc, 0xff, 0x36, 0x8b, 0xa3, 0x34, 0xb4, 
		0x35, 0xd6, 0x2a, 0xac, 0x45, 0xb4, 0x96, 0x55, 0xc0, 0xe4, 0xb6, 0x73, 0x75, 0xc7, 0x69, 0xf0, 
		0xcd, 0xe6, 0xad, 0x7e, 0xac, 0x71, 0x35, 0x0d, 0xbe, 0x81, 0x9f, 0xed, 0xf8, 0x39, 0x11, 0xc9, 
		0x37, 0x15, 0xd9, 0x26, 0xa7, 0x28, 0x71, 0xb9, 0xfa, 0x2e, 0x2b, 0x07, 0x63, 0xdb, 0x31, 0xd6, 
		0xb8, 0x8b, 0xdc, 0xcf, 0x36, 0x21, 0x96, 0x8c, 0xb0, 0x4a, 0xeb, 0xe9, 0xe1, 0xcb, 0x3a, 0x30, 
		0xb9, 0x25, 0xce, 0x59, 0xf0, 0xc0, 0xb9, 0x50, 0xb5, 0x2c, 0x6a, 0x42, 0x3c, 0x17, 0x80, 0x67, 
		0xf0, 0xb6, 0x45, 0x18, 0xa9, 0x48, 0x9c, 0x93, 0xab, 0xa2, 0xa4, 0x16, 0x1b, 0x9c, 0x95, 0x83, 
		0xb1, 0x2d, 0x19, 0xab, 0x62, 0xc1, 0xe7, 0xf9, 0x6e, 0xf4, 0x72, 0xa3, 0x34, 0x2f, 0xab, 0x31, 
		0xb7, 0xa8, 0x01, 0x7b, 0x5b, 0x86, 0xce, 0xa4, 0x61, 0x28, 0xec, 0x68, 0xa8, 0xbc, 0xa0, 0xe6, 
		0x3d, 0x9a, 0x62, 0x70, 0x95, 0xfc, 0x96, 0xf1, 0x73, 0x8a, 0x85, 0x92, 0x3e, 0xb7, 0xbf, 0xe5, 
		0xf3, 0x06, 0x2f, 0x60, 0x22, 0x16, 0x22, 0x9c, 0x88, 0x50, 0x31, 0x3f, 0x9a, 0x2f, 0x52, 0x25, 
		0xc3, 0xd9, 0x65, 0xc8, 0x63, 0xff, 0x4a, 0x2a, 0xe1, 0xab, 0x34, 0x16, 0x88, 0xcf, 0x69, 0xed, 
		0x1f, 0x4c, 0x2a, 0x8b, 0xe9, 0x49, 0x53, 0x1c, 0xd4, 0x3c, 0x52, 0x82, 0xe5, 0x4e, 0x6f, 0x19, 
		0x02, 0x75, 0x19, 0x82, 0xc7, 0xf4, 0x2d, 0x03, 0x62, 0xa0, 0x10, 0x03, 0x05, 0xb4, 0xc4, 0x01, 
		0xa2, 0x25, 0x10, 0x03, 0x45, 0x1d, 0xb3, 0x8b, 0x18, 0x28, 0x12, 0x26, 0x1b, 0x31, 0x50, 0xb4, 
		0x87, 0x09, 0xa0, 0xed, 0x88, 0x81, 0x42, 0x0c, 0x14, 0x1c, 0x2b, 0x52, 0x8e, 0x15, 0x62, 0xa0, 
		0x30, 0x51, 0x1c, 0xf0, 0x44, 0x81, 0x18, 0x28, 0xc4, 0x40, 0x21, 0x06, 0x0a, 0x31, 0x50, 0x88, 
		0x81, 0x42, 0x0c, 0x14, 0x9c, 0x4f, 0xc4, 0x40, 0x91, 0xb7, 0x3d, 0x88, 0x81, 0xda, 0xaf, 0x63, 
		0xab, 0xd6, 0x17, 0x70, 0xec, 0x09, 0x80, 0x77, 0xd7, 0xbc, 0x74, 0xfd, 0xe4, 0x65, 0xd9, 0x5a, 
		0xae, 0xb2, 0xb7, 0xf4, 0x26, 0xa5, 0xc7, 0xab, 0x06, 0xd1, 0xb9, 0x94, 0x40, 0xe7, 0x10, 0xe7, 
		0x84, 0x38, 0x27, 0xc4, 0x39, 0x21, 0xce, 0x89, 0x38, 0xf5, 0x88, 0x73, 0x3a, 0x84, 0x38, 0x27, 
		0x40, 0x96, 0x00, 0x59, 0xc2, 0xe6, 0xc6, 0x01, 0x6e, 0x6e, 0x00, 0xb2, 0x44, 0xfd, 0x88, 0x0d, 
		0x90, 0x25, 0x12, 0x26, 0x1b, 0x90, 0x25, 0xda, 0xc3, 0x04, 0x27, 0xd1, 0x80, 0x2c, 0x01, 0xb2, 
		0x04, 0xc7, 0x8a, 0x94, 0x63, 0x05, 0xc8, 0x12, 0x26, 0x8a, 0x03, 0x9e, 0x28, 0x00, 0x59, 0x02, 
		0x64, 0x09, 0x90, 0x25, 0x40, 0x96, 0x00, 0x59, 0x02, 0x64, 0x09, 0xce, 0x27, 0x20, 0x4b, 0xe4, 
		0x6d, 0x0f, 0x20, 0x4b, 0xfb, 0x05, 0x59, 0x92, 0x0b, 0xcf, 0xe7, 0x73, 0x11, 0x57, 0xb2, 0x57, 
		0x94, 0x65, 0x8d, 0x99, 0xac, 0x42, 0xa1, 0x96, 0x50, 0x1b, 0xb3, 0x2e, 0x60, 0x17, 0x69, 0x7c, 
		0x2d, 0x64, 0x10, 0xf0, 0xd0, 0x20, 0x2c, 0xf2, 0xdf, 0x12, 0x52, 0x7c, 0x52, 0xd0, 0xa6, 0x92, 
		0xbf, 0xae, 0x53, 0xed, 0x54, 0x3c, 0x86, 0xfb, 0x97, 0x61, 0xc6, 0x7e, 0x92, 0x59, 0x9f, 0xbf, 
		0xbf, 0xb2, 0xed, 0x94, 0xbc, 0x79, 0x1a, 0x28, 0xb9, 0x08, 0xc4, 0xad, 0x9b, 0xcf, 0xc6, 0xa9, 
		0x70, 0x09, 0xfd, 0x58, 0x54, 0x13, 0xca, 0x67, 0x93, 0x08, 0xdb, 0x07, 0xd3, 0x4f, 0xab, 0x7b, 
		0x7d, 0x21, 0xa8, 0xa3, 0x6b, 0x76, 0x39, 0xda, 0xd3, 0xb0, 0xca, 0xcb, 0xec, 0x79, 0x35, 0x37, 
		0x7f, 0xcd, 0xeb, 0xc1, 0x4f, 0x72, 0x93, 0x65, 0x22, 0x67, 0x21, 0x0f, 0x64, 0x38, 0x73, 0x07, 
		0xb8, 0x53, 0x51, 0x4b, 0xf5, 0x56, 0x54, 0x13, 0x1a, 0xe0, 0xb1, 0x4a, 0xaa, 0x57, 0xc9, 0x37, 
		0xe0, 0xcd, 0xcc, 0x5d, 0xf2, 0x9f, 0xe5, 0x5c, 0xb0, 0x32, 0x59, 0xdd, 0x65, 0x58, 0x5a, 0xe3, 
		0x8c, 0x68, 0x43, 0x16, 0x32, 0x29, 0x91, 0x55, 0x59, 0x00, 0x78, 0x29, 0x68, 0x1f, 0x00, 0xbc, 
		0x00, 0xf0, 0x02, 0xc0, 0x0b, 0x00, 0x2f, 0xf5, 0x65, 0xf1, 0x01, 0x03, 0x78, 0x9f, 0xc7, 0x45, 
		0x05, 0x48, 0x9c, 0xfd, 0x2c, 0xdd, 0xb8, 0xe7, 0x94, 0x2a, 0x37, 0x56, 0xd5, 0x85, 0xc7, 0xba, 
		0x75, 0x47, 0xb9, 0xd8, 0x40, 0xd6, 0x56, 0xfa, 0x4a, 0x8a, 0x10, 0x08, 0x84, 0x40, 0xe0, 0xb0, 
		0xf4, 0x00, 0x0f, 0x4b, 0x11, 0x02, 0x41, 0x1d, 0xb2, 0x87, 0x10, 0x08, 0x12, 0x26, 0x1b, 0x21, 
		0x10, 0xb4, 0x87, 0x09, 0x90, 0xad, 0x08, 0x81, 0x40, 0x08, 0x04, 0x1c, 0x2b, 0x52, 0x8e, 0x15, 
		0x42, 0x20, 0x30, 0x51, 0x1c, 0xf0, 0x44, 0x81, 0x10, 0x08, 0x84, 0x40, 0x20, 0x04, 0x02, 0x21, 
		0x10, 0x08, 0x81, 0x40, 0x08, 0x04, 0x9c, 0x4f, 0x84, 0x40, 0x90, 0xb7, 0x3d, 0x08, 0x81, 0xd8, 
		0xaf, 0x63, 0xab, 0x7f, 0xf1, 0xf1, 0x58, 0xd8, 0xe7, 0x41, 0x79, 0x81, 0xab, 0xd5, 0xff, 0xdb, 
		0x14, 0xef, 0x0b, 0xa6, 0x61, 0xf7, 0x1c, 0x75, 0xfd, 0x65, 0xbb, 0xf4, 0x01, 0xde, 0x92, 0x8c, 
		0x5e, 0xf8, 0xa3, 0x7a, 0x42, 0x74, 0x7a, 0x25, 0xd0, 0x39, 0xe0, 0x40, 0x81, 0x03, 0x05, 0x0e, 
		0x14, 0x38, 0x50, 0xe2, 0xd4, 0x03, 0x07, 0x7a, 0x08, 0x38, 0x50, 0xa0, 0x98, 0x80, 0x62, 0xc2, 
		0x7e, 0xc7, 0x01, 0xee, 0x77, 0x00, 0xc5, 0x44, 0xfd, 0xd4, 0x0d, 0x28, 0x26, 0x12, 0x26, 0x1b, 
		0x28, 0x26, 0xda, 0xc3, 0x04, 0x87, 0xd3, 0x40, 0x31, 0x01, 0xc5, 0x04, 0xc7, 0x8a, 0x94, 0x63, 
		0x05, 0x14, 0x13, 0x26, 0x8a, 0x03, 0x9e, 0x28, 0x80, 0x62, 0x02, 0x8a, 0x09, 0x28, 0x26, 0xa0, 
		0x98, 0x80, 0x62, 0x02, 0x8a, 0x09, 0xce, 0x27, 0x50, 0x4c, 0xe4, 0x6d, 0x0f, 0x50, 0x4c, 0xfb, 
		0x85, 0x62, 0x7a, 0x4c, 0x56, 0x05, 0x5a, 0x3a, 0x4d, 0x0a, 0xc2, 0x14, 0xab, 0x85, 0xeb, 0x29, 
		0x97, 0x45, 0x2d, 0xd2, 0x55, 0x50, 0xc4, 0x2f, 0xfd, 0x21, 0x0d, 0x21, 0x3a, 0xab, 0x12, 0xe8, 
		0x1c, 0xc0, 0x4b, 0x00, 0x2f, 0x01, 0xbc, 0x04, 0xf0, 0x12, 0x71, 0xea, 0x01, 0x5e, 0x02, 0x78, 
		0x09, 0xe0, 0x25, 0x80, 0x97, 0xb0, 0xcd, 0xf1, 0x2c, 0xb7, 0x39, 0x00, 0x5e, 0xa2, 0x7e, 0xd8, 
		0x06, 0xf0, 0x12, 0x09, 0x93, 0x0d, 0xf0, 0x12, 0xed, 0x61, 0x82, 0x33, 0x69, 0x80, 0x97, 0x00, 
		0x5e, 0x82, 0x63, 0x45, 0xca, 0xb1, 0x02, 0x78, 0x09, 0x13, 0xc5, 0x01, 0x4f, 0x14, 0x00, 0x2f, 
		0x01, 0xbc, 0x04, 0xf0, 0x12, 0xc0, 0x4b, 0x00, 0x2f, 0x01, 0xbc, 0x04, 0xe7, 0x13, 0xe0, 0x25, 
		0xf2, 0xb6, 0x07, 0xe0, 0xa5, 0x7d, 0x03, 0x2f, 0x3d, 0xea, 0x32, 0xca, 0x7d, 0x39, 0x9a, 0xdb, 
		0x35, 0x6b, 0xeb, 0x48, 0xa6, 0xe4, 0x41, 0x28, 0x53, 0x9d, 0xc9, 0x44, 0x41, 0x4d, 0x4f, 0xa4, 
		0x39, 0x44, 0x67, 0x5e, 0x02, 0x9d, 0x03, 0xc0, 0x09, 0x00, 0x27, 0x00, 0x9c, 0x00, 0x70, 0x22, 
		0x4e, 0x3d, 0x00, 0x4e, 0x00, 0x38, 0x01, 0xe0, 0x04, 0x80, 0x13, 0xb6, 0x42, 0x9e, 0xe5, 0x56, 
		0x08, 0x00, 0x4e, 0xd4, 0x0f, 0xe4, 0x00, 0x70, 0x22, 0x61, 0xb2, 0x01, 0x70, 0xa2, 0x3d, 0x4c, 
		0x70, 0x6e, 0x0d, 0x80, 0x13, 0x00, 0x4e, 0x70, 0xac, 0x48, 0x39, 0x56, 0x00, 0x38, 0x61, 0xa2, 
		0x38, 0xe0, 0x89, 0x02, 0x00, 0x27, 0x00, 0x9c, 0x00, 0x70, 0x02, 0xc0, 0x09, 0x00, 0x27, 0x00, 
		0x9c, 0xe0, 0x7c, 0x02, 0xe0, 0x44, 0xde, 0xf6, 0x00, 0xe0, 0xb4, 0x5f, 0x00, 0xa7, 0x44, 0xda, 
		0xa7, 0x75, 0xfa, 0xc9, 0xd5, 0xe7, 0x0b, 0x91, 0x21, 0x25, 0x3e, 0x84, 0x52, 0xc9, 0xbd, 0x3a, 
		0x97, 0xdb, 0x31, 0x5f, 0x5d, 0x97, 0xb9, 0x2c, 0xda, 0x80, 0xc3, 0x24, 0xa1, 0x4d, 0x4f, 0xa3, 
		0x33, 0x44, 0x27, 0x5c, 0x02, 0x9d, 0x03, 0xae, 0x09, 0xb8, 0x26, 0xe0, 0x9a, 0x80, 0x6b, 0x22, 
		0x4e, 0x3d, 0x70, 0x4d, 0xc0, 0x35, 0x01, 0xd7, 0x04, 0x5c, 0x13, 0x76, 0x40, 0x9e, 0xe5, 0x0e, 
		0x08, 0x70, 0x4d, 0xd4, 0xcf, 0xe1, 0x80, 0x6b, 0x22, 0x61, 0xb2, 0x81, 0x6b, 0xa2, 0x3d, 0x4c, 
		0x70, 0x5c, 0x0d, 0x5c, 0x13, 0x70, 0x4d, 0x70, 0xac, 0x48, 0x39, 0x56, 0xc0, 0x35, 0x61, 0xa2, 
		0x38, 0xe0, 0x89, 0x02, 0xb8, 0x26, 0xe0, 0x9a, 0x80, 0x6b, 0x02, 0xae, 0x09, 0xb8, 0x26, 0xe0, 
		0x9a, 0xe0, 0x7c, 0x02, 0xd7, 0x44, 0xde, 0xf6, 0x00, 0xd7, 0xb4, 0x67, 0xb8, 0xa6, 0x34, 0xbe, 
		0x16, 0x32, 0x08, 0x78, 0xe8, 0x0b, 0x6f, 0x22, 0xb5, 0x82, 0x8c, 0x53, 0x55, 0xf5, 0x90, 0x56, 
		0xb7, 0xa9, 0xe1, 0x59, 0xac, 0x96, 0xec, 0x5d, 0xb5, 0x25, 0xa1, 0x61, 0x40, 0x0b, 0x01, 0xb5, 
		0x8a, 0xbb, 0x35, 0x5c, 0xd4, 0xfa, 0x86, 0xad, 0x65, 0x41, 0x13, 0x2b, 0xb5, 0x65, 0x3d, 0xdc, 
		0x29, 0xb1, 0xf3, 0x34, 0x50, 0x72, 0x11, 0x88, 0x5b, 0x4f, 0x55, 0x15, 0xd3, 0xa9, 0x70, 0xc9, 
		0xfa, 0x58, 0x54, 0xb3, 0xcf, 0x59, 0x35, 0x01, 0x5a, 0x12, 0x61, 0x3b, 0x6b, 0xfa, 0x69, 0x75, 
		0xaf, 0x2f, 0x04, 0x75, 0x18, 0xce, 0x2e, 0x0d, 0x41, 0x1a, 0x56, 0x79, 0x99, 0x3d, 0xaf, 0xe6, 
		0xe6, 0xaf, 0x79, 0x3d, 0xf8, 0x49, 0x6f, 0x56, 0x95, 0xb3, 0x90, 0x07, 0x32, 0x9c, 0xb9, 0x03, 
		0xdc, 0xa9, 0xa8, 0xd9, 0xad, 0xa2, 0x9a, 0xd0, 0x00, 0xff, 0xa3, 0x09, 0xfa, 0x58, 0x46, 0xb3, 
		0xa1, 0x4a, 0xd9, 0x54, 0x41, 0x63, 0x29, 0x69, 0x2c, 0x80, 0xbe, 0x14, 0xb4, 0x0f, 0x40, 0x5f, 
		0x00, 0x7d, 0x01, 0xf4, 0x05, 0xd0, 0x17, 0x40, 0x5f, 0x92, 0x54, 0xeb, 0x46, 0x2a, 0xe6, 0xd3, 
		0xa9, 0xf4, 0x5d, 0xcf, 0xae, 0x52, 0xec, 0xf2, 0xe1, 0x73, 0x56, 0x49, 0xc9, 0xab, 0x13, 0x3c, 
		0x50, 0xb2, 0xb2, 0xb3, 0x59, 0x16, 0x35, 0x79, 0x77, 0xba, 0x82, 0xe5, 0x34, 0xc2, 0x8d, 0x7b, 
		0xc0, 0x97, 0x2a, 0x7c, 0xe0, 0xea, 0xce, 0x6b, 0x5e, 0x56, 0xf3, 0xf9, 0x4b, 0x8f, 0x19, 0xec, 
		0xa5, 0xee, 0x25, 0xab, 0x98, 0x87, 0xc9, 0x22, 0x8a, 0x55, 0xc3, 0xe8, 0xb7, 0x2b, 0x1a, 0xc6, 
		0x7f, 0x56, 0x4d, 0xc9, 0x02, 0xa8, 0xea, 0xb2, 0x6e, 0xdd, 0xaa, 0xae, 0x5c, 0xcb, 0x95, 0x74, 
		0x42, 0x49, 0xc9, 0x2a, 0x29, 0x22, 0x51, 0x10, 0x89, 0x82, 0x33, 0xeb, 0x03, 0x3c, 0xb3, 0x46, 
		0x24, 0x0a, 0x75, 0xe4, 0x24, 0x22, 0x51, 0x48, 0x98, 0x6c, 0x44, 0xa2, 0xd0, 0x1e, 0x26, 0x00, 
		0x18, 0x23, 0x12, 0x05, 0x91, 0x28, 0x70, 0xac, 0x48, 0x39, 0x56, 0x88, 0x44, 0xc1, 0x44, 0x71, 
		0xc0, 0x13, 0x05, 0x22, 0x51, 0x10, 0x89, 0x82, 0x48, 0x14, 0x44, 0xa2, 0x20, 0x12, 0x05, 0x91, 
		0x28, 0x70, 0x3e, 0x11, 0x89, 0x42, 0xde, 0xf6, 0x20, 0x12, 0x65, 0xbf, 0x8e, 0xad, 0x94, 0x08, 
		0xc4, 0x22, 0x16, 0x89, 0x08, 0x7d, 0xa1, 0x9d, 0x39, 0x83, 0xd6, 0xb3, 0x4e, 0x58, 0x9b, 0xaa, 
		0x6b, 0xe7, 0xac, 0x0d, 0x8d, 0x58, 0x76, 0xf4, 0x4e, 0x4b, 0xfd, 0x09, 0x9d, 0x55, 0x36, 0x73, 
		0xde, 0xf5, 0xb2, 0x57, 0xb7, 0xd9, 0x40, 0x06, 0x24, 0x23, 0x4f, 0xb6, 0xa5, 0x77, 0x3b, 0x4e, 
		0x45, 0xfc, 0x7c, 0x00, 0xe9, 0xe3, 0xa9, 0x6f, 0x23, 0x17, 0xcc, 0xa3, 0xdb, 0xef, 0x1f, 0x65, 
		0xc8, 0xe3, 0x3b, 0x36, 0x0d, 0xa2, 0x28, 0x66, 0x85, 0x40, 0x16, 0x55, 0x44, 0x3a, 0x00, 0xe9, 
		0x0f, 0x5a, 0x06, 0xbf, 0xc2, 0x69, 0xbf, 0x81, 0xd1, 0xbe, 0xbf, 0x00, 0x3b, 0x5b, 0xb3, 0xd3, 
		0x38, 0x26, 0x16, 0xb6, 0x3b, 0xad, 0x8f, 0xb8, 0xb7, 0x41, 0x2a, 0xc0, 0xd1, 0xb6, 0x1c, 0xbd, 
		0x1a, 0xf4, 0x07, 0x56, 0xdf, 0xcc, 0xa3, 0xcb, 0x51, 0x5d, 0x08, 0x8e, 0xb6, 0xe5, 0xe8, 0x3c, 
		0xf1, 0xab, 0xe8, 0xf4, 0x86, 0x41, 0x6f, 0x62, 0xd0, 0x7c, 0x9e, 0x28, 0x76, 0x71, 0x15, 0xc5, 
		0xca, 0x4f, 0xd5, 0x65, 0x98, 0xc7, 0x57, 0xb8, 0x61, 0x3f, 0xe0, 0xf8, 0x53, 0x5c, 0x2d, 0xf1, 
		0xe1, 0x1c, 0xec, 0x6c, 0xcb, 0xce, 0xdb, 0xea, 0xa4, 0x75, 0xdb, 0x34, 0x6b, 0xbd, 0xbf, 0x55, 
		0x22, 0x9c, 0x88, 0x09, 0xf3, 0x79, 0x10, 0xd8, 0xfe, 0xc1, 0xb5, 0x9c, 0x88, 0xf8, 0x32, 0x04, 
		0xb3, 0xe9, 0xaf, 0x17, 0x11, 0xb1, 0x46, 0x42, 0xfb, 0x10, 0xb1, 0x86, 0x88, 0x35, 0x44, 0xac, 
		0x21, 0x62, 0x0d, 0x11, 0x6b, 0x24, 0xa9, 0x46, 0x40, 0x00, 0x02, 0x02, 0x70, 0x74, 0x78, 0xa0, 
		0x47, 0x87, 0x08, 0x08, 0xa0, 0x0e, 0x60, 0x43, 0x40, 0x00, 0x09, 0x93, 0x8d, 0x80, 0x00, 0xda, 
		0xc3, 0x04, 0x38, 0x4f, 0x04, 0x04, 0x20, 0x20, 0x00, 0x8e, 0x15, 0x29, 0xc7, 0x0a, 0x01, 0x01, 
		0x98, 0x28, 0x0e, 0x78, 0xa2, 0x40, 0x40, 0x00, 0x02, 0x02, 0x10, 0x10, 0x80, 0x80, 0x00, 0x04, 
		0x04, 0x20, 0x20, 0x00, 0xce, 0x27, 0x02, 0x02, 0xc8, 0xdb, 0x1e, 0x04, 0x04, 0xec, 0x17, 0xc0, 
		0xa3, 0x82, 0xbc, 0x36, 0x27, 0x8c, 0x2b, 0x50, 0xd9, 0xf9, 0xe9, 0xe3, 0x1a, 0x48, 0xb6, 0x6e, 
		0x81, 0x38, 0x80, 0x8d, 0x19, 0xbe, 0x36, 0x08, 0x60, 0xd9, 0xa0, 0x2d, 0xeb, 0xe9, 0xc3, 0xff, 
		0x9f, 0x5e, 0xcb, 0x88, 0xce, 0xdd, 0x04, 0x3a, 0x07, 0x88, 0x14, 0x20, 0x52, 0x80, 0x48, 0x01, 
		0x22, 0x45, 0x9c, 0x7a, 0x40, 0xa4, 0x00, 0x91, 0x02, 0x44, 0x0a, 0x10, 0x29, 0x6c, 0xa6, 0x3c, 
		0xcb, 0xcd, 0x14, 0x40, 0xa4, 0xa8, 0x1f, 0xe9, 0x01, 0x22, 0x45, 0xc2, 0x64, 0x03, 0x22, 0x45, 
		0x7b, 0x98, 0xe0, 0xe4, 0x1b, 0x10, 0x29, 0x40, 0xa4, 0xe0, 0x58, 0x91, 0x72, 0xac, 0x00, 0x91, 
		0xc2, 0x44, 0x71, 0xc0, 0x13, 0x05, 0x20, 0x52, 0x80, 0x48, 0x01, 0x22, 0x05, 0x88, 0x14, 0x20, 
		0x52, 0x80, 0x48, 0xc1, 0xf9, 0x04, 0x44, 0x8a, 0xbc, 0xed, 0x01, 0x44, 0x6a, 0x8f, 0x21, 0x52, 
		0x73, 0x31, 0x91, 0x2b, 0xd1, 0x2b, 0x59, 0xe5, 0x5a, 0xf8, 0x8a, 0x69, 0x02, 0x94, 0xd4, 0xe6, 
		0x3c, 0x5f, 0x0b, 0x93, 0xb2, 0x5a, 0xb4, 0xe6, 0x3e, 0x7d, 0xa0, 0xd4, 0x77, 0xd1, 0xb5, 0x9d, 
		0x92, 0x37, 0x4f, 0x03, 0x25, 0x17, 0x81, 0xb8, 0x75, 0x33, 0xa4, 0x3a, 0x15, 0x8d, 0xb9, 0xf0, 
		0x74, 0x35, 0xa1, 0x0c, 0xa9, 0x89, 0xb0, 0x5d, 0x30, 0xfd, 0xb4, 0xba, 0xd7, 0x17, 0x82, 0x3a, 
		0xb8, 0x66, 0x97, 0x83, 0x3d, 0x0d, 0xab, 0xbc, 0xcc, 0x9e, 0x57, 0x73, 0xf3, 0xd7, 0xbc, 0x1e, 
		0xfc, 0x24, 0x37, 0x57, 0x02, 0x0c, 0x49, 0x42, 0xfb, 0x00, 0x86, 0x04, 0x18, 0x12, 0x60, 0x48, 
		0x80, 0x21, 0x01, 0x86, 0x24, 0x49, 0xb5, 0x59, 0xe1, 0xc4, 0x7c, 0x3a, 0x95, 0xbe, 0xeb, 0x08, 
		0x57, 0x8a, 0x6b, 0xde, 0x7d, 0x56, 0x49, 0xc8, 0x09, 0xae, 0x5f, 0xe5, 0xb0, 0xea, 0xf6, 0x86, 
		0x22, 0x75, 0x75, 0x4e, 0x20, 0x72, 0xfe, 0x92, 0xf5, 0xe1, 0x54, 0xcc, 0xc3, 0x64, 0x11, 0xc5, 
		0xaa, 0x41, 0x37, 0xed, 0x8a, 0x06, 0xed, 0xcc, 0xaa, 0x09, 0xe9, 0x67, 0xac, 0x2a, 0x79, 0xaa, 
		0xcd, 0xa3, 0xdb, 0xef, 0x4f, 0x82, 0x07, 0xec, 0xb3, 0x9c, 0x0b, 0x56, 0x12, 0x58, 0xb8, 0x79, 
		0x97, 0x61, 0x99, 0x69, 0x7d, 0x59, 0x07, 0xcd, 0x5d, 0xab, 0x3e, 0xb1, 0xaa, 0x72, 0x7c, 0x1d, 
		0xc3, 0xc1, 0xdd, 0x3d, 0xb2, 0x0b, 0x80, 0xef, 0x03, 0xbe, 0x8f, 0x83, 0xbe, 0x03, 0x3c, 0xe8, 
		0x03, 0x7c, 0x9f, 0x3a, 0xdc, 0x0c, 0xf0, 0x7d, 0x12, 0x26, 0x1b, 0xf0, 0x7d, 0xda, 0xc3, 0x04, 
		0xa8, 0x4c, 0xc0, 0xf7, 0x01, 0xdf, 0x87, 0x63, 0x45, 0xca, 0xb1, 0x02, 0x7c, 0x1f, 0x13, 0xc5, 
		0x01, 0x4f, 0x14, 0x80, 0xef, 0x03, 0xbe, 0x0f, 0xf8, 0x3e, 0xe0, 0xfb, 0x80, 0xef, 0x03, 0xbe, 
		0x0f, 0xe7, 0x13, 0xf0, 0x7d, 0xf2, 0xb6, 0x07, 0xf0, 0xfd, 0x3d, 0x3b, 0xb6, 0x9a, 0xdf, 0xf0, 
		0x58, 0x78, 0xd7, 0x52, 0xdc, 0xd8, 0x4a, 0x6e, 0x95, 0xba, 0xfa, 0x9d, 0xd5, 0xb1, 0xbc, 0x8e, 
		0x90, 0x72, 0x13, 0x3a, 0x89, 0xac, 0xf0, 0xb5, 0xe6, 0x3a, 0xbb, 0x55, 0x6b, 0x38, 0x4c, 0x12, 
		0x86, 0xff, 0x34, 0x3a, 0x43, 0x74, 0xc2, 0x25, 0xd0, 0x39, 0x20, 0x71, 0x81, 0xc4, 0x05, 0x12, 
		0x17, 0x48, 0x5c, 0xe2, 0xd4, 0x03, 0x89, 0x0b, 0x24, 0xee, 0xbe, 0x20, 0x71, 0x27, 0x22, 0xf9, 
		0xa6, 0x22, 0x5b, 0x80, 0x45, 0x89, 0xdb, 0xf7, 0x77, 0x59, 0x39, 0x90, 0xb8, 0xed, 0xfc, 0xdc, 
		0x9c, 0x8d, 0xde, 0x54, 0x88, 0xc9, 0x98, 0xfb, 0xdf, 0xea, 0x1c, 0x5e, 0x56, 0xad, 0x60, 0x75, 
		0xd9, 0x00, 0x3c, 0x6f, 0x19, 0x46, 0x26, 0x12, 0x67, 0x0f, 0xbb, 0x28, 0x71, 0x39, 0x7c, 0x91, 
		0x95, 0x83, 0xb1, 0x2d, 0x19, 0x6b, 0x82, 0x81, 0xf3, 0x7d, 0xa9, 0xe5, 0x96, 0x49, 0x5e, 0x56, 
		0x63, 0x6e, 0x51, 0x03, 0xf6, 0xb6, 0x84, 0xce, 0xa7, 0x61, 0x28, 0xec, 0x68, 0x88, 0xbc, 0xa0, 
		0x36, 0x7d, 0x98, 0x62, 0x70, 0xb5, 0x1d, 0x57, 0xd3, 0x64, 0xec, 0xc5, 0x62, 0x22, 0x63, 0xe1, 
		0xab, 0xaa, 0x55, 0x70, 0x6b, 0x5c, 0x3e, 0xff, 0x5a, 0xad, 0x07, 0xc3, 0xc9, 0xef, 0xd6, 0x3d, 
		0xa7, 0xe0, 0x93, 0x85, 0x1f, 0x49, 0xdb, 0x21, 0xcb, 0x9e, 0xdd, 0x9e, 0xb3, 0x73, 0x9f, 0x45, 
		0xd7, 0x22, 0x66, 0x72, 0x81, 0x30, 0x88, 0xd6, 0x41, 0x26, 0x93, 0xca, 0x52, 0x65, 0xd2, 0x14, 
		0x64, 0x32, 0x8f, 0x94, 0x60, 0xb9, 0x07, 0x86, 0x40, 0x9e, 0xbd, 0xb2, 0x02, 0x08, 0x35, 0x41, 
		0xa8, 0x09, 0x0e, 0xa5, 0x0f, 0xf0, 0x50, 0x1a, 0xa1, 0x26, 0xd4, 0xa1, 0x91, 0x08, 0x35, 0x21, 
		0x61, 0xb2, 0x11, 0x6a, 0x42, 0x7b, 0x98, 0x00, 0x41, 0x8c, 0x50, 0x13, 0x84, 0x9a, 0xc0, 0xb1, 
		0x22, 0xe5, 0x58, 0x21, 0xd4, 0x04, 0x13, 0xc5, 0x01, 0x4f, 0x14, 0x08, 0x35, 0x41, 0xa8, 0x09, 
		0x42, 0x4d, 0x10, 0x6a, 0x82, 0x50, 0x13, 0x84, 0x9a, 0xc0, 0xf9, 0x44, 0xa8, 0x09, 0x79, 0xdb, 
		0x83, 0x50, 0x93, 0xfd, 0x3a, 0xb6, 0xba, 0x11, 0x63, 0x71, 0xeb, 0xcd, 0x85, 0x50, 0x55, 0x84, 
		0x4d, 0xb5, 0xdc, 0xd5, 0xf1, 0x7f, 0xda, 0xb5, 0xb8, 0x1a, 0x62, 0x23, 0x26, 0xbb, 0x9e, 0x74, 
		0x43, 0xa5, 0xcb, 0xee, 0x9b, 0x06, 0x76, 0x93, 0x0c, 0x42, 0x79, 0x9c, 0x36, 0x35, 0x91, 0x47, 
		0x83, 0x1e, 0x44, 0xa4, 0x90, 0x18, 0xbb, 0x88, 0x48, 0x41, 0x44, 0x0a, 0x22, 0x52, 0x10, 0x91, 
		0x82, 0x88, 0x14, 0x92, 0x54, 0x3f, 0x9f, 0x88, 0x14, 0xe4, 0x86, 0xff, 0x5e, 0x20, 0xfe, 0x2b, 
		0x1e, 0x3b, 0x10, 0xfe, 0xbc, 0xa4, 0x06, 0xe0, 0xcf, 0xca, 0xc1, 0x58, 0x44, 0x47, 0xec, 0x9c, 
		0xbd, 0x80, 0x95, 0x3f, 0x91, 0x5d, 0xbd, 0x52, 0x95, 0x0c, 0xfb, 0xe6, 0xd1, 0xed, 0xf7, 0x7f, 
		0xdd, 0x2d, 0x44, 0xcc, 0x94, 0xb8, 0x55, 0x4b, 0xbc, 0xf3, 0x65, 0xb8, 0x00, 0x06, 0x7a, 0x7f, 
		0x54, 0x16, 0x18, 0x68, 0x60, 0xa0, 0x71, 0x5a, 0x72, 0x80, 0xa7, 0x25, 0xc0, 0x40, 0x53, 0xc7, 
		0xec, 0x00, 0x03, 0x4d, 0xc2, 0x64, 0x03, 0x03, 0x4d, 0x7b, 0x98, 0x00, 0xda, 0x06, 0x0c, 0x34, 
		0x30, 0xd0, 0x70, 0xac, 0x48, 0x39, 0x56, 0xc0, 0x40, 0x63, 0xa2, 0x38, 0xe0, 0x89, 0x02, 0x18, 
		0x68, 0x60, 0xa0, 0x81, 0x81, 0x06, 0x06, 0x1a, 0x18, 0x68, 0x60, 0xa0, 0xe1, 0x7c, 0x02, 0x03, 
		0x4d, 0xde, 0xf6, 0x00, 0x03, 0xbd, 0x5f, 0xc7, 0x56, 0x37, 0x77, 0xff, 0x16, 0xde, 0xbf, 0x45, 
		0x1c, 0x79, 0x7e, 0x20, 0x45, 0x68, 0x1b, 0xde, 0x5a, 0x95, 0xab, 0xe9, 0xff, 0x47, 0xc4, 0x11, 
		0x2b, 0xeb, 0x08, 0xa9, 0x39, 0xa1, 0x33, 0xc9, 0x3a, 0x87, 0x6b, 0x18, 0xe8, 0xc6, 0xfa, 0x35, 
		0xbc, 0xa6, 0x89, 0x7e, 0x7e, 0x62, 0x3d, 0x22, 0x3a, 0x1d, 0x13, 0xe8, 0x1c, 0xa0, 0xcf, 0x80, 
		0x3e, 0x03, 0xfa, 0x0c, 0xe8, 0x33, 0x71, 0xea, 0x01, 0x7d, 0x06, 0xf4, 0x79, 0x5f, 0xa0, 0xcf, 
		0x00, 0x92, 0x3e, 0xd7, 0xe5, 0x0d, 0x50, 0x79, 0x40, 0xe5, 0x61, 0xff, 0xee, 0x00, 0xf7, 0xef, 
		0x80, 0xca, 0xa3, 0x7e, 0x8a, 0x0c, 0x54, 0x1e, 0x09, 0x93, 0x0d, 0x54, 0x1e, 0xed, 0x61, 0x02, 
		0xb0, 0x05, 0x50, 0x79, 0x40, 0xe5, 0xc1, 0xb1, 0x22, 0xe5, 0x58, 0x01, 0x95, 0x87, 0x89, 0xe2, 
		0x80, 0x27, 0x0a, 0xa0, 0xf2, 0x80, 0xca, 0x03, 0x2a, 0x0f, 0xa8, 0x3c, 0xa0, 0xf2, 0x80, 0xca, 
		0x83, 0xf3, 0x09, 0x54, 0x1e, 0x79, 0xdb, 0x03, 0x54, 0xde, 0x7e, 0x1d, 0x5b, 0xdd, 0xce, 0x17, 
		0x8b, 0x3a, 0x90, 0xca, 0x2e, 0x75, 0xf5, 0xfb, 0xfd, 0xad, 0x12, 0x61, 0x22, 0xc7, 0x81, 0x60, 
		0x1f, 0x45, 0x92, 0xf0, 0x99, 0x0c, 0x67, 0xc6, 0xbc, 0x9e, 0xc7, 0x22, 0x11, 0xa1, 0x2f, 0xf6, 
		0xe5, 0x58, 0x99, 0x08, 0xdb, 0x5d, 0xcf, 0xba, 0x56, 0xf5, 0x78, 0x01, 0x5c, 0x86, 0x14, 0x01, 
		0x7c, 0x5b, 0x51, 0x39, 0xa2, 0xd3, 0x39, 0x81, 0xce, 0x01, 0xd5, 0x07, 0x54, 0x1f, 0x50, 0x7d, 
		0x40, 0xf5, 0x11, 0xa7, 0x1e, 0xa8, 0xbe, 0x43, 0x40, 0xf5, 0x01, 0x35, 0x05, 0xd4, 0x14, 0xf6, 
		0x57, 0x0e, 0x70, 0x7f, 0x05, 0xa8, 0x29, 0xea, 0xa7, 0x7c, 0x40, 0x4d, 0x91, 0x30, 0xd9, 0x40, 
		0x4d, 0xd1, 0x1e, 0x26, 0x38, 0x0c, 0x07, 0x6a, 0x0a, 0xa8, 0x29, 0x38, 0x56, 0xa4, 0x1c, 0x2b, 
		0xa0, 0xa6, 0x30, 0x51, 0x1c, 0xf0, 0x44, 0x01, 0xd4, 0x14, 0x50, 0x53, 0x40, 0x4d, 0x01, 0x35, 
		0x05, 0xd4, 0x14, 0x50, 0x53, 0x70, 0x3e, 0x81, 0x9a, 0x22, 0x6f, 0x7b, 0x80, 0x9a, 0xda, 0x27, 
		0xd4, 0xd4, 0x4e, 0x91, 0x43, 0x7e, 0xc0, 0x93, 0xc4, 0x9b, 0x73, 0xfb, 0xb8, 0x70, 0x59, 0x56, 
		0xbb, 0x40, 0x4f, 0xd7, 0xb0, 0xac, 0x86, 0xd0, 0x88, 0x0a, 0x04, 0x9f, 0xc6, 0xc2, 0x3a, 0xdc, 
		0x7b, 0xa9, 0x57, 0x53, 0x7a, 0x40, 0x75, 0x7e, 0x90, 0x51, 0x32, 0x0a, 0x8d, 0xda, 0x9b, 0x3f, 
		0xb3, 0x97, 0xfc, 0xb0, 0x7c, 0xdf, 0xa8, 0xa4, 0xd6, 0x2e, 0x34, 0x46, 0xe5, 0x7e, 0x7b, 0x53, 
		0xb0, 0x1f, 0x25, 0xb6, 0x00, 0xa2, 0xa4, 0xc6, 0xfa, 0x0f, 0xef, 0xdf, 0xbf, 0x67, 0xaf, 0x4e, 
		0xfa, 0x2f, 0x7a, 0xff, 0xf3, 0xc3, 0x87, 0x8b, 0x9f, 0x99, 0xe9, 0x36, 0x8b, 0xa6, 0x2c, 0x11, 
		0xf1, 0xb5, 0xf4, 0xc5, 0x0f, 0x69, 0x22, 0x62, 0xb6, 0x88, 0x65, 0x14, 0x4b, 0x75, 0xc7, 0xae, 
		0xb5, 0x25, 0x48, 0x68, 0x89, 0x29, 0x95, 0xa1, 0x7a, 0x55, 0x76, 0xe9, 0xb4, 0xdb, 0xf9, 0xc4, 
		0xc3, 0x99, 0x68, 0xb0, 0x7a, 0xed, 0xcc, 0x97, 0x6b, 0xf5, 0x5e, 0xb6, 0x35, 0x7a, 0x5b, 0x14, 
		0x6b, 0x1a, 0xc7, 0x22, 0x54, 0xde, 0x5c, 0xa8, 0xab, 0x68, 0xe2, 0x15, 0xd2, 0xb1, 0x45, 0xbd, 
		0xa2, 0x85, 0x2b, 0xfe, 0x39, 0x57, 0xfe, 0x15, 0x53, 0x57, 0x62, 0x29, 0x62, 0x3e, 0xe3, 0x32, 
		0x4c, 0x94, 0x29, 0xcc, 0x5f, 0xc3, 0xb2, 0xd7, 0xfc, 0x39, 0x61, 0xd6, 0x8b, 0x08, 0xb8, 0x56, 
		0xe2, 0x37, 0xeb, 0x53, 0xe2, 0xb7, 0x1a, 0x75, 0xe2, 0xb7, 0x94, 0x07, 0x4c, 0x45, 0x5d, 0xf6, 
		0xf7, 0x1f, 0x2f, 0xfe, 0xfe, 0xf3, 0xfb, 0xcf, 0xef, 0xf7, 0x54, 0x73, 0x1f, 0xb9, 0x37, 0x71, 
		0x3a, 0x6c, 0xaf, 0xbb, 0xbb, 0x9b, 0x2b, 0x8c, 0x94, 0x2a, 0x82, 0xd4, 0xcf, 0xab, 0x64, 0x09, 
		0x09, 0xee, 0xda, 0xfa, 0xcc, 0x62, 0xc1, 0x95, 0x88, 0x3d, 0x75, 0xc5, 0xed, 0xbd, 0x96, 0x4a, 
		0xb1, 0x2b, 0xbd, 0xbc, 0x92, 0xe5, 0x95, 0x90, 0xe0, 0x6e, 0x25, 0x68, 0xaf, 0xc1, 0x67, 0xf5, 
		0xd5, 0xb6, 0x2d, 0x2d, 0xd8, 0x4e, 0xca, 0xb6, 0x33, 0x10, 0x49, 0xe2, 0x0e, 0xc4, 0x65, 0x99, 
		0x2b, 0x57, 0x5d, 0x83, 0x21, 0x48, 0x62, 0x08, 0x06, 0xf6, 0x10, 0x0c, 0xea, 0x43, 0xb0, 0x14, 
		0x15, 0xc6, 0x1f, 0xdd, 0xf1, 0xa7, 0xd9, 0x32, 0x11, 0x89, 0x92, 0xa1, 0xd9, 0x15, 0xf3, 0xf8, 
		0x64, 0x12, 0x8b, 0xc4, 0x5e, 0x72, 0x35, 0xd5, 0xba, 0xa2, 0x7e, 0xb7, 0x6c, 0xc3, 0x96, 0x6d, 
		0x08, 0xb8, 0xd7, 0xf3, 0x4a, 0x0c, 0xc6, 0xbc, 0x21, 0x06, 0xe3, 0xe3, 0x9b, 0xb7, 0xb5, 0x2e, 
		0x93, 0xd0, 0xce, 0x39, 0xf7, 0xbd, 0x1a, 0x2f, 0x5f, 0x99, 0xe5, 0xbb, 0x12, 0x71, 0xd8, 0x19, 
		0x7d, 0xe9, 0x7c, 0x39, 0xf1, 0x5e, 0x73, 0x6f, 0xfa, 0xc6, 0xfb, 0xe9, 0xeb, 0xef, 0xfd, 0xfb, 
		0xa3, 0x51, 0xf5, 0xf9, 0xf8, 0xf7, 0xd3, 0xfb, 0xce, 0xf6, 0x0c, 0x82, 0xd1, 0x24, 0x99, 0xf8, 
		0x3c, 0x9e, 0x78, 0x66, 0x09, 0x6e, 0xeb, 0x50, 0xa5, 0xbc, 0xa6, 0x3d, 0x59, 0x2d, 0x1b, 0x8b, 
		0x2b, 0x7e, 0x2d, 0xa3, 0x98, 0xc9, 0x89, 0x08, 0x95, 0x9c, 0x4a, 0x41, 0xec, 0x84, 0xfc, 0xf0, 
		0x96, 0xe9, 0x93, 0xc4, 0xb7, 0xf7, 0xbf, 0xcc, 0x63, 0x6d, 0x04, 0x99, 0x05, 0xf8, 0xbb, 0x8b, 
		0xb7, 0xe7, 0x4c, 0x86, 0xec, 0xc3, 0xf9, 0xd1, 0xf5, 0xf0, 0xd8, 0x1c, 0x68, 0x7c, 0x38, 0xbf, 
		0x3e, 0x63, 0x0b, 0xee, 0x7f, 0x13, 0x8a, 0xd8, 0xd8, 0xd2, 0x74, 0x78, 0x95, 0x14, 0xaf, 0xbd, 
		0xd7, 0x45, 0xa3, 0x2f, 0xdb, 0x12, 0xf7, 0xd9, 0xa0, 0xb5, 0xbc, 0x97, 0x0b, 0xcb, 0x30, 0x9d, 
		0x0b, 0xf7, 0x68, 0x68, 0xcd, 0xc9, 0xc5, 0x44, 0x4c, 0x79, 0x6a, 0xe6, 0xe6, 0x9e, 0x7e, 0xe4, 
		0xd3, 0x5e, 0x4f, 0xff, 0xdd, 0xcf, 0xfe, 0xee, 0xeb, 0xbf, 0x87, 0xd9, 0xdf, 0x03, 0xfd, 0xb7, 
		0x39, 0xac, 0x48, 0x4c, 0xf1, 0x2b, 0x53, 0xdc, 0xd7, 0xcd, 0xfb, 0xd9, 0x4f, 0xfb, 0xba, 0xbc, 
		0x9f, 0xfd, 0xb4, 0xaf, 0x9b, 0xf7, 0x87, 0xa6, 0xb9, 0xf9, 0xf3, 0xcc, 0x14, 0x0f, 0x4c, 0xf3, 
		0xec, 0xa7, 0x03, 0xdd, 0x7c, 0x90, 0xfd, 0x74, 0xa0, 0xdb, 0x0c, 0xfa, 0xa6, 0xf9, 0x50, 0xff, 
		0x99, 0x7d, 0x74, 0xa8, 0x9b, 0x0f, 0xb2, 0x9f, 0x0e, 0x4d, 0xf3, 0xec, 0xa7, 0x43, 0xdd, 0x7c, 
		0x68, 0x4e, 0x5e, 0x92, 0x53, 0xfd, 0xa7, 0x6e, 0x62, 0x76, 0x31, 0x87, 0xaf, 0x4c, 0xe1, 0x59, 
		0xa7, 0xdb, 0x39, 0xcd, 0x3a, 0xfb, 0x52, 0xff, 0xf9, 0x72, 0xa9, 0x9b, 0xa7, 0xaf, 0x32, 0x25, 
		0xf1, 0xc5, 0x44, 0x84, 0x66, 0x97, 0x3e, 0xfb, 0x49, 0xaf, 0x72, 0x02, 0x63, 0x18, 0x31, 0xea, 
		0x9d, 0x74, 0x33, 0x36, 0x8c, 0x7a, 0xfd, 0x6e, 0xc6, 0x04, 0xc3, 0x4d, 0x43, 0xb7, 0x31, 0xb6, 
		0x86, 0xea, 0x51, 0xdf, 0xb4, 0xeb, 0x0f, 0x3a, 0xa3, 0xbe, 0x69, 0x37, 0xe8, 0x75, 0x46, 0xfd, 
		0xb3, 0x6e, 0x46, 0xa4, 0xc1, 0x4f, 0x18, 0x12, 0x47, 0x03, 0xd3, 0x6e, 0xd8, 0xeb, 0x8c, 0x06, 
		0xe6, 0x2d, 0xc3, 0x7e, 0x67, 0x34, 0x30, 0xed, 0x86, 0xba, 0xf6, 0x55, 0xd7, 0xf4, 0x63, 0x64, 
		0xfe, 0xab, 0x3f, 0x7a, 0xd6, 0x35, 0xec, 0x1b, 0xf5, 0x87, 0x5d, 0xc3, 0x98, 0xd1, 0xa0, 0xdf, 
		0x35, 0x24, 0x9b, 0x73, 0x0a, 0x4d, 0xe6, 0x68, 0x68, 0x1a, 0xbf, 0xec, 0x8c, 0x4e, 0xcf, 0xba, 
		0xa5, 0x34, 0xb5, 0x9a, 0x64, 0x23, 0xf3, 0xf4, 0x65, 0x57, 0x33, 0x66, 0x34, 0x3c, 0xeb, 0xda, 
		0x44, 0x8f, 0x4e, 0x5f, 0xdd, 0x6f, 0xd7, 0x50, 0x4c, 0x63, 0x6f, 0x62, 0x8f, 0xb0, 0xec, 0xb9, 
		0xd9, 0x54, 0x44, 0x21, 0xfb, 0x29, 0xe6, 0x73, 0xe1, 0xc5, 0x22, 0xe0, 0x77, 0xec, 0xdd, 0x7b, 
		0x36, 0x96, 0x7b, 0x10, 0x00, 0xa7, 0x49, 0x0a, 0x7c, 0xe9, 0x10, 0xa9, 0x4b, 0x56, 0x92, 0xb9, 
		0x6c, 0x40, 0x88, 0x36, 0x6d, 0xd6, 0x7a, 0x67, 0x65, 0x9f, 0xce, 0xd6, 0xf8, 0xbd, 0x67, 0x8f, 
		0x32, 0x6c, 0xbd, 0x93, 0x13, 0x82, 0x53, 0xd9, 0x2c, 0x8e, 0xd2, 0x85, 0x17, 0x8d, 0xff, 0x25, 
		0xfc, 0xca, 0xde, 0x81, 0x5d, 0xbc, 0x42, 0x90, 0xa6, 0xd2, 0x33, 0x2d, 0x69, 0xb8, 0xb5, 0x89, 
		0xf0, 0x53, 0x67, 0xbb, 0xbc, 0x2c, 0x7a, 0x98, 0x06, 0x66, 0xb5, 0x25, 0x40, 0x8c, 0xb5, 0xc0, 
		0x68, 0x5e, 0x76, 0xac, 0x20, 0xc9, 0x6a, 0xf1, 0x00, 0x79, 0x24, 0x86, 0x5d, 0xed, 0x70, 0x7b, 
		0x8b, 0xba, 0xdf, 0x16, 0xc0, 0x91, 0x31, 0x36, 0x07, 0xa2, 0x80, 0xa7, 0x0f, 0xa2, 0x0f, 0xb3, 
		0x85, 0x4a, 0x65, 0x1c, 0x96, 0x45, 0xb5, 0x63, 0xca, 0x65, 0x05, 0x81, 0x41, 0x47, 0x3a, 0x73, 
		0x42, 0x6a, 0x38, 0xbd, 0x9c, 0xb0, 0x12, 0x51, 0x8f, 0x00, 0xd5, 0xd2, 0xa0, 0x17, 0x6c, 0xb3, 
		0x05, 0xb4, 0xee, 0xe9, 0x29, 0xbd, 0xb9, 0x55, 0x4b, 0x28, 0x9f, 0x1f, 0xab, 0x62, 0x2b, 0x27, 
		0xcd, 0xba, 0xf0, 0x72, 0xc3, 0xf2, 0xe1, 0x1d, 0x24, 0xb8, 0x73, 0x09, 0xe6, 0xd6, 0x2c, 0x5c, 
		0xa4, 0xca, 0x5b, 0xe6, 0xe1, 0xb0, 0x58, 0xef, 0xd4, 0xd4, 0xee, 0x4f, 0x11, 0x81, 0xf0, 0x15, 
		0xe3, 0x21, 0x33, 0x2d, 0x97, 0xb9, 0x3c, 0x98, 0x8a, 0x98, 0x39, 0xa0, 0x27, 0x2e, 0xe4, 0x2d, 
		0x8e, 0x15, 0x69, 0x8f, 0x11, 0x59, 0x1f, 0x1b, 0x1f, 0xce, 0x59, 0xb2, 0x10, 0xbe, 0x9c, 0x4a, 
		0xdf, 0xc5, 0xaa, 0xec, 0xd6, 0x4d, 0x6b, 0xbd, 0x15, 0xf4, 0xe1, 0x3c, 0xdb, 0x0d, 0x3a, 0x7a, 
		0x27, 0xa7, 0xd3, 0x0b, 0x11, 0x5f, 0xb3, 0xb7, 0xd1, 0x44, 0x9c, 0x47, 0x32, 0x54, 0xc9, 0x31, 
		0x2d, 0x45, 0xc0, 0x46, 0x10, 0x36, 0x82, 0xb0, 0x11, 0xf4, 0x94, 0xe6, 0xcd, 0xfe, 0x78, 0xa9, 
		0xad, 0x15, 0x31, 0xac, 0x30, 0x19, 0x95, 0x36, 0x84, 0x4c, 0xc4, 0xb2, 0x5f, 0x3b, 0x37, 0x14, 
		0xed, 0x77, 0x55, 0x1e, 0x6d, 0x27, 0xfc, 0x58, 0x2a, 0xe9, 0x1b, 0xf0, 0x52, 0xaf, 0x33, 0xea, 
		0x4c, 0x03, 0x9e, 0x5c, 0xe5, 0x80, 0x77, 0xf3, 0xb7, 0x17, 0x5d, 0x8b, 0x38, 0x96, 0x66, 0x6f, 
		0x6f, 0xa0, 0x79, 0x37, 0x9f, 0x8b, 0x89, 0xe4, 0xe6, 0x50, 0x72, 0x68, 0x3c, 0x05, 0x25, 0xe2, 
		0x50, 0xa8, 0x1c, 0x04, 0x1f, 0x66, 0x39, 0x92, 0x72, 0x1c, 0xbc, 0x05, 0xbd, 0xd3, 0x03, 0x35, 
		0x8e, 0x52, 0x25, 0x43, 0x51, 0x85, 0xc6, 0x17, 0xdf, 0xd7, 0x94, 0x65, 0x5f, 0xd7, 0xd3, 0x9e, 
		0xf3, 0xed, 0x51, 0xbf, 0x6b, 0x7d, 0x79, 0x34, 0xe8, 0x2e, 0xbf, 0x3b, 0x1a, 0x76, 0xcb, 0xaf, 
		0x6a, 0x09, 0x2c, 0x91, 0x85, 0x67, 0xdd, 0xf2, 0x8b, 0xa3, 0x97, 0x5b, 0x1e, 0x15, 0xb1, 0xaa, 
		0x64, 0x1d, 0x52, 0xab, 0xa6, 0xce, 0x4f, 0x9f, 0xcf, 0xd9, 0x22, 0x8a, 0x15, 0x0b, 0x23, 0x22, 
		0xd3, 0xbe, 0xee, 0x4d, 0xcf, 0x1e, 0x0e, 0xe6, 0x99, 0xd4, 0x08, 0x6d, 0xbf, 0xa1, 0xd9, 0x3f, 
		0x39, 0x79, 0xe4, 0x14, 0x7d, 0x7a, 0x3a, 0x68, 0xed, 0xb5, 0x6b, 0x2b, 0x18, 0xc5, 0xaa, 0xef, 
		0x70, 0xad, 0xbf, 0xaf, 0x5c, 0x7b, 0x1c, 0xcb, 0x7a, 0x67, 0x83, 0x57, 0xad, 0x1d, 0x9b, 0x65, 
		0xb4, 0x85, 0xd1, 0x2f, 0x56, 0xf0, 0x6b, 0x7b, 0x47, 0xd7, 0x81, 0x2d, 0xae, 0xa0, 0xbf, 0x62, 
		0x7c, 0x06, 0x7d, 0x96, 0xc4, 0x3e, 0xfb, 0xf8, 0xe6, 0x2d, 0x8d, 0xd1, 0x39, 0x49, 0x94, 0x57, 
		0xc5, 0x38, 0x14, 0x25, 0xcd, 0x30, 0xe9, 0x20, 0x61, 0x93, 0x44, 0xd1, 0xe9, 0xff, 0x5c, 0x56, 
		0x70, 0x02, 0xe6, 0xd1, 0xed, 0x79, 0x22, 0x54, 0xb9, 0x8c, 0x64, 0x51, 0xc8, 0x72, 0x0a, 0x59, 
		0xde, 0x98, 0xd0, 0x90, 0x6a, 0x4e, 0xbd, 0x96, 0xc4, 0xbe, 0x23, 0xa3, 0xa2, 0xa4, 0x59, 0x46, 
		0xcb, 0xda, 0x3d, 0x15, 0x50, 0x4e, 0xc0, 0x9e, 0x08, 0xc8, 0xe4, 0xb6, 0x5c, 0x04, 0x15, 0x2a, 
		0xf5, 0x63, 0xcd, 0x00, 0xa4, 0x81, 0x92, 0x65, 0xce, 0x3f, 0xf6, 0x33, 0x1f, 0x8b, 0x80, 0x5d, 
		0xdc, 0x48, 0xe5, 0x5f, 0xc9, 0x70, 0x46, 0x73, 0xcd, 0x2e, 0x6e, 0x17, 0x22, 0x96, 0xba, 0x49, 
		0x15, 0x9e, 0x6e, 0x17, 0x37, 0x1b, 0xba, 0x8f, 0xe7, 0x3f, 0x5f, 0x30, 0xa7, 0x1d, 0x01, 0x82, 
		0x54, 0xb4, 0x98, 0x47, 0x95, 0xf8, 0xdb, 0xa2, 0xa4, 0x25, 0x19, 0x99, 0x78, 0xb4, 0x96, 0xe6, 
		0x3f, 0x64, 0x81, 0x16, 0x24, 0x2d, 0x35, 0x25, 0xb3, 0x8c, 0xd8, 0xea, 0xf6, 0x63, 0x38, 0xe6, 
		0xb1, 0xb7, 0x28, 0x72, 0x6a, 0x2e, 0xb9, 0x51, 0x2d, 0x77, 0xe5, 0xec, 0xd6, 0x12, 0x50, 0x52, 
		0x27, 0x24, 0xb7, 0x31, 0x0c, 0x57, 0x77, 0x9b, 0x65, 0x3f, 0xf5, 0xf6, 0xe0, 0x18, 0x23, 0x97, 
		0x50, 0x14, 0x16, 0x09, 0xd3, 0xc3, 0xd8, 0x1e, 0x84, 0x4e, 0x05, 0x29, 0x5a, 0x9a, 0xa0, 0x1c, 
		0x19, 0x28, 0xcd, 0xf6, 0xcf, 0xb3, 0x82, 0x5a, 0xcc, 0x3e, 0xbf, 0x13, 0x31, 0x1b, 0xb0, 0x73, 
		0x53, 0xcd, 0x82, 0xec, 0x20, 0x80, 0x84, 0x92, 0xe5, 0x7d, 0xb1, 0x31, 0xf3, 0x79, 0xe7, 0xf6, 
		0x86, 0x84, 0x39, 0xb7, 0xbf, 0xa5, 0x9f, 0xea, 0x46, 0xfc, 0x56, 0xce, 0xd3, 0x79, 0xde, 0x6b, 
		0x16, 0x4d, 0x59, 0x29, 0x28, 0x42, 0x1a, 0xb6, 0x01, 0xa0, 0xe6, 0x71, 0x07, 0x46, 0x6d, 0x57, 
		0xad, 0xd9, 0xda, 0x73, 0x2e, 0xc3, 0x8a, 0xc7, 0xd6, 0x80, 0x9f, 0x90, 0x21, 0xd8, 0xba, 0x19, 
		0x5b, 0x33, 0x03, 0x98, 0xb1, 0xc9, 0x53, 0x7c, 0x56, 0xb3, 0x1d, 0xa6, 0xb0, 0xd9, 0xa1, 0xaf, 
		0x34, 0x20, 0x30, 0xee, 0x9e, 0x0b, 0x15, 0xdf, 0xbc, 0x39, 0x4f, 0xbe, 0x55, 0x68, 0xc8, 0x8b, 
		0x5c, 0x0a, 0x96, 0x7d, 0x67, 0x79, 0x3d, 0x31, 0x3d, 0x1f, 0x2c, 0x37, 0x87, 0x5e, 0x3e, 0xf9, 
		0xf1, 0xd2, 0xa6, 0x7b, 0x57, 0xfc, 0x5b, 0xb6, 0xd3, 0x5d, 0x65, 0x6c, 0xbe, 0xf9, 0xbd, 0x92, 
		0xb1, 0x95, 0xcd, 0x71, 0x32, 0x8c, 0xfd, 0x8e, 0xf1, 0x3d, 0xed, 0xd3, 0xa6, 0x65, 0x3c, 0xbd, 
		0xce, 0x7e, 0x56, 0x61, 0x6a, 0x56, 0xb6, 0x86, 0xab, 0x45, 0x03, 0x62, 0x6c, 0xa5, 0xa3, 0xaf, 
		0xcb, 0x8d, 0xc3, 0x5c, 0x47, 0x59, 0xc9, 0x57, 0x66, 0xd9, 0x83, 0xed, 0x6d, 0x24, 0x2e, 0x44, 
		0x05, 0xbc, 0x64, 0x1e, 0x6b, 0x89, 0x92, 0xce, 0xcf, 0x7f, 0x79, 0xf3, 0x0f, 0x76, 0x2e, 0x44, 
		0xcc, 0x7e, 0x92, 0x81, 0xa2, 0x16, 0xe8, 0xd2, 0x84, 0x8f, 0x68, 0x13, 0xa1, 0x36, 0x11, 0x8b, 
		0x58, 0xf8, 0x5c, 0x89, 0xc9, 0x1f, 0x8b, 0x51, 0xb3, 0xde, 0x73, 0x7f, 0xff, 0xb5, 0xdb, 0xb9, 
		0xb9, 0x12, 0xa1, 0xfd, 0x9d, 0x17, 0x2f, 0x7e, 0xc8, 0xfe, 0x6f, 0x04, 0xfe, 0xff, 0xb1, 0x3f, 
		0xf3, 0xc5, 0x22, 0xe4, 0xd7, 0x7f, 0x5e, 0xf1, 0x55, 0xf3, 0xf3, 0x87, 0xbe, 0xb9, 0xf2, 0x9d, 
		0xc5, 0x10, 0x16, 0x22, 0xbb, 0x29, 0x41, 0xce, 0x1c, 0xf1, 0x16, 0xa5, 0x1b, 0x48, 0x99, 0xe0, 
		0xfa, 0x94, 0xb4, 0xfa, 0x2d, 0x87, 0xf9, 0x93, 0x67, 0x80, 0x73, 0x61, 0x86, 0x4d, 0x54, 0x45, 
		0x59, 0x73, 0x6f, 0x7c, 0xf7, 0x20, 0x65, 0xe6, 0x2d, 0xba, 0xbb, 0x8e, 0x85, 0xd0, 0x0d, 0x1b, 
		0x47, 0x91, 0xf5, 0x6e, 0xfb, 0x24, 0xf9, 0x29, 0x3b, 0x43, 0x65, 0x04, 0x3d, 0x0a, 0x1a, 0x70, 
		0x5e, 0x36, 0xd8, 0x9b, 0xf0, 0x32, 0x40, 0x06, 0x00, 0x19, 0x78, 0x02, 0x20, 0x4d, 0x6d, 0x27, 
		0x74, 0xe5, 0x26, 0x28, 0xad, 0x5b, 0xf9, 0xb8, 0x52, 0xb1, 0x1c, 0xa7, 0xaa, 0x92, 0x79, 0xb1, 
		0x2c, 0xab, 0xcd, 0x92, 0x45, 0x0d, 0x1b, 0x9b, 0x8b, 0xb4, 0x0a, 0x22, 0x1d, 0xdc, 0xe8, 0x6e, 
		0x29, 0x5a, 0xe6, 0x8d, 0xf4, 0xa6, 0x7c, 0x2e, 0x03, 0x7b, 0xde, 0x68, 0xa8, 0x5c, 0x93, 0x18, 
		0x33, 0x6f, 0xc2, 0x6c, 0x86, 0x10, 0xa0, 0xb0, 0xcd, 0x9e, 0x75, 0x03, 0x15, 0xc6, 0xd2, 0x67, 
		0x09, 0xd7, 0x4c, 0x6a, 0xc4, 0x7d, 0x81, 0xfb, 0x7e, 0x47, 0x7f, 0x62, 0xfd, 0xa8, 0xb6, 0x95, 
		0xc5, 0x05, 0xcc, 0xd7, 0xeb, 0xd6, 0x49, 0x20, 0x83, 0xcf, 0xef, 0xb9, 0x1a, 0x65, 0x44, 0x40, 
		0x8b, 0xfe, 0x80, 0x16, 0x25, 0x95, 0x83, 0x0c, 0xb7, 0x66, 0x1d, 0xf3, 0x13, 0xa1, 0xf6, 0x5d, 
		0x7f, 0x0c, 0xf4, 0x00, 0xda, 0xb3, 0x99, 0xf6, 0x8c, 0xd3, 0x44, 0x86, 0x22, 0x49, 0xbc, 0x58, 
		0x04, 0xe2, 0x9a, 0x57, 0xfd, 0xf1, 0x86, 0xca, 0x75, 0xd7, 0x1e, 0x35, 0x36, 0xdf, 0x3f, 0x45, 
		0x6a, 0xa0, 0x03, 0x7a, 0xb5, 0x71, 0x4e, 0x4f, 0xae, 0xc4, 0x2c, 0x8a, 0x2b, 0x49, 0x3c, 0x8b, 
		0xa2, 0x5a, 0xbe, 0xdc, 0xbc, 0x62, 0x1f, 0x0d, 0x50, 0xd9, 0x77, 0x68, 0xc8, 0x86, 0x1a, 0x22, 
		0x42, 0x3f, 0xbe, 0x5b, 0x28, 0x61, 0x5f, 0x38, 0xbb, 0x2c, 0xab, 0xdd, 0x46, 0x5e, 0xd4, 0xd8, 
		0x29, 0xf3, 0x89, 0x20, 0xab, 0xda, 0xe8, 0x49, 0x73, 0xff, 0xa1, 0x35, 0x1b, 0x47, 0xaf, 0xa7, 
		0x63, 0xaf, 0xc1, 0xb6, 0x54, 0x8a, 0x6b, 0x11, 0x89, 0x56, 0xe5, 0x3e, 0xda, 0x98, 0x4a, 0xff, 
		0xa1, 0x31, 0x1b, 0x6a, 0x8c, 0x8a, 0xf9, 0x74, 0x2a, 0xfd, 0x5a, 0x1e, 0xb2, 0x6a, 0x79, 0x8d, 
		0xe7, 0x9f, 0x7e, 0x79, 0xc7, 0x8a, 0xaa, 0x7d, 0xd1, 0x93, 0xb2, 0xcf, 0xd0, 0x92, 0x8d, 0xb5, 
		0x24, 0x0d, 0x43, 0x61, 0xef, 0xaf, 0xe5, 0x05, 0x2e, 0x8f, 0x3f, 0x9b, 0xe2, 0x60, 0x6f, 0xe7, 
		0xa1, 0xe6, 0xfe, 0x43, 0x5f, 0x1e, 0x71, 0xb6, 0x9b, 0xef, 0x4d, 0x26, 0xee, 0x2d, 0x40, 0x4e, 
		0xc5, 0xaa, 0xbb, 0x27, 0xcb, 0x66, 0x75, 0x66, 0xef, 0x16, 0x4b, 0x53, 0xf4, 0xab, 0x89, 0xa4, 
		0x1a, 0x35, 0xba, 0x81, 0xa6, 0x26, 0xcb, 0xb9, 0x9f, 0xef, 0xd6, 0xee, 0x9f, 0xf6, 0xd8, 0x04, 
		0x6e, 0x4f, 0x85, 0x7e, 0x8b, 0x92, 0xda, 0xc6, 0xdf, 0xb2, 0xcc, 0x65, 0xf5, 0xff, 0x58, 0x35, 
		0x84, 0xd8, 0xfa, 0xbd, 0x63, 0xc7, 0x5e, 0xbf, 0xa6, 0x06, 0x51, 0xef, 0x96, 0x09, 0xb6, 0x6a, 
		0xd2, 0x73, 0x2a, 0xea, 0xb9, 0x31, 0xb2, 0x6a, 0x46, 0x28, 0x7f, 0xd8, 0xe6, 0x29, 0xb7, 0xec, 
		0x0c, 0xbf, 0x09, 0x41, 0x8a, 0xaa, 0x60, 0xc6, 0x26, 0x14, 0x63, 0x55, 0x0e, 0xcc, 0xc6, 0x31, 
		0x1e, 0xc4, 0x98, 0xda, 0x10, 0x56, 0xb5, 0x41, 0xd6, 0xb0, 0x8c, 0x25, 0x50, 0x8b, 0x83, 0x50, 
		0x8b, 0xcc, 0x14, 0x9a, 0x8b, 0x95, 0x2a, 0x36, 0x30, 0x2b, 0xa9, 0x73, 0xd7, 0x94, 0xb3, 0x0f, 
		0x61, 0xa2, 0xb2, 0x4d, 0x55, 0x52, 0x7e, 0x8f, 0x98, 0xda, 0x86, 0x5c, 0x3f, 0xd5, 0xf6, 0x70, 
		0xd4, 0x95, 0x01, 0x09, 0xb0, 0x9f, 0x82, 0xe8, 0x86, 0x99, 0x1c, 0x36, 0x47, 0xef, 0x7f, 0x3a, 
		0x3f, 0x66, 0xb1, 0x96, 0x02, 0x51, 0xaf, 0xe7, 0x7b, 0x23, 0xe7, 0x87, 0x9b, 0x05, 0x24, 0x88, 
		0x9c, 0x87, 0x36, 0xab, 0x8b, 0xa2, 0xcd, 0x15, 0x86, 0x04, 0x87, 0x9b, 0x82, 0x8a, 0x64, 0xde, 
		0x65, 0xbb, 0x33, 0x45, 0xd1, 0xb3, 0x21, 0xb3, 0xf4, 0x9e, 0xb3, 0xc1, 0xb2, 0xdd, 0x04, 0x96, 
		0x0d, 0xb7, 0x13, 0x38, 0x15, 0x2b, 0xa6, 0x26, 0xdc, 0x49, 0x70, 0xb8, 0x77, 0x12, 0x94, 0x7b, 
		0x7e, 0xf5, 0x1d, 0xe4, 0x5a, 0xd5, 0xca, 0x44, 0xce, 0x0d, 0x2d, 0x09, 0x68, 0x92, 0xdb, 0x2b, 
		0xcf, 0xe7, 0x89, 0x58, 0x43, 0x5f, 0x56, 0x6f, 0x61, 0x0d, 0x77, 0x88, 0xa8, 0x0a, 0x82, 0xe8, 
		0xc6, 0xfa, 0x5a, 0xf6, 0x5c, 0x74, 0x6d, 0x48, 0xb1, 0x6b, 0x4d, 0xaa, 0x91, 0xc3, 0x4f, 0x59, 
		0x34, 0x65, 0x7f, 0x36, 0xed, 0xfe, 0x5c, 0xa8, 0x0a, 0xab, 0xa9, 0x0a, 0x89, 0x11, 0xdc, 0x9c, 
		0xa2, 0x22, 0x5a, 0x28, 0x39, 0x97, 0xff, 0xb6, 0x1b, 0x96, 0x45, 0x24, 0x64, 0xb2, 0xbe, 0x83, 
		0x0f, 0x49, 0xa6, 0x68, 0xba, 0x8f, 0xc2, 0x71, 0x8c, 0xd8, 0x46, 0x07, 0x1a, 0x19, 0x27, 0x4a, 
		0x9a, 0x2b, 0x27, 0x1b, 0x24, 0x08, 0xfe, 0xce, 0x11, 0x5a, 0xe4, 0x12, 0x1d, 0x74, 0x3b, 0xd7, 
		0x41, 0xe5, 0xa2, 0x33, 0xf3, 0x58, 0xbb, 0xa2, 0xfb, 0xe7, 0x37, 0xbf, 0x50, 0xdb, 0x21, 0x96, 
		0x61, 0x58, 0x09, 0x6b, 0xca, 0x9e, 0x6b, 0xb9, 0x4b, 0x75, 0x29, 0x33, 0xd1, 0x80, 0x24, 0xfd, 
		0xd9, 0x34, 0xac, 0x80, 0xda, 0x57, 0xc0, 0xf1, 0xbf, 0xef, 0xd2, 0xe9, 0x75, 0xfb, 0x5b, 0xc1, 
		0xd6, 0x6c, 0x63, 0x6f, 0x55, 0x67, 0x9d, 0xc0, 0xc5, 0xe6, 0xa0, 0xc5, 0x3c, 0xb1, 0xca, 0x94, 
		0x69, 0x9d, 0x86, 0xfc, 0x9f, 0x8d, 0xfc, 0x73, 0x0f, 0x21, 0xb5, 0x2f, 0x3e, 0xd1, 0x4f, 0xab, 
		0xef, 0x61, 0x8e, 0x52, 0x59, 0x2c, 0x5f, 0xd8, 0x34, 0x8e, 0xe6, 0x8c, 0x87, 0x4c, 0x5c, 0x8b, 
		0x50, 0x51, 0xbd, 0x08, 0xd0, 0x97, 0x89, 0x1f, 0x79, 0xd6, 0xe2, 0xc6, 0x09, 0xdb, 0x59, 0xb9, 
		0xc2, 0xf9, 0xeb, 0xe5, 0xe5, 0x8b, 0x35, 0x8f, 0x9d, 0xdd, 0xde, 0xac, 0x19, 0xa5, 0xd2, 0x3d, 
		0xa7, 0x2c, 0x8b, 0x1e, 0x21, 0xbd, 0x03, 0x92, 0xd9, 0xd6, 0x62, 0x7c, 0x90, 0x87, 0x86, 0x00, 
		0x09, 0xc8, 0x43, 0x83, 0x3c, 0x34, 0xfb, 0xc2, 0x56, 0xe4, 0xa1, 0xa1, 0x47, 0x05, 0xf2, 0xd0, 
		0x7c, 0x87, 0x93, 0x46, 0xe4, 0xa1, 0x41, 0x1e, 0x9a, 0x7d, 0xd2, 0x57, 0xe4, 0xa1, 0xf9, 0x0e, 
		0x22, 0xde, 0x8f, 0x3c, 0x34, 0x4f, 0x9e, 0x42, 0x03, 0x19, 0x68, 0xe8, 0x29, 0x1e, 0x32, 0xd0, 
		0x7c, 0x97, 0x0c, 0x34, 0x5b, 0x1b, 0x3b, 0x01, 0x57, 0xd3, 0x28, 0x9e, 0xd7, 0x3c, 0x8a, 0x4a, 
		0x79, 0x2d, 0x4b, 0xaf, 0x8d, 0x74, 0x76, 0x5a, 0x92, 0xd6, 0xd6, 0x2d, 0x6e, 0x61, 0x44, 0xb1, 
		0xaa, 0x31, 0xb5, 0x2c, 0x5b, 0xbd, 0xcd, 0x64, 0xe4, 0xb4, 0xbc, 0x27, 0x6e, 0x2f, 0xf6, 0x09, 
		0x37, 0xbe, 0x74, 0x2b, 0x52, 0xbd, 0x9e, 0xa7, 0xb9, 0x91, 0xe7, 0xc6, 0x09, 0xfa, 0xc5, 0x53, 
		0x5f, 0x3f, 0x0d, 0xb2, 0x27, 0x3b, 0x99, 0x8d, 0xf5, 0x13, 0x4d, 0x68, 0xf1, 0x03, 0x6d, 0xae, 
		0x8b, 0xe6, 0xa3, 0xbe, 0x31, 0x46, 0xbb, 0xdb, 0x57, 0x2c, 0xc5, 0x5b, 0x8b, 0x82, 0xa8, 0x56, 
		0x3c, 0x4e, 0xf8, 0x10, 0xf9, 0x4a, 0x91, 0xd3, 0xbe, 0xc3, 0x0b, 0x89, 0xba, 0x90, 0xa8, 0x0b, 
		0x89, 0xba, 0x2a, 0xb1, 0x53, 0x48, 0xd4, 0x85, 0x44, 0x5d, 0x48, 0xd4, 0x45, 0x74, 0xd9, 0x85, 
		0x44, 0x5d, 0x1b, 0xa8, 0x11, 0x12, 0x75, 0x21, 0x51, 0x17, 0x12, 0x75, 0x21, 0x51, 0xd7, 0xae, 
		0x15, 0x09, 0x89, 0xba, 0x90, 0xa8, 0x0b, 0x89, 0xba, 0x90, 0xa8, 0x0b, 0x89, 0xba, 0x08, 0x6a, 
		0x0d, 0x12, 0x75, 0x41, 0x63, 0x90, 0xa8, 0x0b, 0x89, 0xba, 0x9e, 0x5c, 0x4b, 0x90, 0xa8, 0x0b, 
		0xfa, 0x82, 0x44, 0x5d, 0x48, 0xd4, 0x85, 0x44, 0x5d, 0xc4, 0xb2, 0xc7, 0x50, 0x4c, 0xd4, 0x15, 
		0x8b, 0x24, 0x0d, 0x6a, 0x98, 0x04, 0xbb, 0x74, 0xf5, 0xc1, 0x74, 0xd6, 0xca, 0x58, 0xdc, 0x2e, 
		0x8b, 0x4c, 0x3d, 0x0f, 0x82, 0x3b, 0x36, 0x8d, 0x62, 0xc6, 0x97, 0x77, 0xbc, 0xcf, 0x85, 0xba, 
		0x8a, 0x26, 0x34, 0x4c, 0x02, 0xe7, 0xdc, 0x53, 0x72, 0x2e, 0xa2, 0xb4, 0xb2, 0xbd, 0x68, 0x95, 
		0xba, 0xe4, 0x72, 0xce, 0x59, 0x5e, 0x47, 0x10, 0x2d, 0xdb, 0x94, 0x5a, 0x85, 0xcf, 0xcc, 0xd5, 
		0xd2, 0x91, 0xf2, 0xa6, 0x51, 0x1a, 0xda, 0x8b, 0x52, 0xb7, 0xa6, 0x46, 0xab, 0xae, 0x67, 0x61, 
		0xa4, 0x98, 0xa9, 0xdf, 0x17, 0x7a, 0x53, 0x75, 0x15, 0xc5, 0x52, 0xe5, 0x83, 0x68, 0x49, 0x6d, 
		0xa5, 0xdc, 0xa5, 0x75, 0xca, 0x65, 0x90, 0xc6, 0x62, 0x4f, 0x68, 0xcc, 0xc7, 0x90, 0x15, 0x21, 
		0x52, 0x0c, 0xaa, 0x07, 0x06, 0x67, 0x34, 0x65, 0x9c, 0x2d, 0x78, 0xac, 0xa4, 0x9f, 0x06, 0x3c, 
		0x26, 0x35, 0x18, 0x27, 0x91, 0xea, 0xd9, 0x5f, 0xcb, 0x9e, 0x5d, 0x92, 0x4c, 0x69, 0x4e, 0x0e, 
		0x8d, 0x7e, 0xc3, 0x88, 0xc0, 0x88, 0xec, 0xaf, 0x11, 0x69, 0x50, 0x5d, 0xa7, 0xa2, 0x66, 0x54, 
		0x4c, 0xf5, 0x9e, 0x29, 0x70, 0x18, 0x85, 0x95, 0x25, 0xa4, 0x7e, 0xac, 0x21, 0x56, 0xa3, 0x3d, 
		0x21, 0x26, 0x49, 0x7d, 0xdf, 0x49, 0xe5, 0x95, 0x97, 0xb8, 0x24, 0xe5, 0xe5, 0x7b, 0x41, 0x97, 
		0xd1, 0x49, 0x3e, 0xb6, 0x15, 0x91, 0x8f, 0x1b, 0xa6, 0xb4, 0x31, 0xac, 0x3f, 0xac, 0x3f, 0xac, 
		0x3f, 0xac, 0x3f, 0xac, 0xff, 0x33, 0xb3, 0xfe, 0x37, 0x62, 0xac, 0x87, 0x98, 0xd5, 0xae, 0x28, 
		0x71, 0x29, 0xcb, 0xcb, 0x31, 0x13, 0x60, 0x26, 0xc0, 0x4c, 0x80, 0x99, 0x00, 0x33, 0xc1, 0xb3, 
		0x9a, 0x09, 0xa0, 0x95, 0xd0, 0x4a, 0x6a, 0x74, 0xdd, 0xe3, 0x1a, 0x13, 0x5c, 0x63, 0xb2, 0xe7, 
		0x27, 0x8e, 0xb8, 0xc6, 0x04, 0x6a, 0x81, 0x6b, 0x4c, 0x70, 0x8d, 0x09, 0xae, 0x31, 0xf9, 0x4e, 
		0xae, 0x0f, 0xae, 0x31, 0xf9, 0x9e, 0x77, 0xc8, 0x19, 0x7e, 0x79, 0x4a, 0xcc, 0x17, 0x01, 0x57, 
		0x0d, 0xa6, 0x67, 0x59, 0xd5, 0x7c, 0x0e, 0x5e, 0x64, 0x24, 0xc9, 0x9b, 0xb3, 0xa2, 0xf9, 0x7e, 
		0x24, 0xd0, 0x78, 0x6c, 0x3e, 0xa7, 0xef, 0x93, 0xc7, 0xc2, 0x65, 0xb9, 0xe7, 0x60, 0x34, 0x9b, 
		0xeb, 0xff, 0x88, 0x5c, 0xe8, 0x4b, 0x63, 0x7b, 0x23, 0x21, 0x49, 0x64, 0x14, 0xba, 0x28, 0xad, 
		0x4a, 0xf1, 0x6a, 0x24, 0x48, 0xde, 0x2c, 0xc7, 0x69, 0xd1, 0xd4, 0xf5, 0x4d, 0xb3, 0x33, 0xdc, 
		0xc8, 0xd8, 0x84, 0xd6, 0xf4, 0xf2, 0xbf, 0x03, 0xbd, 0xda, 0xb4, 0xd3, 0x27, 0x64, 0x0d, 0x34, 
		0x45, 0x65, 0xf5, 0xa8, 0xb7, 0xe3, 0x54, 0x30, 0xb6, 0xbc, 0xea, 0xc3, 0xc7, 0xad, 0x6b, 0x27, 
		0xd0, 0x83, 0x15, 0xe3, 0xd6, 0xc6, 0xde, 0xcc, 0xf6, 0x61, 0xf4, 0xd3, 0x1a, 0xc1, 0xcc, 0x54, 
		0x21, 0x1c, 0xaa, 0x03, 0xad, 0xbd, 0x9b, 0xd8, 0x7f, 0xec, 0xd2, 0xa2, 0xb7, 0x01, 0xcc, 0x75, 
		0x87, 0x83, 0x71, 0xa6, 0x6a, 0x63, 0xb0, 0x28, 0x6a, 0x25, 0x61, 0xc8, 0x95, 0x00, 0x7c, 0x19, 
		0x57, 0xdd, 0x91, 0xd0, 0xbe, 0x7d, 0xbc, 0xea, 0x2e, 0x49, 0xa4, 0x7d, 0x9c, 0x69, 0x1e, 0xd7, 
		0x0c, 0xfc, 0x44, 0x4e, 0x8a, 0xe8, 0x10, 0xe2, 0x26, 0x9e, 0xd8, 0xba, 0x21, 0x91, 0x13, 0x37, 
		0xae, 0x68, 0x59, 0xb6, 0x11, 0xc3, 0xe9, 0xb3, 0x79, 0x6b, 0x31, 0x7e, 0x0f, 0x6e, 0x71, 0xe6, 
		0x8c, 0xe4, 0x33, 0xac, 0x75, 0x37, 0xd7, 0x59, 0xc5, 0x67, 0xae, 0x6f, 0x50, 0x16, 0xb5, 0x64, 
		0x34, 0x7d, 0xf6, 0x6e, 0x4d, 0x57, 0xe5, 0xbc, 0x92, 0x5b, 0x3b, 0x7b, 0x7e, 0x20, 0xdd, 0xa5, 
		0x1e, 0xf8, 0xba, 0x1d, 0xf4, 0xb5, 0x95, 0xbe, 0x6a, 0x56, 0xd5, 0x34, 0x76, 0x59, 0xd8, 0x92, 
		0xd9, 0xf4, 0x59, 0xbc, 0xf5, 0x48, 0x7b, 0x5c, 0x83, 0x8b, 0x6b, 0x70, 0x71, 0x0d, 0x2e, 0xae, 
		0xc1, 0xdd, 0x2f, 0xe1, 0xe0, 0x1a, 0xdc, 0x67, 0x75, 0x0d, 0x6e, 0x9a, 0x88, 0xd8, 0x8b, 0xa3, 
		0xa0, 0xc2, 0x85, 0xb2, 0x6c, 0xf5, 0xe4, 0x5e, 0xb6, 0x81, 0x17, 0xd5, 0xc6, 0x8b, 0x2a, 0xd9, 
		0xe5, 0x7a, 0x52, 0x4e, 0x45, 0x0b, 0x86, 0xd3, 0x67, 0xf3, 0x36, 0x75, 0xb7, 0x81, 0x9d, 0x2d, 
		0x18, 0xa9, 0x9b, 0x40, 0x71, 0xdb, 0x2a, 0xae, 0xe6, 0x96, 0xbb, 0xcd, 0x52, 0x2d, 0x7f, 0x98, 
		0xdb, 0xf4, 0x79, 0x8c, 0x8b, 0xc7, 0xd7, 0xbb, 0x3c, 0xb8, 0x78, 0xfc, 0x50, 0x2f, 0x9e, 0xc6, 
		0xc5, 0xe3, 0x87, 0x2d, 0xff, 0xcc, 0xe5, 0x6f, 0x93, 0x37, 0xcd, 0xbe, 0xa6, 0x29, 0xcb, 0x93, 
		0x36, 0xe7, 0xc4, 0x12, 0x31, 0xd5, 0x18, 0xd9, 0xed, 0xfc, 0x9c, 0xdf, 0x9c, 0xfc, 0x64, 0xd7, 
		0xc8, 0x6e, 0x72, 0xb9, 0x66, 0x18, 0x79, 0xd9, 0x30, 0xb1, 0x23, 0x36, 0xbc, 0x62, 0xe4, 0xb8, 
		0x51, 0x1b, 0x59, 0x05, 0x9b, 0x12, 0xba, 0x42, 0x4e, 0xd3, 0x79, 0xcd, 0x95, 0x98, 0x78, 0x6b, 
		0x40, 0x75, 0x6b, 0x1a, 0x6d, 0x08, 0xe3, 0x2a, 0xdf, 0xc4, 0x4c, 0xe4, 0x40, 0xf5, 0xf0, 0x66, 
		0xa7, 0x8c, 0x28, 0x28, 0x5b, 0x01, 0x5e, 0x5b, 0x91, 0xf0, 0x56, 0x89, 0xb8, 0x24, 0x72, 0x1f, 
		0x1c, 0xa5, 0x25, 0x62, 0xd3, 0x21, 0x6c, 0x6b, 0x99, 0xfc, 0xb3, 0x68, 0xc9, 0x7f, 0x17, 0xb7, 
		0x6a, 0x98, 0xe8, 0x48, 0x5b, 0xd5, 0x1a, 0xeb, 0x1f, 0xde, 0xa6, 0xae, 0xfc, 0x8e, 0x15, 0x51, 
		0x97, 0xc5, 0xc1, 0x4b, 0xbd, 0x56, 0x4c, 0x28, 0x9e, 0xc6, 0x6c, 0x7e, 0x4d, 0xd6, 0x9c, 0xcb, 
		0xd0, 0xf3, 0xaf, 0xf4, 0x1c, 0xe7, 0x65, 0x74, 0x15, 0x17, 0x66, 0xc9, 0xf0, 0x5b, 0x22, 0xfc, 
		0x65, 0x61, 0xbf, 0x4c, 0xf8, 0xe9, 0xc5, 0x42, 0xa5, 0x71, 0xe8, 0xdc, 0x9e, 0xd5, 0xf0, 0x26, 
		0xcd, 0x09, 0xe7, 0x3d, 0x7a, 0x90, 0x56, 0xdf, 0xb2, 0xe5, 0x4b, 0xb5, 0xaa, 0x0a, 0x52, 0x2c, 
		0xa4, 0x56, 0xe8, 0x4f, 0xb9, 0x6c, 0x5a, 0xa5, 0x3e, 0x55, 0xc5, 0xc8, 0x9a, 0xaf, 0x3a, 0x5b, 
		0xde, 0xad, 0x9d, 0xce, 0x3b, 0x5a, 0x49, 0x25, 0x6e, 0x15, 0xd6, 0x62, 0xac, 0xed, 0x2a, 0x4a, 
		0x1a, 0xde, 0x00, 0x95, 0x4f, 0xc3, 0x46, 0xea, 0x2a, 0xc5, 0x2e, 0x7d, 0x4e, 0x25, 0x69, 0x0a, 
		0x6d, 0xb5, 0x95, 0xe1, 0xcc, 0xcb, 0xc3, 0x56, 0x97, 0xd7, 0x6e, 0xd5, 0x04, 0xda, 0xd4, 0x6a, 
		0xb5, 0x12, 0x17, 0x4d, 0x18, 0x9f, 0x71, 0x19, 0x26, 0xaa, 0xa2, 0xd9, 0x32, 0x9c, 0xe5, 0xa9, 
		0xdd, 0xfe, 0x9c, 0x30, 0xeb, 0x65, 0x04, 0x74, 0x5a, 0xfc, 0x66, 0xb3, 0xed, 0xb7, 0x1a, 0x85, 
		0xe2, 0xb7, 0x94, 0x9b, 0x44, 0xab, 0x5d, 0x9a, 0x7b, 0x3d, 0xdf, 0x79, 0xbf, 0xb9, 0x7f, 0xda, 
		0x7e, 0xa5, 0xb1, 0xc3, 0x3d, 0x26, 0x23, 0xa5, 0x8a, 0x20, 0x53, 0x5e, 0xcf, 0x29, 0x1d, 0xe4, 
		0x19, 0x81, 0x0b, 0x99, 0x42, 0x92, 0xbb, 0x3e, 0x3b, 0x98, 0xc5, 0x82, 0x2b, 0x11, 0x7b, 0xea, 
		0xaa, 0xb2, 0xa3, 0x55, 0x29, 0x76, 0xa5, 0x98, 0x57, 0xb2, 0xbc, 0x12, 0x12, 0xdc, 0xad, 0x04, 
		0xed, 0x2d, 0xdd, 0x06, 0xf8, 0xb9, 0x2d, 0x2d, 0xaa, 0xfb, 0xe5, 0x94, 0xe4, 0xb6, 0x3b, 0x1b, 
		0x1a, 0x88, 0x24, 0x71, 0x07, 0xe2, 0xb2, 0xac, 0x66, 0x4b, 0x4d, 0xa2, 0x04, 0x0c, 0x41, 0x02, 
		0x43, 0x30, 0xb0, 0x87, 0x60, 0x50, 0x1f, 0x82, 0xa5, 0xa8, 0x30, 0xfe, 0xe8, 0x8e, 0x3f, 0xcd, 
		0x16, 0x3f, 0x90, 0x22, 0xac, 0x65, 0x3b, 0xb7, 0x4b, 0x1f, 0xde, 0x83, 0x98, 0x08, 0xb3, 0x0f, 
		0xb4, 0x17, 0xb0, 0xda, 0x8d, 0x77, 0x1a, 0xb8, 0xe2, 0xf9, 0xce, 0x42, 0x72, 0x23, 0xb3, 0xed, 
		0xcd, 0x7e, 0x67, 0xd4, 0xb9, 0x96, 0x13, 0x11, 0xe5, 0x17, 0x1d, 0x5f, 0x47, 0xd2, 0xaf, 0x5e, 
		0x55, 0x6c, 0x7e, 0xa5, 0xa9, 0xcc, 0x7f, 0xa3, 0xb5, 0x28, 0xfb, 0xc5, 0xa8, 0xdf, 0xcd, 0xdb, 
		0x8f, 0x06, 0x3b, 0x0e, 0xbe, 0xb3, 0x84, 0xec, 0x9e, 0x93, 0xd6, 0xaa, 0x1e, 0xa7, 0x04, 0x10, 
		0xfd, 0x5a, 0xd1, 0x6f, 0xed, 0xbe, 0xbe, 0x34, 0x8e, 0xb5, 0x38, 0x57, 0xaf, 0xbf, 0x57, 0xb5, 
		0xd8, 0x70, 0xed, 0x9d, 0xbf, 0x66, 0xdf, 0xd7, 0xdd, 0xb4, 0xd4, 0x96, 0xd2, 0x4c, 0x45, 0xd1, 
		0xc3, 0x87, 0xb4, 0x76, 0x2d, 0xad, 0xd6, 0xce, 0x20, 0x44, 0xb5, 0x5b, 0x51, 0x69, 0x26, 0x4c, 
		0xb8, 0x6d, 0xf8, 0xf5, 0x53, 0xb3, 0x91, 0x9f, 0xf0, 0x3b, 0x3d, 0xad, 0xdf, 0x08, 0xf1, 0x8d, 
		0x96, 0xd8, 0x36, 0x9d, 0xc6, 0xdf, 0xf1, 0xec, 0xa6, 0x7e, 0x3d, 0x8f, 0xff, 0x14, 0xcb, 0x7c, 
		0x12, 0xff, 0x68, 0x7e, 0xad, 0xa7, 0xf0, 0x0b, 0xae, 0x35, 0x76, 0x68, 0xee, 0x62, 0xd4, 0x65, 
		0xa7, 0x9d, 0x51, 0xe7, 0xf3, 0x55, 0x1a, 0x6b, 0x87, 0xea, 0xcc, 0xdc, 0xaa, 0xa6, 0xfd, 0xae, 
		0x97, 0x9d, 0x51, 0xe7, 0x9f, 0x66, 0xcb, 0xfd, 0x95, 0xf9, 0x4b, 0x7c, 0x9b, 0xf0, 0x3b, 0xdd, 
		0xe4, 0x75, 0xfe, 0x28, 0xc2, 0x49, 0x35, 0x50, 0x3f, 0xfb, 0xee, 0xc8, 0xa4, 0x08, 0x92, 0x46, 
		0x89, 0xf4, 0x37, 0xb5, 0x13, 0xa0, 0xbf, 0x38, 0x1a, 0x74, 0xcd, 0xf7, 0x46, 0xc3, 0x6e, 0xfe, 
		0x35, 0xad, 0x81, 0x9f, 0x4d, 0x60, 0x71, 0xd7, 0x7c, 0x69, 0xf4, 0xb2, 0xbb, 0xfc, 0xce, 0xe8, 
		0x55, 0x77, 0xf9, 0x95, 0xd1, 0xeb, 0xad, 0xba, 0x0f, 0x99, 0x67, 0xe7, 0x2e, 0x11, 0xec, 0xd2, 
		0xf5, 0x87, 0xe1, 0xda, 0x33, 0xb0, 0x5a, 0xb3, 0xa3, 0x62, 0x65, 0xc0, 0xd2, 0xa4, 0x52, 0xe3, 
		0x85, 0xe2, 0x86, 0x69, 0x67, 0x42, 0xf0, 0xc9, 0x31, 0x2d, 0xa5, 0xa3, 0x05, 0x6f, 0xb4, 0x79, 
		0xe6, 0x78, 0xee, 0xb5, 0xaa, 0xc3, 0x94, 0xcd, 0x56, 0xc6, 0x06, 0x15, 0x15, 0x08, 0xc5, 0xcd, 
		0x0a, 0x0d, 0xd0, 0x35, 0xab, 0xee, 0x28, 0xb4, 0xc5, 0x5e, 0xa0, 0xde, 0x58, 0x18, 0xc5, 0x73, 
		0x1e, 0xb0, 0x8c, 0xa5, 0x09, 0xe3, 0xe1, 0xe4, 0x87, 0x28, 0x2e, 0x1f, 0x6f, 0xa4, 0xc9, 0x37, 
		0x3e, 0x33, 0xf7, 0x26, 0x89, 0xdb, 0x45, 0x9c, 0x9d, 0x14, 0x13, 0xc9, 0x16, 0xd0, 0x06, 0xea, 
		0xb5, 0x56, 0xfb, 0xa9, 0xab, 0xb5, 0xb9, 0x9c, 0x6e, 0x26, 0xec, 0xae, 0x64, 0xcf, 0xcd, 0x54, 
		0xd6, 0x05, 0x45, 0x9e, 0xe6, 0x35, 0x99, 0xd6, 0xb6, 0x7d, 0x83, 0x39, 0x5f, 0xb8, 0x33, 0x5e, 
		0x59, 0xf4, 0xb0, 0x52, 0x59, 0x4d, 0x29, 0x71, 0x77, 0x43, 0xcf, 0x69, 0xca, 0xcd, 0xfc, 0xd1, 
		0x33, 0x6b, 0x30, 0x3f, 0x77, 0x9c, 0x02, 0x61, 0xb0, 0x91, 0xda, 0x73, 0x9a, 0x4f, 0x4e, 0x73, 
		0xcf, 0x69, 0x9e, 0xf8, 0x57, 0x7c, 0x71, 0xdd, 0xcf, 0xdd, 0xa7, 0x45, 0xd6, 0x46, 0x7b, 0x4f, 
		0x2a, 0xa8, 0x7a, 0x45, 0xe6, 0x9d, 0x9a, 0x07, 0xfa, 0x8d, 0xda, 0x5e, 0x98, 0xf7, 0x69, 0xaf, 
		0x48, 0xbf, 0x4d, 0x7b, 0x45, 0xe5, 0xbb, 0xb4, 0x6b, 0x64, 0xde, 0xa4, 0x3d, 0x23, 0xfd, 0x9e, 
		0xd1, 0xd9, 0x56, 0xfd, 0x1e, 0x19, 0x2a, 0x11, 0x4f, 0xb9, 0x93, 0xca, 0xb0, 0x28, 0x7b, 0x38, 
		0x19, 0x55, 0xd9, 0x96, 0xea, 0x5e, 0x28, 0x2d, 0xa7, 0xa6, 0x64, 0x97, 0xeb, 0xd2, 0x38, 0x15, 
		0x1b, 0x30, 0x9e, 0x3e, 0xbb, 0xb7, 0xa6, 0xcb, 0x8b, 0x86, 0x8c, 0x40, 0x56, 0xe1, 0x6a, 0xa6, 
		0x7e, 0x38, 0x2f, 0x12, 0xec, 0xec, 0xc7, 0x06, 0xbf, 0x5c, 0x5c, 0x0f, 0x1f, 0xca, 0xbc, 0x73, 
		0x74, 0xf4, 0xe5, 0xc4, 0x7b, 0xfd, 0xf5, 0x3f, 0x5f, 0x7a, 0xde, 0xeb, 0xaf, 0xd9, 0x9f, 0x3d, 
		0xf3, 0x9f, 0xec, 0xef, 0xfe, 0x97, 0x13, 0x6f, 0x58, 0xfc, 0x7d, 0xfa, 0xe5, 0xc4, 0x3b, 0xfd, 
		0x7a, 0x7c, 0x79, 0xf9, 0xe2, 0xf8, 0xf7, 0xc1, 0xfd, 0xe6, 0x3f, 0x3c, 0xfa, 0xd3, 0x97, 0xcb, 
		0xcb, 0xc5, 0xef, 0xbf, 0xdc, 0xeb, 0x7f, 0x7f, 0xbe, 0xff, 0xfa, 0xd7, 0xe3, 0xbf, 0x75, 0x76, 
		0x7b, 0xe8, 0xba, 0x14, 0x7b, 0x6d, 0xa4, 0x39, 0x35, 0x9b, 0x6b, 0x05, 0x74, 0xe1, 0x31, 0xba, 
		0xb0, 0x3d, 0x2b, 0x70, 0x7d, 0xd6, 0x68, 0x07, 0xac, 0xe2, 0x75, 0x32, 0xbf, 0x3e, 0xdb, 0x3b, 
		0x5b, 0x70, 0xf6, 0xb0, 0xfc, 0x47, 0xff, 0xb1, 0x33, 0x6f, 0x9d, 0x74, 0x87, 0xf7, 0xc7, 0xa3, 
		0xe3, 0x23, 0xb7, 0x6c, 0x74, 0xfc, 0xfb, 0x49, 0xf7, 0xf4, 0xfe, 0xe8, 0xa8, 0xa1, 0xe6, 0x6f, 
		0x4d, 0xef, 0x38, 0xfe, 0xcf, 0xd1, 0xd1, 0x51, 0x2e, 0xf9, 0x8a, 0x36, 0x7c, 0x39, 0xe9, 0x7d, 
		0xfd, 0x9b, 0xf9, 0x33, 0xfb, 0xb7, 0xd4, 0xa7, 0x56, 0x8d, 0x8f, 0x1b, 0xb5, 0xa8, 0xab, 0xf5, 
		0xf8, 0xff, 0x8e, 0xbe, 0xfe, 0x75, 0x74, 0xfc, 0xfb, 0xd9, 0x7d, 0xf1, 0xb7, 0xf9, 0xf7, 0xf8, 
		0x3f, 0x47, 0x2f, 0xfe, 0x72, 0x79, 0xf9, 0xe2, 0xc5, 0x5f, 0x8e, 0xb3, 0x3e, 0xe5, 0xed, 0xfe, 
		0x92, 0xd5, 0xfe, 0x6d, 0x34, 0xaa, 0x15, 0x1d, 0x1f, 0xfd, 0xe9, 0x05, 0x05, 0x3b, 0xb5, 0x94, 
		0x5e, 0xdd, 0x52, 0xb9, 0x75, 0x8f, 0xd1, 0x5b, 0x68, 0xeb, 0x73, 0xd3, 0xd6, 0x6d, 0x59, 0xd2, 
		0x7f, 0x45, 0x32, 0x34, 0xf7, 0xef, 0x78, 0xd1, 0xd4, 0xab, 0x6e, 0xa9, 0xd7, 0xaa, 0x5c, 0xcd, 
		0xd4, 0x0d, 0x4c, 0x7a, 0x21, 0xb3, 0x0b, 0xc3, 0xa9, 0x1c, 0x8e, 0x86, 0xd9, 0x85, 0x42, 0x95, 
		0xf5, 0x62, 0x5e, 0x44, 0x6a, 0x98, 0x5c, 0x5d, 0xcd, 0xe7, 0xd5, 0xc5, 0xb5, 0x3b, 0x46, 0xbe, 
		0x9c, 0x78, 0x85, 0x1a, 0xe6, 0xda, 0x79, 0x3c, 0x3a, 0x32, 0xca, 0x9a, 0x29, 0xa5, 0x49, 0xb5, 
		0x58, 0x3c, 0x68, 0xbd, 0xb9, 0xef, 0x6a, 0x1b, 0x15, 0x2b, 0x97, 0x01, 0x56, 0xe1, 0xb3, 0x67, 
		0xc1, 0x32, 0x40, 0xaa, 0x24, 0x9a, 0x59, 0x0a, 0xb0, 0xad, 0x81, 0x65, 0xe7, 0xcd, 0x5c, 0x12, 
		0x5c, 0xcd, 0xa6, 0xb9, 0xca, 0xd0, 0x5b, 0xc9, 0x40, 0xf7, 0xc3, 0x3f, 0xf1, 0x65, 0xe2, 0x47, 
		0x9e, 0x45, 0xdc, 0x5a, 0xa1, 0x5a, 0x36, 0xfb, 0xaf, 0x97, 0x97, 0x2f, 0xd6, 0x3c, 0xee, 0x78, 
		0xe2, 0xb6, 0x09, 0x72, 0xe6, 0xed, 0x5a, 0xd5, 0x23, 0xa4, 0x79, 0x40, 0x32, 0xdc, 0xda, 0xa8, 
		0x33, 0x80, 0x1d, 0x5b, 0x4e, 0x59, 0x41, 0xbb, 0xf8, 0x43, 0x11, 0x2a, 0xe9, 0x67, 0x91, 0x64, 
		0xf9, 0xd5, 0x73, 0xcd, 0xf2, 0xda, 0xed, 0x65, 0x5f, 0x91, 0xea, 0xd9, 0x5f, 0xcb, 0x9e, 0x5d, 
		0x02, 0x8b, 0x52, 0x42, 0x0a, 0xd6, 0x78, 0x5f, 0x65, 0x9b, 0x3b, 0xc2, 0xe9, 0x93, 0xb1, 0xf1, 
		0x65, 0xb7, 0xd4, 0x49, 0x32, 0x59, 0xe0, 0x52, 0x69, 0xb5, 0xd1, 0x4f, 0xab, 0x47, 0x51, 0x94, 
		0x4a, 0xcc, 0x58, 0x04, 0x66, 0xac, 0x28, 0x95, 0xee, 0x4c, 0x55, 0x16, 0x3d, 0x42, 0x7a, 0x07, 
		0x24, 0xb3, 0x6d, 0xcd, 0x50, 0x8b, 0x80, 0xab, 0x69, 0x14, 0xcf, 0xdd, 0x43, 0xb9, 0x6a, 0xf9, 
		0xba, 0xcc, 0x1e, 0x6e, 0x4b, 0x42, 0x12, 0xda, 0xe5, 0xc9, 0xc0, 0x22, 0x8a, 0x6b, 0xf0, 0xff, 
		0x65, 0xd9, 0x03, 0x0e, 0x40, 0x79, 0xd2, 0xb2, 0x1f, 0xd6, 0x6b, 0xf3, 0x34, 0x03, 0xaa, 0xd7, 
		0xf3, 0x34, 0x37, 0x8a, 0xe4, 0x02, 0xfd, 0xe2, 0xc9, 0x1c, 0x85, 0x0e, 0xb2, 0xa7, 0x6a, 0x3e, 
		0x81, 0xf2, 0x27, 0x26, 0x8b, 0x40, 0xfe, 0x03, 0x73, 0xd2, 0x99, 0x37, 0xcf, 0x13, 0x07, 0xec, 
		0xce, 0xda, 0x95, 0xe2, 0x75, 0x6d, 0x9e, 0x53, 0xf1, 0x38, 0xe1, 0x43, 0xe4, 0x2b, 0x45, 0xbe, 
		0xad, 0x31, 0x1d, 0x8b, 0x24, 0x0d, 0x6a, 0xa3, 0xda, 0x2e, 0x5d, 0x2d, 0xda, 0xac, 0x55, 0x7e, 
		0x35, 0x56, 0x64, 0xea, 0x79, 0x10, 0xdc, 0xb1, 0x69, 0x14, 0x33, 0xce, 0x92, 0x85, 0xf0, 0xe5, 
		0x54, 0xfa, 0xac, 0x5c, 0x20, 0x10, 0x70, 0xed, 0x39, 0xe7, 0x0d, 0x97, 0x64, 0xdb, 0xa5, 0xb5, 
		0x2c, 0x11, 0x9c, 0xef, 0xd9, 0xf5, 0xd8, 0x7c, 0x26, 0x42, 0xe5, 0x85, 0x91, 0xf2, 0xa6, 0x51, 
		0x1a, 0x56, 0x92, 0x61, 0x38, 0x35, 0x35, 0x5a, 0x75, 0x3d, 0x0b, 0x23, 0xc5, 0x4c, 0xfd, 0xbe, 
		0xd0, 0x9b, 0xa5, 0x71, 0x50, 0x39, 0x54, 0x7a, 0x49, 0x6d, 0xa5, 0xdc, 0xa5, 0xb5, 0xc8, 0x7f, 
		0xb3, 0x1f, 0x34, 0x6e, 0xbe, 0xea, 0xce, 0x07, 0xa7, 0x5e, 0x77, 0xb3, 0x05, 0x8f, 0x95, 0xf4, 
		0x0d, 0xc2, 0x8b, 0xd2, 0x60, 0xdc, 0x60, 0x9d, 0x9d, 0x93, 0x43, 0xa3, 0xdf, 0x30, 0x22, 0x30, 
		0x22, 0xfb, 0x6b, 0x44, 0x1a, 0x54, 0xd7, 0xa9, 0xa8, 0x19, 0x95, 0x6c, 0xa7, 0x6e, 0xbf, 0x14, 
		0x38, 0x8c, 0xc2, 0x0a, 0xc4, 0x57, 0x3f, 0xd6, 0xd3, 0x0d, 0xee, 0x09, 0x31, 0x49, 0xea, 0xfb, 
		0xce, 0x15, 0x6d, 0x79, 0x89, 0x4b, 0x52, 0x5e, 0xbe, 0x17, 0x74, 0xb5, 0xde, 0x9e, 0x84, 0xf5, 
		0x87, 0xf5, 0x87, 0xf5, 0x87, 0xf5, 0x87, 0xf5, 0x7f, 0x66, 0xd6, 0x7f, 0xe3, 0x53, 0x1d, 0xcc, 
		0x04, 0x98, 0x09, 0x30, 0x13, 0x60, 0x26, 0xc0, 0x4c, 0xf0, 0xac, 0x66, 0x02, 0x68, 0x25, 0xb4, 
		0x92, 0x1a, 0x5d, 0x86, 0xb2, 0xd5, 0x09, 0xff, 0xff, 0x68, 0x9a, 0xff, 0xbd, 0x38, 0x05, 0xa5, 
		0x15, 0xf6, 0xe7, 0xb2, 0x7c, 0xd5, 0x45, 0x04, 0xd5, 0xfa, 0x3f, 0x22, 0x17, 0xfa, 0xd2, 0xd8, 
		0xd6, 0x39, 0x61, 0x1e, 0x30, 0xe9, 0x1e, 0x14, 0x56, 0x8a, 0x1f, 0x0e, 0xb7, 0xcc, 0x8e, 0x0a, 
		0x69, 0xea, 0xfa, 0xa6, 0xc7, 0xbf, 0x37, 0x32, 0x2e, 0x6f, 0x12, 0xd0, 0x7f, 0x07, 0xda, 0xe0, 
		0xd9, 0x87, 0xbd, 0x59, 0x03, 0x4d, 0x51, 0x59, 0x3d, 0xea, 0xed, 0xf8, 0x3c, 0xdf, 0x96, 0x57, 
		0x7d, 0xf8, 0xb8, 0x75, 0xed, 0x04, 0x7a, 0xb0, 0x62, 0xdc, 0xda, 0xd8, 0xab, 0xe4, 0x38, 0x4b, 
		0x1a, 0x92, 0x9c, 0x59, 0x82, 0x99, 0xa9, 0x42, 0x38, 0x54, 0x07, 0x5a, 0xfb, 0xfb, 0xa7, 0xfa, 
		0x8f, 0xca, 0xa6, 0x75, 0x76, 0x7a, 0xda, 0x7b, 0x4d, 0x3f, 0xa5, 0xaa, 0x91, 0x6b, 0x6d, 0x0c, 
		0x16, 0x45, 0xad, 0x24, 0x0c, 0xb9, 0xee, 0x3c, 0x4f, 0x5a, 0xb7, 0x93, 0x24, 0xd2, 0xde, 0x16, 
		0x31, 0x8f, 0x6b, 0xa4, 0x97, 0xc8, 0x89, 0x73, 0x7b, 0x0a, 0xd5, 0x71, 0x4a, 0xcc, 0xf9, 0x4b, 
		0xe4, 0xc4, 0x05, 0xa1, 0x2d, 0xcb, 0x36, 0x62, 0x38, 0x7d, 0x36, 0x6f, 0xed, 0xaa, 0x7e, 0x3e, 
		0xb3, 0x7a, 0xa2, 0x9f, 0x56, 0x30, 0x92, 0xcf, 0xb0, 0x60, 0xd9, 0x5c, 0x67, 0x15, 0x9f, 0xb9, 
		0x06, 0xbe, 0x2c, 0x6a, 0xc9, 0x68, 0xfa, 0xec, 0xdd, 0x9a, 0xae, 0xca, 0x79, 0xe5, 0x7a, 0xd6, 
		0xec, 0xf9, 0xe1, 0xb0, 0x23, 0xd3, 0x0e, 0xfa, 0xda, 0x4a, 0x5f, 0x35, 0xab, 0x6a, 0x1a, 0xbb, 
		0x2c, 0x6c, 0xc9, 0x6c, 0xfa, 0x2c, 0xc6, 0xe5, 0xf3, 0xcf, 0x4a, 0x6f, 0x71, 0xf9, 0x3c, 0x2e, 
		0x9f, 0xdf, 0x5b, 0xc5, 0xc5, 0xe5, 0xf3, 0x4f, 0x9b, 0xb5, 0x7a, 0x11, 0x0b, 0xf7, 0xbe, 0xe1, 
		0xb2, 0xa8, 0x96, 0xe0, 0x34, 0x9a, 0x49, 0x9f, 0x07, 0xde, 0x9b, 0x5f, 0xde, 0xfd, 0x50, 0xfc, 
		0xfd, 0xf7, 0x4f, 0x06, 0x34, 0x1d, 0x04, 0x59, 0x9e, 0x53, 0x19, 0xce, 0xcc, 0xa5, 0x97, 0x59, 
		0xff, 0x58, 0x1a, 0x4e, 0x4c, 0x32, 0x79, 0x99, 0x90, 0xb9, 0xff, 0xf9, 0x23, 0x0f, 0x27, 0x5c, 
		0x45, 0xf1, 0x9d, 0x81, 0x43, 0xfc, 0xc1, 0xed, 0x30, 0x43, 0xb3, 0xc7, 0x83, 0x20, 0xdf, 0x12, 
		0xcb, 0x9f, 0xc3, 0xbb, 0x3c, 0xaa, 0x25, 0x7b, 0x36, 0xe7, 0x55, 0xf6, 0x26, 0xd9, 0xf2, 0x67, 
		0x9a, 0xf2, 0xe5, 0x8f, 0x74, 0x8f, 0xac, 0x9f, 0x98, 0xe0, 0x16, 0x23, 0xa3, 0x48, 0x45, 0x7e, 
		0x14, 0x54, 0x64, 0x94, 0x17, 0xb9, 0x32, 0x2a, 0x2a, 0x88, 0x5f, 0xbb, 0xbd, 0x29, 0xa3, 0x79, 
		0x54, 0xb0, 0x58, 0x4c, 0xa2, 0xf0, 0x9b, 0x30, 0x79, 0xc7, 0x4f, 0xcc, 0x19, 0x59, 0x18, 0x2f, 
		0x7c, 0xfd, 0xa4, 0x2b, 0xef, 0xe6, 0xc9, 0x2c, 0xce, 0x79, 0x3f, 0xe5, 0x89, 0x52, 0x31, 0xf7, 
		0xbf, 0xe5, 0x49, 0x35, 0x67, 0x61, 0xaa, 0x44, 0x10, 0xf0, 0x3c, 0xb3, 0xe6, 0x95, 0x52, 0x8b, 
		0x3c, 0xab, 0xa6, 0x9c, 0x97, 0x59, 0x35, 0xbf, 0xf1, 0x7f, 0x73, 0xde, 0xcf, 0xd3, 0x92, 0xcf, 
		0x93, 0x30, 0x7f, 0xdf, 0x2b, 0x13, 0xc3, 0xb5, 0x18, 0xe4, 0x69, 0xc9, 0x93, 0xb9, 0x5a, 0x54, 
		0x04, 0xaa, 0xbb, 0xa7, 0xb9, 0x59, 0x74, 0x4e, 0x0b, 0x72, 0xf9, 0xfd, 0x51, 0xbf, 0xbb, 0xfc, 
		0xfa, 0x68, 0xd0, 0xcd, 0xbe, 0x3d, 0x1a, 0x76, 0xb3, 0x2f, 0x8f, 0x4e, 0xbb, 0xc5, 0x77, 0x47, 
		0x67, 0xdd, 0xf2, 0xab, 0xa3, 0x97, 0xdd, 0xec, 0x9b, 0xa3, 0x57, 0xdd, 0xec, 0x8b, 0xa3, 0xd7, 
		0xdd, 0x82, 0xde, 0x51, 0xef, 0xa4, 0x9b, 0x53, 0x3b, 0xea, 0xf5, 0xf2, 0xe3, 0xb7, 0x74, 0xac, 
		0x35, 0x61, 0x5c, 0xf1, 0xfb, 0xad, 0x42, 0x57, 0x55, 0xde, 0x99, 0x1b, 0x7a, 0xd9, 0x1e, 0x5c, 
		0xd2, 0xde, 0x74, 0x8c, 0xea, 0x1c, 0xad, 0x34, 0x1e, 0xa9, 0x94, 0x7e, 0x76, 0x41, 0x9a, 0x47, 
		0x8f, 0xb4, 0x4d, 0x07, 0x82, 0x39, 0x12, 0xf6, 0xfc, 0x28, 0x54, 0x71, 0x39, 0x26, 0xf8, 0x62, 
		0x11, 0xf2, 0xeb, 0x5c, 0xef, 0x97, 0x55, 0x5a, 0xeb, 0x65, 0x98, 0x2c, 0x84, 0x5f, 0x24, 0xe2, 
		0x9f, 0xa7, 0x81, 0x92, 0x3e, 0x4f, 0x94, 0x37, 0x0d, 0xa2, 0x9b, 0x24, 0xd7, 0xff, 0x44, 0x65, 
		0xa3, 0xc4, 0xa4, 0x95, 0x8d, 0xf9, 0x74, 0x2a, 0xfd, 0x7c, 0x04, 0x24, 0x52, 0x09, 0x6f, 0xce, 
		0x43, 0x3e, 0x13, 0xc5, 0x30, 0x08, 0x67, 0xc9, 0x8d, 0xf7, 0x5b, 0x54, 0xdd, 0xf5, 0x77, 0x7a, 
		0xa5, 0xf9, 0x99, 0xf7, 0x49, 0x8f, 0x84, 0xb2, 0xb8, 0xdf, 0x2d, 0xfb, 0x63, 0x12, 0xd2, 0x3a, 
		0xbd, 0xd1, 0x23, 0xa2, 0x7c, 0xbd, 0xd1, 0x7a, 0xfb, 0xf3, 0x7a, 0x3c, 0x64, 0x3d, 0x35, 0x69, 
		0x6b, 0xf3, 0x7e, 0x9a, 0xd4, 0xb5, 0xf7, 0xbb, 0x49, 0x66, 0x7c, 0x7f, 0xff, 0xff, 0x07, 0x00, 
		0x00, 0xff, 0xff, 0x8d, 0xcf, 0xb1, 0x94, 0x07, 0x99, 0x07, 0x00, 
	}
