// Code generated by cisco-vk-yang-sync. DO NOT EDIT.
// Per-family goyang schema: terminal entries extracted from the Cisco-IOS-XE
// native YANG tree for the paths declared in this family's yang_paths.
// The UnzipSchema function is API-compatible with the ygot-generated version
// so register.go works unchanged.

package cfgval_interface_vlan_1718

import (
	"bytes"
	"compress/gzip"
	"encoding/json"
	"fmt"
	"io"

	"github.com/openconfig/goyang/pkg/yang"
)

// FamilyRoot is a placeholder kept for compatibility with any code that
// references this type by name. The real schema lives in ySchema / UnzipSchema.
type FamilyRoot struct{}

// UnzipSchema decompresses ySchema, reconstructs the yang.Entry tree, and
// returns the map[string]*yang.Entry that register.go and ValidateBody use.
func UnzipSchema() (map[string]*yang.Entry, error) {
	r, err := gzip.NewReader(bytes.NewReader(ySchema))
	if err != nil {
		return nil, fmt.Errorf("gzip reader: %w", err)
	}
	raw, err := io.ReadAll(r)
	if err != nil {
		return nil, fmt.Errorf("gzip read: %w", err)
	}
	var root yang.Entry
	if err := json.Unmarshal(raw, &root); err != nil {
		return nil, fmt.Errorf("unmarshal schema: %w", err)
	}
	// Rebuild parent pointers recursively.
	var setParents func(e *yang.Entry)
	setParents = func(e *yang.Entry) {
		for _, child := range e.Dir {
			child.Parent = e
			setParents(child)
		}
	}
	setParents(&root)
	return map[string]*yang.Entry{"FamilyRoot": &root}, nil
}

var ySchema = []byte{
		0x1f, 0x8b, 0x08, 0x00, 0x00, 0x00, 0x00, 0x00, 0x00, 0xff, 0xec, 0xbd, 0x0b, 0x73, 0xdb, 0x38, 
		0xd2, 0x2e, 0xfc, 0x57, 0x70, 0x54, 0xf5, 0x56, 0xec, 0x5d, 0xd2, 0x11, 0x65, 0xf9, 0xc6, 0xad, 
		0xa9, 0x2d, 0x4f, 0x2e, 0x33, 0xa9, 0x4d, 0x32, 0x5e, 0x27, 0x33, 0x5b, 0xdf, 0x97, 0xc9, 0xd9, 
		0x82, 0x48, 0x48, 0xc2, 0x1b, 0x8a, 0xe0, 0x82, 0xa0, 0x1c, 0xef, 0x8c, 0xff, 0xfb, 0x29, 0x80, 
		0x37, 0x80, 0xa4, 0x6c, 0xc9, 0x71, 0x0c, 0x4a, 0xee, 0xad, 0xad, 0x89, 0xd9, 0x80, 0x48, 0xa0, 
		0xd1, 0x68, 0xf4, 0xd3, 0x68, 0x34, 0xfe, 0x18, 0xbc, 0xc7, 0x0b, 0x32, 0xf0, 0x07, 0xaf, 0xf1, 
		0x82, 0x46, 0xd7, 0x97, 0x8c, 0x89, 0x81, 0x33, 0xf8, 0x07, 0x8d, 0xc3, 0x81, 0x3f, 0x74, 0x06, 
		0x2f, 0x58, 0x3c, 0xa5, 0x33, 0xf5, 0xe7, 0x4b, 0xca, 0x07, 0xfe, 0x1f, 0x83, 0xdf, 0x22, 0x1c, 
		0xcb, 0x7f, 0x8b, 0x9f, 0xa9, 0x47, 0x67, 0xf0, 0x92, 0xa4, 0x01, 0xa7, 0x89, 0xa0, 0x2c, 0x2e, 
		0x88, 0x69, 0xf5, 0x1a, 0xcf, 0x78, 0xcd, 0x05, 0x27, 0x53, 0xfa, 0x55, 0x7b, 0x03, 0x65, 0xb2, 
		0xea, 0x07, 0x96, 0xf1, 0x80, 0x48, 0xf2, 0x3f, 0xc8, 0xf5, 0x15, 0xe3, 0xe1, 0xc0, 0x1f, 0x24, 
		0x79, 0x55, 0x67, 0xf0, 0x33, 0x4e, 0xcf, 0xf9, 0x2c, 0x5b, 0x90, 0x58, 0x0c, 0x7c, 0xc1, 0x33, 
		0xe2, 0x0c, 0xea, 0x67, 0xf5, 0x82, 0x9b, 0x9b, 0xaa, 0x81, 0x38, 0x08, 0x48, 0x9a, 0xba, 0x29, 
		0x49, 0x53, 0xd5, 0x9a, 0xea, 0x43, 0x8d, 0x82, 0x66, 0xa3, 0xcf, 0x55, 0x31, 0xfa, 0x90, 0x17, 
		0xa3, 0x34, 0x21, 0x01, 0x9d, 0xd2, 0x00, 0xbd, 0x89, 0x05, 0xe1, 0x53, 0x1c, 0x10, 0x94, 0xf7, 
		0x22, 0xe3, 0x58, 0xfe, 0x02, 0xbd, 0x60, 0x8b, 0x05, 0x8e, 0x43, 0x6b, 0xfd, 0x0c, 0x22, 0x96, 
		0x92, 0x50, 0xfb, 0x40, 0x41, 0x68, 0xf6, 0xeb, 0x55, 0x8c, 0x27, 0x11, 0x41, 0x79, 0x29, 0xca, 
		0x99, 0x80, 0x58, 0x8c, 0x12, 0xc6, 0x05, 0xda, 0x0b, 0x69, 0x2a, 0x8b, 0x43, 0x34, 0xb9, 0x46, 
		0x21, 0x99, 0xe2, 0x2c, 0x12, 0x0e, 0xa2, 0x07, 0xe4, 0x00, 0xb1, 0x84, 0xc4, 0x45, 0xf5, 0xfd, 
		0x15, 0x22, 0xf1, 0xfd, 0xfa, 0xf8, 0xf1, 0x3a, 0x21, 0xda, 0x7b, 0xc9, 0x22, 0x11, 0xd7, 0x35, 
		0xa3, 0x0f, 0x65, 0x95, 0x80, 0xc5, 0x82, 0xb3, 0xc8, 0x0d, 0x29, 0x27, 0x81, 0x30, 0x87, 0xba, 
		0x5d, 0xd6, 0xe4, 0xca, 0x07, 0x22, 0x90, 0x98, 0x13, 0xd4, 0xaa, 0x29, 0x59, 0x23, 0x0b, 0x68, 
		0x35, 0xec, 0x7b, 0xbf, 0xfc, 0xf8, 0xe1, 0x97, 0xb7, 0xaf, 0x3e, 0xbe, 0x72, 0x50, 0x96, 0x76, 
		0xfc, 0xc2, 0x0d, 0x14, 0x47, 0xf6, 0x6d, 0x09, 0x02, 0xd5, 0x7b, 0x4e, 0xdb, 0x5d, 0x7d, 0x91, 
		0x37, 0x18, 0xd1, 0x78, 0xc2, 0xb2, 0x38, 0x44, 0x82, 0xe3, 0xa9, 0x14, 0x6c, 0x16, 0x47, 0xd7, 
		0xbd, 0x1b, 0x58, 0x67, 0x40, 0xbe, 0x0a, 0x8e, 0xdd, 0x2c, 0x4e, 0x85, 0x14, 0x4c, 0x59, 0x37, 
		0x15, 0x58, 0x64, 0xe9, 0xc0, 0xff, 0x54, 0xfd, 0x8c, 0x4d, 0x52, 0x16, 0x11, 0x41, 0x56, 0xb4, 
		0xa9, 0xf8, 0xc1, 0x5d, 0x6d, 0xaa, 0xde, 0x72, 0x73, 0xf3, 0xf9, 0xe6, 0xc6, 0xe2, 0xa7, 0x3b, 
		0x84, 0xb9, 0x10, 0xaa, 0xdb, 0x64, 0xba, 0xac, 0x72, 0x7f, 0xd1, 0x56, 0x3f, 0x55, 0x73, 0x7e, 
		0xe0, 0x7f, 0x1a, 0x4c, 0x98, 0x98, 0x0f, 0x3e, 0xdb, 0x16, 0x88, 0x38, 0x5b, 0x90, 0x5c, 0xc3, 
		0xd6, 0x62, 0x31, 0x76, 0x06, 0xaf, 0xe2, 0x6c, 0x21, 0xab, 0x7d, 0x64, 0x1f, 0x04, 0xa7, 0xb1, 
		0x62, 0xcc, 0x70, 0xe0, 0xe7, 0x8d, 0x76, 0x06, 0x5e, 0x2e, 0xfa, 0xf2, 0x7d, 0xec, 0x8d, 0x7c, 
		0xff, 0x1f, 0x79, 0x89, 0x6c, 0xbb, 0x9c, 0x1f, 0xde, 0x8d, 0x1a, 0xe0, 0x39, 0x4b, 0x85, 0xbb, 
		0x60, 0xa1, 0xfe, 0xc5, 0x9a, 0xb6, 0x8a, 0x91, 0x3f, 0xb3, 0x54, 0x20, 0x59, 0x03, 0x4d, 0x19, 
		0x47, 0x38, 0x13, 0x73, 0x12, 0x0b, 0x1a, 0xe0, 0x9a, 0xa7, 0x34, 0x5d, 0xad, 0x2f, 0xaa, 0xf7, 
		0x17, 0xe3, 0x85, 0x68, 0x9c, 0x0a, 0x82, 0xc3, 0x7d, 0x93, 0xfb, 0x8b, 0x2c, 0x12, 0xd4, 0x95, 
		0x2f, 0xdf, 0xba, 0x31, 0xd0, 0x9a, 0x9e, 0x8f, 0x44, 0x4e, 0x08, 0xd9, 0x02, 0x2b, 0x75, 0x34, 
		0xaa, 0x48, 0x92, 0x17, 0x03, 0x67, 0x70, 0x28, 0x27, 0x0a, 0x8d, 0x67, 0x11, 0xc9, 0x29, 0xfa, 
		0xb0, 0x69, 0x2f, 0x93, 0x9d, 0x36, 0x5e, 0x25, 0x35, 0xab, 0xf6, 0x22, 0x7f, 0xe4, 0x18, 0xaf, 
		0xf1, 0x0f, 0x2d, 0xcf, 0xe2, 0xe6, 0x50, 0x77, 0x49, 0xd9, 0x5d, 0xb3, 0x76, 0x33, 0x61, 0xb3, 
		0xb5, 0xe6, 0xc8, 0x06, 0xa6, 0xda, 0xfb, 0xf3, 0xe7, 0x6e, 0x93, 0xaa, 0xb4, 0xb8, 0xea, 0x99, 
		0x80, 0x96, 0x38, 0xca, 0x8a, 0xfa, 0x30, 0x01, 0x1e, 0x78, 0x02, 0xdc, 0x38, 0x83, 0x84, 0x10, 
		0xae, 0x75, 0x47, 0x3d, 0xb6, 0xc6, 0xa6, 0x96, 0x2c, 0x82, 0x64, 0x0d, 0x14, 0x92, 0x25, 0x0d, 
		0xc8, 0xf6, 0x98, 0x05, 0x57, 0x73, 0x12, 0xeb, 0x73, 0x7a, 0xef, 0xe0, 0xe0, 0xb9, 0x92, 0x43, 
		0xf4, 0x03, 0x7a, 0x56, 0x73, 0xe9, 0xd9, 0xfe, 0x8a, 0x26, 0xaa, 0xdf, 0xdf, 0xd5, 0xc0, 0xd5, 
		0x2f, 0xcd, 0x8d, 0x86, 0x1b, 0xb9, 0xbe, 0xcc, 0x09, 0xa7, 0xc2, 0x30, 0xc2, 0x72, 0xca, 0x1d, 
		0x10, 0xe3, 0x4d, 0x55, 0xcd, 0xca, 0x1c, 0x2e, 0x4c, 0x7f, 0xed, 0x0b, 0x25, 0xe5, 0x8e, 0x76, 
		0xd7, 0xd5, 0xec, 0x00, 0xbc, 0x4c, 0x30, 0xa9, 0x44, 0x75, 0x68, 0x57, 0x92, 0x3a, 0xa4, 0x9c, 
		0x29, 0xdc, 0xd6, 0x3b, 0x89, 0x56, 0x82, 0x53, 0x68, 0x71, 0x57, 0x90, 0x45, 0x12, 0x61, 0x41, 
		0xdc, 0x54, 0xd0, 0xe0, 0xcb, 0xb5, 0x21, 0x4a, 0xab, 0xea, 0x34, 0xbb, 0x5a, 0xe3, 0xd4, 0x8f, 
		0x45, 0x4d, 0xf4, 0xa1, 0xac, 0xd9, 0xbb, 0xae, 0xa7, 0x84, 0x4b, 0x65, 0xe3, 0x26, 0x2c, 0xa2, 
		0x81, 0xde, 0xdf, 0x46, 0x41, 0x7b, 0x95, 0x54, 0xc5, 0xe8, 0xa2, 0x2c, 0xee, 0x59, 0xcf, 0x4a, 
		0x8d, 0xd0, 0x1c, 0xb4, 0x5b, 0x47, 0x74, 0xa5, 0x2d, 0x10, 0xb1, 0x00, 0x47, 0xa8, 0xfd, 0x03, 
		0x94, 0x9a, 0x03, 0xfb, 0xc8, 0x13, 0xb0, 0x25, 0xa4, 0x77, 0x4a, 0x64, 0xd9, 0xf0, 0x14, 0xa5, 
		0xb2, 0x6b, 0xcc, 0x72, 0x07, 0x04, 0x5d, 0x18, 0x0b, 0x64, 0xfe, 0xdc, 0x1a, 0x05, 0xd5, 0x46, 
		0xa4, 0x0a, 0x73, 0x8b, 0xc5, 0xb6, 0xbc, 0x65, 0x34, 0x16, 0xde, 0x71, 0xd5, 0x8a, 0x63, 0x67, 
		0x70, 0x89, 0xe3, 0x19, 0x51, 0x8b, 0xe0, 0xbb, 0xdc, 0x0d, 0xf0, 0x9b, 0x6a, 0xa7, 0x64, 0xe8, 
		0x6b, 0x8e, 0x15, 0xea, 0x7b, 0x49, 0x67, 0x54, 0xa4, 0xaa, 0xa1, 0xef, 0xc9, 0x0c, 0x0b, 0xba, 
		0x24, 0x03, 0x7f, 0x8a, 0xa3, 0x94, 0xdc, 0x38, 0x83, 0x77, 0xf8, 0xab, 0xf6, 0xab, 0xe3, 0xa3, 
		0xa3, 0xc3, 0xa3, 0xb5, 0x7e, 0xb9, 0x12, 0x30, 0x27, 0x9c, 0xa4, 0x24, 0x0e, 0x88, 0xbe, 0x30, 
		0xcb, 0xee, 0xad, 0xe6, 0x47, 0x5e, 0xfd, 0x2e, 0x8e, 0xa8, 0x77, 0x54, 0x4b, 0xee, 0x82, 0xc5, 
		0x54, 0x30, 0x6e, 0x18, 0xa0, 0x39, 0xa5, 0xb5, 0x00, 0x24, 0x49, 0x74, 0xad, 0x81, 0xb3, 0x90, 
		0x4c, 0x69, 0x5c, 0xf9, 0xc1, 0x2a, 0xd3, 0x54, 0xff, 0x79, 0x65, 0x91, 0xaa, 0x6f, 0xda, 0xb6, 
		0x45, 0x27, 0x8c, 0x45, 0x04, 0x6b, 0x76, 0xa8, 0xa7, 0x2c, 0x3c, 0xc6, 0x85, 0x5b, 0x00, 0x7c, 
		0xdd, 0xd2, 0xd3, 0xc9, 0xab, 0xb4, 0x8a, 0x5e, 0x29, 0x97, 0xeb, 0x03, 0x64, 0x42, 0x56, 0xbd, 
		0x46, 0x03, 0xb5, 0xda, 0x5c, 0xf4, 0x1b, 0x0b, 0x7e, 0xab, 0x83, 0x17, 0x8c, 0x8b, 0x0f, 0x42, 
		0xe9, 0xc7, 0x5c, 0xcb, 0xc8, 0x5a, 0x0b, 0x2c, 0x68, 0x60, 0x7b, 0xe2, 0x82, 0x9b, 0x2b, 0x07, 
		0xc8, 0x1d, 0x82, 0xb5, 0x42, 0x7a, 0xef, 0x82, 0xc9, 0x6d, 0x21, 0x36, 0xe7, 0xee, 0x94, 0xf1, 
		0x80, 0x28, 0x14, 0xc5, 0x38, 0xfd, 0x2f, 0x09, 0xad, 0xcf, 0xe3, 0x4d, 0x31, 0x65, 0x21, 0xe1, 
		0x12, 0x4d, 0xb6, 0xfa, 0x92, 0x23, 0xca, 0x9c, 0x9c, 0xc5, 0x5a, 0x81, 0x8e, 0x23, 0xf3, 0x19, 
		0x33, 0x74, 0xda, 0x3f, 0x97, 0x73, 0xb7, 0xe3, 0xc7, 0xfe, 0xa8, 0xb4, 0x5f, 0x30, 0x4f, 0xf4, 
		0xb9, 0xc6, 0x93, 0xce, 0x61, 0xc0, 0x3c, 0x41, 0xe2, 0x3a, 0x21, 0x68, 0x0f, 0xf3, 0x04, 0x3b, 
		0x28, 0xe1, 0x6c, 0x42, 0x1c, 0x94, 0xc6, 0x38, 0xd9, 0x77, 0xd4, 0xb2, 0xc9, 0x32, 0xe1, 0xa0, 
		0x88, 0xcd, 0x10, 0x53, 0xbf, 0x4b, 0x11, 0xe3, 0xbf, 0xc7, 0x09, 0x0e, 0xbe, 0x10, 0x81, 0x12, 
		0x4e, 0x19, 0xa7, 0xc2, 0x9a, 0x0d, 0xa0, 0x77, 0x5c, 0x57, 0x2b, 0x35, 0x8f, 0xcd, 0x1e, 0xff, 
		0x12, 0x47, 0xd7, 0x08, 0x47, 0x11, 0xbb, 0xca, 0x57, 0x93, 0x18, 0x47, 0xa8, 0xae, 0x8e, 0xce, 
		0x2f, 0x2f, 0x10, 0x89, 0x05, 0xef, 0xa1, 0x4d, 0xea, 0x0c, 0x64, 0xc3, 0xa8, 0xe1, 0xaf, 0x29, 
		0x29, 0xad, 0xe5, 0xb2, 0xe8, 0x46, 0x5e, 0x66, 0x69, 0x3b, 0xa3, 0x34, 0x77, 0x23, 0xba, 0x68, 
		0xc0, 0x6a, 0xb3, 0xa4, 0xab, 0xf1, 0xaf, 0xe4, 0x18, 0xa0, 0x80, 0x65, 0xb1, 0x40, 0x1f, 0xe7, 
		0x9c, 0xa4, 0x73, 0x16, 0x59, 0x5b, 0xb4, 0x94, 0x40, 0xb8, 0xaa, 0x31, 0x0d, 0xde, 0x97, 0xd4, 
		0xcd, 0xbb, 0x60, 0xd1, 0xf4, 0x3c, 0x1c, 0x55, 0xad, 0x38, 0x79, 0x68, 0xd3, 0x73, 0xe4, 0x8d, 
		0x4f, 0xc6, 0xa7, 0x87, 0xc7, 0xe3, 0x93, 0xb5, 0xed, 0x4f, 0x67, 0x10, 0x31, 0x7d, 0xf9, 0x90, 
		0x4f, 0x4d, 0x7e, 0x5e, 0x4a, 0x6b, 0x80, 0xc6, 0x28, 0x25, 0x01, 0xd3, 0xf7, 0x6a, 0x77, 0x94, 
		0x8b, 0x87, 0xc7, 0xc3, 0xe1, 0xfa, 0xf6, 0xfb, 0xcd, 0x7a, 0x3c, 0x94, 0x32, 0x29, 0x95, 0x78, 
		0x01, 0xcd, 0xad, 0x81, 0xb6, 0x6a, 0x2a, 0x68, 0xc0, 0x4d, 0x9b, 0x1e, 0x66, 0xa3, 0xab, 0x89, 
		0x23, 0xed, 0x40, 0xc1, 0xe9, 0x6c, 0x46, 0x38, 0x2a, 0x7a, 0x62, 0x53, 0x1d, 0xac, 0xa7, 0x86, 
		0x75, 0x15, 0x70, 0x4b, 0xfb, 0x77, 0x54, 0x8a, 0xef, 0xa1, 0x0b, 0x0a, 0xbf, 0xb7, 0x32, 0x2d, 
		0xdc, 0xca, 0xb4, 0xd0, 0x4c, 0xcb, 0x46, 0x49, 0x97, 0x3d, 0xc3, 0x38, 0x7a, 0x11, 0x11, 0xcc, 
		0xd1, 0x39, 0x4f, 0xd0, 0x45, 0x6e, 0xa5, 0x5c, 0x58, 0xb6, 0x52, 0x48, 0xdc, 0x70, 0xd1, 0x16, 
		0x84, 0x55, 0x66, 0x71, 0x47, 0xd3, 0xa5, 0x00, 0xfd, 0xfc, 0xe6, 0xa7, 0x9f, 0x6d, 0x4b, 0x4d, 
		0x97, 0xb3, 0xcc, 0x19, 0x48, 0x6b, 0x51, 0xf7, 0x24, 0xc9, 0xc7, 0x96, 0x1f, 0xe9, 0xd5, 0xab, 
		0x57, 0xe8, 0x74, 0x38, 0x3a, 0x38, 0x44, 0xa9, 0xb8, 0x8e, 0x08, 0xca, 0x2d, 0xd2, 0x9e, 0xf5, 
		0xc6, 0x19, 0x14, 0x26, 0x6f, 0xc3, 0xb1, 0x24, 0x29, 0x5d, 0xc3, 0x25, 0x27, 0x73, 0x80, 0x83, 
		0x39, 0x41, 0x75, 0xad, 0x2d, 0x99, 0xd6, 0xeb, 0xad, 0x31, 0x2b, 0xa6, 0xf5, 0x06, 0x73, 0xda, 
		0x51, 0x20, 0x46, 0x62, 0x4d, 0xd2, 0xc0, 0xfe, 0x39, 0x6d, 0x45, 0xa8, 0x93, 0xac, 0xe0, 0xaa, 
		0x1a, 0x28, 0x24, 0x82, 0xf0, 0x05, 0x8d, 0xf3, 0xed, 0xd3, 0x29, 0xe3, 0xe8, 0xb7, 0xb7, 0xe7, 
		0xef, 0xb7, 0xc6, 0xcd, 0x33, 0xc1, 0xc1, 0x97, 0x4c, 0x9f, 0x1f, 0x05, 0xa1, 0xd9, 0xf1, 0x77, 
		0x2c, 0xa4, 0xd3, 0x6b, 0x94, 0x97, 0xa2, 0x04, 0x73, 0xbc, 0x90, 0x1d, 0xb7, 0x66, 0xc3, 0x87, 
		0x24, 0xc2, 0xba, 0xfa, 0xcd, 0x9f, 0x9b, 0xad, 0x7e, 0x29, 0xa9, 0x29, 0x9a, 0x90, 0x29, 0xe3, 
		0xa4, 0x6c, 0x7c, 0x44, 0x63, 0x82, 0xb2, 0x44, 0x6a, 0xe3, 0x90, 0x5d, 0xc5, 0x48, 0x70, 0x1c, 
		0xa7, 0x54, 0xc1, 0x47, 0x5b, 0xbd, 0x99, 0x62, 0x1a, 0x65, 0x5c, 0x1f, 0xad, 0x92, 0xd2, 0x9e, 
		0xd7, 0xfd, 0x30, 0x33, 0x63, 0xc3, 0xcb, 0x70, 0x56, 0x56, 0xf8, 0xf4, 0x68, 0x73, 0x7d, 0x3c, 
		0x3a, 0x1b, 0x9f, 0x1d, 0x9f, 0x8c, 0xce, 0xc6, 0xeb, 0x4e, 0x77, 0xe7, 0xde, 0x9e, 0x92, 0x98, 
		0x2c, 0x09, 0x37, 0x5c, 0x1f, 0x39, 0xc5, 0x1f, 0xde, 0x14, 0x38, 0x21, 0xb7, 0xfe, 0x31, 0xbf, 
		0x76, 0xdb, 0x7b, 0x9e, 0xed, 0x32, 0x18, 0xd4, 0x2d, 0x18, 0x54, 0x63, 0x9b, 0xad, 0xcb, 0x47, 
		0xd0, 0x15, 0x06, 0xa9, 0xa2, 0x77, 0x09, 0xc2, 0xb1, 0xb6, 0x21, 0x80, 0x53, 0x84, 0x51, 0xa5, 
		0x56, 0x2d, 0x7b, 0x3c, 0x82, 0x39, 0xa3, 0xdd, 0xdd, 0x29, 0x8b, 0xca, 0x26, 0x1e, 0xdd, 0xd9, 
		0x44, 0x97, 0x4e, 0x83, 0x6f, 0x6e, 0xa6, 0x7a, 0x89, 0xd6, 0xd4, 0xf3, 0x8f, 0xef, 0xb4, 0xaf, 
		0xc8, 0xa7, 0xb2, 0x41, 0xe3, 0xfe, 0x34, 0xa8, 0x01, 0x5f, 0x3f, 0xbe, 0xeb, 0x88, 0x97, 0xba, 
		0x7b, 0x12, 0x3f, 0x6c, 0x73, 0x1b, 0x93, 0x39, 0xcd, 0x85, 0xbd, 0x12, 0xb8, 0xd3, 0x5c, 0xa2, 
		0xcf, 0x3f, 0xbe, 0x73, 0xcf, 0x5f, 0x5c, 0x9a, 0x3d, 0x52, 0x14, 0xfb, 0x6c, 0x5e, 0xd9, 0xb0, 
		0x16, 0xbb, 0x25, 0x7d, 0x0b, 0x58, 0xee, 0x0c, 0x2e, 0xb0, 0x10, 0x84, 0xc7, 0xd2, 0x08, 0xfc, 
		0x34, 0x74, 0xcf, 0x3e, 0x0f, 0x3e, 0x1b, 0xc3, 0x90, 0x66, 0x93, 0x2e, 0x15, 0xd3, 0x55, 0xda, 
		0x8f, 0xe1, 0xb9, 0x47, 0x83, 0xef, 0x56, 0x75, 0x8f, 0x2e, 0x4f, 0xdb, 0x22, 0x2d, 0xbf, 0xff, 
		0x7e, 0xb0, 0xa7, 0xfe, 0x78, 0xbe, 0xff, 0xc7, 0xe1, 0x8d, 0x26, 0x40, 0xa5, 0x08, 0xdd, 0x32, 
		0x1c, 0x7d, 0x13, 0x9e, 0x4d, 0x9b, 0x6a, 0x4f, 0x6c, 0x56, 0x2c, 0x3f, 0x7d, 0x13, 0x97, 0x4a, 
		0x0e, 0x92, 0xe4, 0x27, 0x3a, 0xc3, 0x13, 0x2a, 0x5e, 0x89, 0x39, 0xe1, 0x31, 0xd1, 0xdd, 0x03, 
		0x1d, 0x85, 0xb6, 0x65, 0x61, 0xe3, 0xe6, 0xb6, 0xc2, 0x2d, 0x54, 0x7c, 0x24, 0x8d, 0x67, 0xa8, 
		0xa8, 0x8b, 0xca, 0xca, 0xa8, 0xf6, 0xe3, 0xfc, 0xb7, 0xd7, 0xe3, 0xa6, 0x46, 0xed, 0x3d, 0x5e, 
		0xba, 0x2f, 0xd8, 0x22, 0xe1, 0x24, 0x4d, 0x4d, 0x1e, 0x18, 0x25, 0xf6, 0xc7, 0x6b, 0xed, 0x86, 
		0x76, 0x46, 0xd2, 0xb9, 0x2f, 0x58, 0x2c, 0xc8, 0x57, 0x81, 0x7e, 0xa3, 0x5c, 0x64, 0x38, 0x32, 
		0x8e, 0xbb, 0x35, 0xfa, 0x68, 0x79, 0xac, 0xd6, 0x8f, 0x7e, 0xba, 0x1f, 0xbc, 0xd9, 0x30, 0xfa, 
		0xa9, 0x16, 0x93, 0x5f, 0xe3, 0xd5, 0xfc, 0xd7, 0xca, 0xfa, 0x21, 0x2a, 0x6b, 0x37, 0x76, 0x53, 
		0x71, 0xe9, 0xe8, 0x29, 0x08, 0x4c, 0x53, 0x60, 0xd2, 0xeb, 0x38, 0xd0, 0xf9, 0xae, 0x9e, 0x6d, 
		0x0b, 0xc6, 0x8a, 0x46, 0x35, 0x34, 0xbb, 0xa4, 0xa2, 0x94, 0x70, 0xaa, 0x87, 0xa4, 0xf6, 0x65, 
		0xa8, 0x57, 0xe8, 0xf1, 0x1f, 0x5f, 0xba, 0xbf, 0xbd, 0x79, 0xad, 0xd5, 0x2b, 0x08, 0x96, 0x39, 
		0xbe, 0xba, 0x59, 0x26, 0xcf, 0x7f, 0xe4, 0x34, 0x9c, 0x11, 0xf7, 0xa5, 0x3a, 0xfc, 0x51, 0x4f, 
		0xb9, 0x8b, 0x2d, 0xe2, 0xff, 0x1b, 0xa3, 0x97, 0x6f, 0xec, 0x73, 0xbe, 0xdd, 0xa0, 0xdb, 0x78, 
		0xbe, 0x35, 0x8c, 0xce, 0xe2, 0xd0, 0x70, 0x6b, 0x16, 0x04, 0xdb, 0xec, 0x5e, 0xd9, 0xac, 0x06, 
		0xd3, 0x15, 0xb9, 0xe6, 0x76, 0xaf, 0x96, 0x90, 0x47, 0x71, 0xa9, 0xae, 0xbd, 0x8e, 0x74, 0x85, 
		0x6f, 0xd2, 0xa9, 0x3b, 0x25, 0x58, 0xa8, 0x3d, 0x8a, 0x4f, 0x06, 0x6f, 0x0a, 0x72, 0xea, 0x07, 
		0xb2, 0x6e, 0x1d, 0x54, 0xd9, 0xc5, 0x2d, 0xed, 0x2d, 0xeb, 0x70, 0xac, 0xfb, 0xd5, 0xd5, 0x52, 
		0xf7, 0xe2, 0x95, 0x0e, 0xd5, 0xe4, 0x93, 0x65, 0x59, 0xec, 0x6a, 0x50, 0xc3, 0x43, 0xfc, 0x6a, 
		0x1b, 0x3c, 0x85, 0x86, 0x23, 0xa2, 0x72, 0x40, 0x8c, 0x72, 0x07, 0xc4, 0x1f, 0xa3, 0x9b, 0x41, 
		0x3d, 0x00, 0x0d, 0x17, 0x4b, 0x49, 0xb1, 0x3f, 0x10, 0x2b, 0x1b, 0xd6, 0x1a, 0x90, 0x7e, 0xfa, 
		0x12, 0xa5, 0x5a, 0x38, 0xd5, 0x7d, 0xf1, 0x0f, 0xbc, 0x53, 0x7e, 0xb4, 0x99, 0x59, 0xf9, 0x82, 
		0x44, 0x51, 0x16, 0x61, 0xfd, 0x3c, 0x44, 0x45, 0xb2, 0x3d, 0xd8, 0xb7, 0x36, 0xad, 0x31, 0xdc, 
		0x45, 0x41, 0x0d, 0x2a, 0xfa, 0x32, 0xde, 0x2b, 0x56, 0xdd, 0x97, 0x14, 0x47, 0xc6, 0x41, 0xa2, 
		0x82, 0x60, 0x99, 0xe7, 0xab, 0x9b, 0xd5, 0xd8, 0x7f, 0x57, 0xe4, 0xad, 0xe1, 0xf6, 0xab, 0xc5, 
		0x84, 0x84, 0x21, 0x09, 0xdd, 0x12, 0x8b, 0xbe, 0x8a, 0x67, 0x34, 0xd6, 0x7f, 0xb8, 0xaa, 0x86, 
		0xe5, 0xf1, 0xf8, 0x96, 0x86, 0x9b, 0x23, 0x16, 0xd0, 0x34, 0x60, 0x88, 0x14, 0xb5, 0xcb, 0x88, 
		0x4c, 0x44, 0x54, 0x6d, 0xb4, 0x60, 0x61, 0x16, 0xf5, 0x7e, 0x14, 0xdb, 0x7e, 0xc5, 0xbe, 0x38, 
		0x3f, 0x6f, 0x6f, 0xda, 0xaa, 0x98, 0xb4, 0x9e, 0xf3, 0xfb, 0x35, 0x4e, 0xbb, 0x7c, 0xb9, 0x06, 
		0xd9, 0x32, 0xdf, 0xd7, 0x6b, 0xa2, 0xc9, 0x7f, 0xbd, 0x10, 0x6d, 0xcf, 0x60, 0xd0, 0xa9, 0xb8, 
		0x5e, 0xed, 0x60, 0xef, 0x2c, 0xb6, 0x3d, 0x38, 0xf7, 0x6a, 0x72, 0x63, 0xb0, 0x64, 0x25, 0xd4, 
		0xa8, 0x85, 0x7a, 0x3f, 0x56, 0x4b, 0x72, 0x5b, 0xbf, 0xdb, 0xa5, 0xd6, 0x47, 0x6a, 0xf3, 0x06, 
		0x37, 0xc7, 0x69, 0x49, 0xb6, 0x6e, 0x98, 0x18, 0xbf, 0x55, 0x3e, 0xbb, 0x8a, 0x6d, 0x0f, 0xd4, 
		0xbd, 0x9a, 0xdc, 0x18, 0x2a, 0x59, 0x69, 0xdb, 0xc6, 0x6a, 0x75, 0x9f, 0x7b, 0x36, 0x42, 0x9b, 
		0x34, 0xd4, 0x1c, 0x97, 0xe6, 0x88, 0x6c, 0xcf, 0x9e, 0xe7, 0xcf, 0x59, 0x1c, 0x72, 0x12, 0xfe, 
		0x44, 0x67, 0xaf, 0xb4, 0xca, 0x3a, 0xd5, 0xf2, 0xa0, 0xac, 0xd3, 0x40, 0x73, 0x30, 0x8a, 0xb2, 
		0xe6, 0x34, 0xe9, 0xf9, 0x40, 0xbc, 0x1d, 0xbd, 0x7d, 0xf3, 0xe1, 0x42, 0xab, 0x57, 0x10, 0x2c, 
		0xb3, 0x7f, 0x75, 0xb3, 0x4c, 0xa6, 0xbf, 0x1d, 0xa1, 0xb7, 0x2c, 0xc0, 0x82, 0xf1, 0xe7, 0x6f, 
		0x5e, 0xa2, 0x0f, 0x24, 0xc1, 0x45, 0xc2, 0xd4, 0x0b, 0xce, 0x04, 0x0b, 0x58, 0xd4, 0xde, 0x3b, 
		0xdc, 0x8a, 0x01, 0x59, 0x15, 0x23, 0xd3, 0x55, 0xda, 0x8b, 0xa1, 0xda, 0xac, 0xc1, 0x0f, 0x37, 
		0x88, 0x96, 0x62, 0x83, 0xee, 0x9a, 0x36, 0x7d, 0x93, 0xad, 0x76, 0x40, 0xd9, 0x5f, 0xf6, 0x0e, 
		0xd0, 0xdf, 0x3f, 0x79, 0xee, 0xd9, 0xe7, 0xfc, 0x71, 0xff, 0x2f, 0x75, 0x3c, 0x59, 0xb3, 0x6f, 
		0x7d, 0x50, 0x08, 0x9d, 0x4d, 0x6a, 0xc8, 0xd1, 0x8e, 0x69, 0x82, 0xdb, 0xa6, 0x55, 0xef, 0xb4, 
		0xc0, 0x86, 0x8d, 0x7d, 0xa0, 0x91, 0xb3, 0x35, 0xfd, 0x6f, 0x99, 0x20, 0x7d, 0x13, 0xa6, 0x0d, 
		0xa7, 0x3e, 0x63, 0xc9, 0x04, 0x07, 0x5f, 0xf4, 0xde, 0x95, 0x24, 0xdb, 0x22, 0x76, 0x6b, 0xd3, 
		0x9a, 0x02, 0x95, 0x17, 0xf4, 0x73, 0x37, 0xe7, 0x11, 0x0e, 0x3e, 0x6e, 0x76, 0x9e, 0xd9, 0x19, 
		0xbc, 0x7b, 0xad, 0xef, 0x91, 0xc9, 0x27, 0xcb, 0xa3, 0xdd, 0xd5, 0xa0, 0xc6, 0x39, 0xc4, 0xd7, 
		0x3d, 0xdd, 0xac, 0xeb, 0xe3, 0xf0, 0x66, 0x91, 0xa0, 0x11, 0x8d, 0xf5, 0xc9, 0x53, 0xd3, 0x6c, 
		0x0f, 0xf5, 0x1d, 0x8d, 0x6b, 0x0c, 0x7b, 0x59, 0xe2, 0xce, 0x38, 0xcb, 0x92, 0x7e, 0x8a, 0x40, 
		0xbf, 0x22, 0x01, 0x2f, 0x54, 0xfe, 0xaa, 0x39, 0x8e, 0x63, 0xa2, 0x27, 0x70, 0x33, 0xc8, 0x96, 
		0x65, 0x60, 0xbd, 0x26, 0x36, 0x4e, 0x60, 0x97, 0x7e, 0x8f, 0x17, 0x79, 0x05, 0xc4, 0xa6, 0x10, 
		0xd5, 0x73, 0x1f, 0x99, 0x58, 0x65, 0xb8, 0xad, 0xae, 0xd3, 0x23, 0x69, 0xb9, 0x7f, 0xe3, 0x2d, 
		0x19, 0x8f, 0x9b, 0xcc, 0xc6, 0xbe, 0x19, 0x93, 0xa5, 0x99, 0xf8, 0x41, 0x0f, 0x6f, 0xfa, 0x60, 
		0x3d, 0xdc, 0xaa, 0xdd, 0x9c, 0x46, 0x40, 0xf9, 0xbb, 0xad, 0x41, 0x7d, 0x1f, 0x54, 0xd0, 0xb3, 
		0xde, 0x9d, 0x9c, 0x60, 0x9b, 0xc3, 0x2b, 0x9b, 0xd5, 0x0a, 0xdd, 0xdf, 0xa6, 0x98, 0xed, 0xbc, 
		0xb9, 0xab, 0x54, 0x48, 0x57, 0x69, 0x2f, 0xc6, 0xe1, 0x3e, 0x0d, 0xb6, 0xa4, 0xed, 0xee, 0x92, 
		0xe7, 0x3e, 0xca, 0x85, 0xaa, 0x47, 0xe2, 0xd5, 0x1b, 0x33, 0x1d, 0x85, 0x96, 0xe5, 0x62, 0xf3, 
		0xe6, 0x36, 0x52, 0x98, 0x91, 0xb8, 0x75, 0x86, 0xae, 0xd7, 0x63, 0xe4, 0x0c, 0x3e, 0x66, 0x8d, 
		0x15, 0xb4, 0x20, 0xd8, 0x1e, 0x89, 0x95, 0xcd, 0x6a, 0x70, 0x5c, 0x91, 0xfb, 0xa7, 0x29, 0x7b, 
		0x6a, 0xaf, 0x7e, 0xbc, 0x22, 0xb1, 0xb8, 0x2e, 0x02, 0x0b, 0xf4, 0x3d, 0xb9, 0x46, 0x81, 0xed, 
		0xd1, 0x5f, 0xbb, 0x99, 0x0d, 0x69, 0x50, 0xc5, 0x68, 0x1b, 0x83, 0x22, 0x8c, 0x9e, 0xad, 0xd2, 
		0x40, 0x2b, 0xeb, 0xf4, 0x69, 0xbc, 0xee, 0xd1, 0xf8, 0x5d, 0x18, 0x45, 0x8b, 0xf9, 0xc1, 0x95, 
		0xf8, 0xb0, 0xdb, 0x58, 0xdf, 0x2a, 0xb4, 0x2e, 0x30, 0x9b, 0x36, 0xb7, 0x29, 0x22, 0x6c, 0x8b, 
		0x44, 0x43, 0x8d, 0x50, 0xb1, 0xfd, 0xe2, 0x7e, 0x6c, 0xdf, 0x2f, 0xd2, 0x2a, 0xb2, 0x3c, 0x3a, 
		0x9b, 0x35, 0xb5, 0x71, 0x91, 0x6c, 0xb1, 0xcb, 0x54, 0xdd, 0x68, 0xd3, 0xcb, 0xa5, 0xb9, 0x5f, 
		0x9e, 0xc5, 0x82, 0x67, 0x17, 0x8c, 0x8b, 0x9f, 0x38, 0x33, 0xb2, 0x07, 0xb6, 0x8a, 0xfa, 0x21, 
		0x1a, 0x6b, 0x36, 0xb5, 0x5b, 0x34, 0x64, 0x0d, 0x64, 0xf6, 0x06, 0x44, 0xa2, 0x29, 0x12, 0x9d, 
		0x77, 0x36, 0xdb, 0x1d, 0xfa, 0x35, 0xae, 0x91, 0x7e, 0xc3, 0xd2, 0xaf, 0x1c, 0x99, 0x97, 0x49, 
		0xc3, 0xd8, 0x36, 0xc6, 0x36, 0x5e, 0xea, 0xed, 0x93, 0x4f, 0x96, 0x47, 0xb6, 0xab, 0x41, 0xe6, 
		0xb8, 0xbe, 0x27, 0xe2, 0x8a, 0xf1, 0x2f, 0x68, 0x99, 0x4f, 0x61, 0xfa, 0xdf, 0x3c, 0xb6, 0x80, 
		0xc4, 0x61, 0xc2, 0x68, 0x2c, 0x40, 0xc9, 0xdf, 0x3d, 0xea, 0x6c, 0x49, 0xb8, 0x99, 0x62, 0xb5, 
		0xa4, 0x58, 0x1e, 0xfd, 0xdb, 0x1a, 0xd6, 0xb8, 0x50, 0x23, 0xa7, 0xc3, 0x68, 0xdf, 0x3d, 0xda, 
		0x49, 0x4a, 0xb2, 0x90, 0x5d, 0x51, 0x23, 0x07, 0xad, 0x46, 0xb4, 0x3c, 0xe6, 0x77, 0x37, 0xaf, 
		0x71, 0x4f, 0x53, 0x55, 0xd4, 0xbf, 0x2d, 0x80, 0x9e, 0xba, 0x5a, 0x96, 0x38, 0xa5, 0x11, 0x99, 
		0xea, 0xc0, 0xa6, 0x22, 0x59, 0x1e, 0xfd, 0xdb, 0x9b, 0x66, 0x8e, 0x7c, 0xab, 0xcd, 0x3d, 0x18, 
		0xed, 0x7e, 0x4d, 0x75, 0xc9, 0x21, 0x4e, 0x67, 0xf3, 0x26, 0x3b, 0x73, 0x5a, 0x0f, 0x86, 0xfa, 
		0xb6, 0xc6, 0xb5, 0x07, 0xdb, 0x6c, 0x36, 0x8c, 0x76, 0xe3, 0xca, 0x8a, 0x1b, 0x75, 0x01, 0x0b, 
		0xd6, 0xaf, 0x34, 0x51, 0x8f, 0xed, 0xd8, 0x39, 0x1c, 0xa2, 0xea, 0xb2, 0x93, 0x54, 0x25, 0xb2, 
		0xef, 0x61, 0xa2, 0xf4, 0x2f, 0x34, 0xf8, 0x42, 0x75, 0xb3, 0xbe, 0x20, 0xb4, 0x16, 0x00, 0xc2, 
		0x03, 0x12, 0x0b, 0x3c, 0xb3, 0x7f, 0xa3, 0xa6, 0xf5, 0xa4, 0xda, 0xde, 0xfa, 0x37, 0xf6, 0x7c, 
		0xcf, 0x14, 0xe9, 0x72, 0xa4, 0xcc, 0xbb, 0x2b, 0x4a, 0x0a, 0x0c, 0x5e, 0xcf, 0x07, 0x2f, 0x57, 
		0x23, 0x13, 0x1c, 0x87, 0x57, 0x34, 0x14, 0x73, 0x8d, 0x41, 0x35, 0xad, 0xeb, 0x02, 0x92, 0xaa, 
		0x14, 0xd1, 0x78, 0xca, 0xf8, 0x42, 0xb5, 0x08, 0x47, 0xf5, 0xf5, 0x11, 0xb6, 0xd4, 0xc8, 0xfa, 
		0x17, 0xaa, 0x7f, 0x48, 0x48, 0x40, 0xa7, 0xd7, 0x68, 0xce, 0xae, 0xf4, 0xee, 0xa4, 0xa8, 0xf8, 
		0x01, 0xb1, 0x76, 0xf5, 0xdb, 0x17, 0x1a, 0xb1, 0x89, 0x12, 0x07, 0x6d, 0x42, 0x15, 0x24, 0xdb, 
		0xd3, 0xa6, 0x87, 0x26, 0xae, 0x9d, 0xab, 0x84, 0x9d, 0xdd, 0x18, 0xa6, 0x7b, 0xde, 0xb2, 0x35, 
		0x2c, 0xfe, 0xb7, 0xc1, 0x85, 0x7b, 0xff, 0x61, 0xa9, 0xcb, 0xc9, 0x94, 0xf0, 0x7c, 0x5c, 0xaa, 
		0xb6, 0x9a, 0xf4, 0xd6, 0x25, 0x7c, 0x65, 0x89, 0x36, 0x47, 0xa5, 0x05, 0xf3, 0xcf, 0x5f, 0x3e, 
		0xec, 0x3a, 0x93, 0xbd, 0xcd, 0x79, 0xcc, 0x49, 0x40, 0xa8, 0xe1, 0x43, 0x2b, 0x29, 0xab, 0xb4, 
		0x5f, 0x51, 0xee, 0xa6, 0x34, 0xd4, 0x58, 0xbc, 0x53, 0xda, 0xbb, 0x47, 0xb7, 0x7c, 0xed, 0x84, 
		0xca, 0x78, 0x44, 0xe7, 0x85, 0x32, 0x4e, 0xa6, 0x3a, 0xc4, 0x91, 0x4f, 0xad, 0x0c, 0x90, 0xaf, 
		0x5f, 0x6a, 0x97, 0xb2, 0x04, 0xc5, 0x5d, 0x2d, 0xb9, 0x63, 0x38, 0x60, 0x8b, 0x05, 0xd6, 0x6f, 
		0xe0, 0x79, 0x1c, 0x89, 0xbe, 0x71, 0x06, 0x01, 0x59, 0xb0, 0x2c, 0xd4, 0xf7, 0xa5, 0x4a, 0x4a, 
		0x2b, 0x33, 0x53, 0x45, 0xb7, 0x32, 0xe9, 0xe4, 0xda, 0xc7, 0x1b, 0x4a, 0x23, 0xa7, 0x58, 0x6a, 
		0x10, 0x0e, 0xf4, 0x04, 0x64, 0xf2, 0xa9, 0x07, 0x73, 0xa3, 0x37, 0x29, 0xfb, 0x94, 0x6c, 0x45, 
		0xb1, 0xae, 0x43, 0xd4, 0x63, 0x6b, 0x07, 0xec, 0x83, 0xfb, 0xe6, 0x03, 0x7a, 0xf1, 0xf6, 0xfd, 
		0x07, 0x9b, 0x93, 0xe0, 0x2a, 0x75, 0x45, 0x33, 0x82, 0x4e, 0x23, 0xae, 0xbe, 0x68, 0xe9, 0x45, 
		0xc4, 0xb2, 0x10, 0xfd, 0x8b, 0x4c, 0xd0, 0x07, 0x12, 0x64, 0xea, 0x32, 0xca, 0x46, 0x40, 0xe0, 
		0xa3, 0xaf, 0x4d, 0xc6, 0xb2, 0xd4, 0xe6, 0x77, 0x3c, 0x61, 0x59, 0x1c, 0x22, 0xc1, 0xf1, 0x74, 
		0x4a, 0x03, 0xdb, 0x32, 0xdb, 0xb5, 0xfc, 0x98, 0x20, 0xbd, 0x0b, 0xa0, 0xff, 0x92, 0x09, 0xb7, 
		0xbb, 0x1b, 0x8f, 0x7d, 0x63, 0xaf, 0x1a, 0x6b, 0x37, 0xce, 0x16, 0x13, 0x23, 0x1d, 0xa1, 0x49, 
		0xef, 0x68, 0xbe, 0xd1, 0x7a, 0x24, 0x8a, 0xa8, 0xcc, 0x90, 0xc4, 0x82, 0x4e, 0x29, 0xe9, 0x85, 
		0x2a, 0xf9, 0xde, 0x7e, 0xc4, 0xb5, 0xaf, 0x58, 0x2b, 0xb4, 0x49, 0x88, 0x17, 0x09, 0x89, 0x0b, 
		0xaf, 0x41, 0xd1, 0xce, 0x9a, 0xb6, 0xe2, 0xa2, 0x4c, 0xb2, 0x24, 0xb1, 0x40, 0x7a, 0x35, 0x2b, 
		0x72, 0x52, 0x35, 0xc0, 0x15, 0x74, 0x41, 0xba, 0x3a, 0x90, 0x17, 0x34, 0x7b, 0xf1, 0x7b, 0x36, 
		0x1c, 0x1e, 0x06, 0x9e, 0x7b, 0x38, 0x54, 0x7f, 0x91, 0xbf, 0xfd, 0xed, 0x67, 0x1c, 0x4d, 0xdd, 
		0x88, 0x4e, 0xf3, 0x3b, 0x55, 0x15, 0xc8, 0x48, 0x48, 0x8c, 0x23, 0x61, 0xfd, 0x5a, 0xfe, 0xf5, 
		0x65, 0xe6, 0x9e, 0x37, 0x7f, 0x6f, 0x02, 0x31, 0x16, 0xf8, 0x2b, 0x5d, 0x64, 0x0b, 0x37, 0xcd, 
		0xd4, 0x7d, 0x0d, 0x1d, 0x9c, 0x5f, 0x55, 0x63, 0xd5, 0x10, 0x8c, 0x8e, 0x8e, 0xca, 0x31, 0x78, 
		0x97, 0xff, 0x14, 0x85, 0xa5, 0xf9, 0x26, 0x18, 0x4a, 0xb3, 0x44, 0xbd, 0xc7, 0xb8, 0x7a, 0x6f, 
		0xd7, 0x87, 0x64, 0x13, 0x93, 0x40, 0xc2, 0xbe, 0x54, 0x60, 0x2e, 0x4c, 0x0b, 0x4e, 0x51, 0x56, 
		0x4c, 0xde, 0xa2, 0xb8, 0x25, 0xe0, 0x8f, 0x6f, 0x79, 0x3e, 0x4c, 0xbb, 0x7b, 0xb4, 0xc6, 0x16, 
		0x4d, 0x74, 0xcb, 0x26, 0xb6, 0xfa, 0xe6, 0xd6, 0x8d, 0x5f, 0x31, 0x1f, 0x24, 0xe8, 0x2f, 0x67, 
		0xc4, 0x45, 0x5e, 0x19, 0xe1, 0x24, 0x89, 0x28, 0x09, 0x11, 0x16, 0xa8, 0xe6, 0xd1, 0x6e, 0x4f, 
		0x81, 0x8d, 0x7c, 0x1f, 0xb2, 0x81, 0x39, 0x7b, 0x39, 0xc9, 0xba, 0xb4, 0x52, 0x47, 0xe1, 0x5a, 
		0x03, 0xa0, 0x5a, 0xa3, 0xf4, 0x90, 0x92, 0xbc, 0xe2, 0x05, 0x4f, 0x4b, 0x19, 0x6d, 0xe8, 0x85, 
		0xca, 0x59, 0xbd, 0x7a, 0x81, 0xe8, 0x2e, 0xbf, 0xcf, 0x68, 0x94, 0x6b, 0x03, 0x8c, 0x48, 0x2f, 
		0x3d, 0xe4, 0xeb, 0x5d, 0xe5, 0x5d, 0xba, 0xf2, 0x6a, 0x17, 0x8e, 0x98, 0x73, 0x96, 0xcd, 0xe6, 
		0x49, 0x26, 0x50, 0xf9, 0x13, 0xeb, 0xc3, 0xf9, 0x5d, 0x3d, 0xbd, 0xc7, 0x27, 0x27, 0x27, 0x23, 
		0x6f, 0x93, 0x25, 0x3f, 0xd4, 0x59, 0xa8, 0x31, 0xb8, 0xa6, 0xb6, 0xf1, 0x69, 0xc9, 0xde, 0x54, 
		0x31, 0x9c, 0x06, 0xc8, 0xac, 0x6e, 0x95, 0xc5, 0x1d, 0x79, 0x8e, 0xde, 0x92, 0x78, 0x26, 0xe6, 
		0x0f, 0xe7, 0x65, 0x59, 0x7b, 0xc6, 0x18, 0x29, 0x96, 0x0e, 0x54, 0x36, 0x25, 0x67, 0x10, 0xaa, 
		0x4b, 0x7d, 0x74, 0x5e, 0xe7, 0x84, 0x55, 0xd2, 0x8c, 0x51, 0x55, 0xc1, 0x92, 0xbb, 0x42, 0xa8, 
		0xd3, 0x28, 0x39, 0x9c, 0x37, 0x5c, 0x17, 0x46, 0xc1, 0xaa, 0xf6, 0xbf, 0x31, 0xaa, 0xf5, 0x47, 
		0xb5, 0x76, 0xd9, 0x5c, 0x31, 0x36, 0xd6, 0x17, 0xf5, 0xd8, 0x37, 0x79, 0x56, 0xb1, 0x98, 0xd8, 
		0xd8, 0x62, 0x57, 0x8f, 0xab, 0xe5, 0xa7, 0xcc, 0xd0, 0x9f, 0x70, 0xb6, 0xa4, 0x21, 0xe1, 0x0a, 
		0x92, 0x8a, 0xb9, 0xda, 0xe3, 0xe8, 0xc9, 0x60, 0xac, 0xec, 0xa5, 0x4b, 0xc3, 0x46, 0x47, 0x25, 
		0x65, 0x55, 0x5f, 0x5b, 0x3d, 0x2d, 0x7e, 0xd0, 0xc3, 0x1e, 0xf7, 0xc8, 0x15, 0x5c, 0x70, 0x3a, 
		0xc2, 0xa9, 0xb4, 0x6b, 0x53, 0x66, 0x00, 0xa9, 0x56, 0xd1, 0xca, 0x55, 0x77, 0x8a, 0xae, 0x59, 
		0x86, 0xae, 0x70, 0x2c, 0x1a, 0xac, 0x96, 0x66, 0xd6, 0x84, 0x20, 0xac, 0x46, 0x03, 0xb1, 0x29, 
		0x92, 0xaf, 0x43, 0xd5, 0xeb, 0x7a, 0xa7, 0x05, 0xfe, 0x4b, 0x38, 0x73, 0xd3, 0x08, 0x6b, 0xd5, 
		0x2a, 0xd2, 0x37, 0xf4, 0x7e, 0x28, 0x5f, 0xd0, 0x1f, 0x01, 0x6c, 0xf7, 0x5c, 0xd9, 0x77, 0x71, 
		0x80, 0x93, 0x34, 0x8b, 0x70, 0xc3, 0x20, 0x30, 0xe9, 0x5d, 0x91, 0x3c, 0x46, 0x0d, 0x24, 0xae, 
		0x93, 0xdc, 0xf5, 0xd5, 0x69, 0x4d, 0x3f, 0xf2, 0x12, 0xa6, 0x9a, 0xe6, 0x06, 0x73, 0x46, 0x8d, 
		0x80, 0x01, 0x83, 0xac, 0xcd, 0xc4, 0x47, 0x75, 0x3b, 0x32, 0xe1, 0xfd, 0xd3, 0x30, 0x06, 0xe4, 
		0xf3, 0xfa, 0x21, 0xb6, 0x8f, 0xd2, 0x98, 0x15, 0xb7, 0x8e, 0x78, 0xff, 0xac, 0x32, 0x70, 0xbe, 
		0x3d, 0x7f, 0x6f, 0x6b, 0x70, 0xe3, 0x42, 0x9f, 0x69, 0xab, 0xb6, 0xe8, 0x0a, 0x54, 0x78, 0x87, 
		0xbf, 0x90, 0x7c, 0x6a, 0xe2, 0x14, 0xe5, 0x75, 0xd0, 0x52, 0x3f, 0x84, 0xd6, 0x9b, 0x79, 0xe8, 
		0x0c, 0x52, 0x12, 0xb0, 0x38, 0x74, 0x25, 0xff, 0xff, 0xa3, 0xaf, 0x92, 0x3a, 0x79, 0xf5, 0x8e, 
		0x97, 0xea, 0xa4, 0x9e, 0xeb, 0x45, 0xf6, 0x18, 0x23, 0xef, 0x9f, 0x2e, 0x8d, 0x5d, 0xef, 0x9f, 
		0xa8, 0x33, 0x0d, 0x4c, 0x6f, 0xc3, 0x27, 0x37, 0x8d, 0x54, 0xc4, 0xf1, 0xb5, 0x11, 0xa7, 0x28, 
		0x9f, 0x55, 0x94, 0xa2, 0x73, 0x8b, 0xb5, 0xa1, 0x56, 0x41, 0x29, 0x0d, 0xa6, 0xbd, 0x51, 0x52, 
		0x6c, 0x33, 0xe9, 0x3b, 0x7b, 0x01, 0xc6, 0xc3, 0xb3, 0x4d, 0xb7, 0x7a, 0xa6, 0x1c, 0x2f, 0x88, 
		0xcb, 0x1b, 0xb8, 0x5c, 0xa7, 0x5a, 0xd2, 0x61, 0xeb, 0x34, 0xac, 0x71, 0x8b, 0x85, 0x2c, 0x43, 
		0x97, 0xb2, 0x0c, 0xc5, 0xf9, 0xa9, 0x40, 0x6b, 0xc1, 0xeb, 0x94, 0x88, 0xa9, 0xfe, 0x7a, 0xf9, 
		0xd8, 0x6c, 0xef, 0xaf, 0x29, 0x41, 0x97, 0xaf, 0x5f, 0x78, 0xe3, 0xb3, 0xe1, 0xf3, 0xcb, 0xd7, 
		0x2f, 0x46, 0xe3, 0xd1, 0x09, 0x6a, 0x2e, 0xcf, 0x3d, 0xd3, 0x68, 0x96, 0x1c, 0x47, 0x0d, 0x41, 
		0x75, 0x53, 0x22, 0x04, 0x8d, 0x67, 0x69, 0xb7, 0x60, 0xd4, 0xc5, 0xf6, 0x45, 0x77, 0xe3, 0xa6, 
		0x3e, 0xb2, 0x9c, 0x6e, 0x3e, 0xcb, 0xf4, 0xd6, 0xdb, 0x9e, 0x65, 0x6b, 0xe4, 0x10, 0x2e, 0x93, 
		0xc9, 0x22, 0x5d, 0x3b, 0x4c, 0x1a, 0x37, 0x04, 0xdb, 0x9e, 0x68, 0xbd, 0x4c, 0x2a, 0x9c, 0x4f, 
		0x3b, 0x9a, 0xea, 0x81, 0x3a, 0xf2, 0xc9, 0xd2, 0xa4, 0xea, 0x6a, 0x48, 0x87, 0x3f, 0x13, 0x7d, 
		0xb8, 0xa2, 0x22, 0x98, 0xa3, 0xb7, 0x72, 0xcc, 0x5d, 0xdd, 0xae, 0x5d, 0xa1, 0x5b, 0x1f, 0x59, 
		0x64, 0x9f, 0xb2, 0x6d, 0xb2, 0x69, 0x50, 0x5b, 0x92, 0xe8, 0xc1, 0x92, 0xf2, 0xc9, 0x92, 0xec, 
		0x75, 0x35, 0xa4, 0x71, 0x8e, 0x89, 0xd1, 0x58, 0xb8, 0x82, 0xb9, 0xea, 0x0f, 0x94, 0x14, 0x37, 
		0x1b, 0x3c, 0xba, 0x94, 0xd9, 0x5a, 0x9d, 0x13, 0x4e, 0x19, 0xa7, 0xe2, 0xda, 0x15, 0x78, 0x36, 
		0x23, 0x86, 0xab, 0xaf, 0x51, 0x62, 0x6b, 0x08, 0x37, 0x68, 0x60, 0x63, 0x68, 0xcd, 0x72, 0xb4, 
		0xf7, 0x9b, 0x54, 0x26, 0xc3, 0x7d, 0xc0, 0xc9, 0x0f, 0x87, 0x93, 0xc5, 0xd7, 0xf6, 0xb8, 0xd4, 
		0xb4, 0xb6, 0x97, 0x2a, 0x0e, 0x51, 0x31, 0x1a, 0xca, 0x1c, 0x49, 0x11, 0x8b, 0xfb, 0xdd, 0x45, 
		0x8b, 0x53, 0x93, 0xe3, 0x2b, 0x57, 0x04, 0xba, 0x02, 0x2b, 0x29, 0x96, 0xa6, 0xe2, 0x6d, 0x0d, 
		0x6a, 0x9c, 0xf5, 0xc1, 0x57, 0x29, 0x0b, 0xbe, 0x10, 0x81, 0x3e, 0xbe, 0xb8, 0xb0, 0xbc, 0x7e, 
		0xb7, 0x87, 0x8f, 0x4e, 0xdd, 0x29, 0xc1, 0x22, 0xe3, 0xc6, 0x00, 0x52, 0x96, 0x96, 0xe4, 0xd4, 
		0xe7, 0x65, 0x07, 0x56, 0xb4, 0x41, 0x7b, 0xc5, 0x3a, 0x47, 0xd1, 0x3b, 0xde, 0xab, 0x76, 0x27, 
		0x1f, 0x4f, 0x90, 0xcc, 0xf3, 0x0b, 0x25, 0xc5, 0xa2, 0x20, 0xad, 0x6a, 0xd0, 0x2a, 0x41, 0xfa, 
		0xf5, 0x25, 0x08, 0x92, 0x75, 0x41, 0x52, 0xe0, 0x31, 0x32, 0x6f, 0x2d, 0xd7, 0x88, 0xb6, 0xc4, 
		0xe9, 0xce, 0x66, 0x35, 0x4f, 0x22, 0x4a, 0x2c, 0xf9, 0x96, 0xc6, 0x64, 0x1b, 0x25, 0x2a, 0x0d, 
		0x70, 0x88, 0xdd, 0xd9, 0xd5, 0x03, 0x0b, 0x54, 0xf5, 0xda, 0x47, 0x94, 0x27, 0xf5, 0x4d, 0xdd, 
		0xbd, 0xae, 0x9e, 0x2d, 0x49, 0xd1, 0xaa, 0xc6, 0x34, 0x4c, 0x98, 0x17, 0xe7, 0x2f, 0xcf, 0x41, 
		0x6c, 0xec, 0x8a, 0x4d, 0x44, 0xf5, 0xb5, 0x43, 0x3d, 0xda, 0x12, 0x9a, 0xce, 0xa6, 0x74, 0xde, 
		0xbc, 0xa0, 0xf4, 0xcd, 0x9b, 0x8b, 0x1e, 0x48, 0xcb, 0x63, 0x8c, 0x52, 0xb1, 0x99, 0xfd, 0x35, 
		0x61, 0x5c, 0xb8, 0x8d, 0xa8, 0x1e, 0x9d, 0xda, 0x64, 0xd6, 0x79, 0x18, 0x22, 0x59, 0x50, 0x6c, 
		0xda, 0xe7, 0x55, 0x49, 0x1f, 0xe3, 0x47, 0x36, 0x89, 0x73, 0xbb, 0x67, 0x30, 0xe1, 0xe8, 0xf4, 
		0x5b, 0xe2, 0xdc, 0xa6, 0x98, 0x72, 0xf7, 0x3f, 0x19, 0xc9, 0xf4, 0x56, 0x6b, 0xc4, 0x15, 0x91, 
		0xf9, 0xaf, 0x31, 0xe5, 0xe8, 0x9f, 0x19, 0xc9, 0x68, 0x3c, 0x93, 0xf0, 0x0c, 0xc7, 0xf7, 0xba, 
		0xde, 0xf1, 0x81, 0x43, 0xe0, 0x02, 0xb6, 0x48, 0x54, 0x7a, 0x6a, 0x3d, 0xfc, 0xad, 0x22, 0xf6, 
		0x0f, 0x36, 0x1a, 0xfc, 0x77, 0x03, 0x16, 0x4f, 0x3b, 0x07, 0x21, 0x2f, 0xb1, 0xb5, 0x87, 0x70, 
		0xa7, 0x80, 0x58, 0xe5, 0xea, 0x84, 0xb1, 0x88, 0x68, 0x3e, 0x01, 0xcf, 0x2b, 0xf8, 0x1a, 0xb1, 
		0xab, 0x80, 0xc5, 0x82, 0x33, 0xdd, 0xb1, 0xac, 0x53, 0x57, 0xef, 0xcc, 0xcb, 0x5a, 0x88, 0x25, 
		0xc5, 0x76, 0xf6, 0x81, 0xbd, 0xe3, 0x32, 0xeb, 0x66, 0x77, 0xa8, 0x9b, 0x9e, 0xd7, 0x90, 0x93, 
		0xd2, 0xec, 0x84, 0xed, 0x61, 0xda, 0x34, 0x3c, 0x20, 0x24, 0x29, 0xe5, 0xca, 0x39, 0xe4, 0x0d, 
		0xfc, 0x01, 0x9b, 0x4a, 0xf1, 0x1f, 0xc9, 0xbf, 0x62, 0x23, 0x6a, 0xa0, 0xac, 0x26, 0xfb, 0x22, 
		0x2b, 0xc9, 0x21, 0x92, 0x1c, 0x19, 0x15, 0x36, 0x00, 0x31, 0x42, 0x61, 0xd5, 0xe3, 0x6a, 0xde, 
		0xc9, 0x62, 0xe0, 0x5c, 0xb9, 0x2a, 0xcf, 0x69, 0x2a, 0x18, 0xd7, 0xf7, 0x0d, 0x4b, 0x8a, 0xa5, 
		0xe9, 0xf0, 0xe3, 0xc5, 0x07, 0xed, 0xed, 0xf2, 0xa9, 0x95, 0x9c, 0x9f, 0xa1, 0x05, 0xa6, 0xb1, 
		0xc0, 0x34, 0x46, 0x45, 0x63, 0x11, 0x8d, 0xd1, 0x84, 0x8a, 0xf4, 0x79, 0x1e, 0x94, 0x63, 0x7d, 
		0x30, 0x3b, 0xd7, 0x80, 0x39, 0x8b, 0xc2, 0x96, 0x8a, 0xd5, 0x88, 0x5d, 0x71, 0x7c, 0xb2, 0x18, 
		0xa9, 0x62, 0x14, 0x92, 0xc4, 0x5e, 0x0a, 0x97, 0x90, 0x72, 0x12, 0x34, 0x8f, 0x25, 0x54, 0x34, 
		0xdb, 0xec, 0xde, 0x70, 0xee, 0xa8, 0xf0, 0x7d, 0xaf, 0x38, 0x2b, 0xaf, 0xcf, 0x16, 0x69, 0xa7, 
		0x0d, 0x8b, 0x03, 0xf5, 0xc5, 0x02, 0x93, 0xaf, 0xcc, 0x51, 0x61, 0xcc, 0x55, 0x9f, 0x34, 0xc8, 
		0x3d, 0xd8, 0xf4, 0xfb, 0xae, 0x1b, 0xcf, 0xe3, 0x4d, 0xcf, 0x25, 0xfd, 0x83, 0x5c, 0x37, 0xe4, 
		0xe3, 0x2d, 0x4d, 0xc5, 0xb9, 0x10, 0xf9, 0x86, 0x3f, 0x8d, 0x5f, 0x45, 0x44, 0xf6, 0x29, 0x7f, 
		0xc9, 0x3b, 0xfc, 0xb5, 0x7e, 0xf6, 0x4e, 0xc7, 0xe3, 0xe3, 0x93, 0xf1, 0x78, 0x78, 0x72, 0x78, 
		0x32, 0x3c, 0x3b, 0x3a, 0xf2, 0x8e, 0xbd, 0x23, 0x67, 0xf0, 0x0b, 0x0f, 0x09, 0x27, 0xe1, 0x8f, 
		0xd7, 0x03, 0x3f, 0xce, 0xa2, 0x48, 0x23, 0xfc, 0x9a, 0x12, 0x5e, 0x7d, 0xdd, 0x91, 0xd0, 0x35, 
		0x15, 0xe6, 0x95, 0x12, 0x15, 0x69, 0xcb, 0xa4, 0x34, 0x9e, 0xf3, 0xc4, 0xcc, 0xf1, 0x27, 0x09, 
		0x79, 0xf0, 0x9c, 0xb5, 0xbb, 0x60, 0x9c, 0x41, 0x85, 0xb9, 0xfe, 0xfd, 0x1f, 0x96, 0x1a, 0x16, 
		0xb8, 0x4e, 0xb7, 0x95, 0x5f, 0x82, 0x67, 0xa9, 0x1e, 0x2f, 0x9f, 0x3f, 0xdb, 0xd2, 0x99, 0x64, 
		0x69, 0x86, 0x38, 0x17, 0x84, 0x2d, 0x93, 0xc3, 0x80, 0xa6, 0x01, 0x73, 0x93, 0x39, 0x8b, 0x89, 
		0x21, 0x8e, 0x3a, 0x5d, 0x49, 0x65, 0x19, 0x6c, 0xa2, 0x3b, 0x41, 0x3a, 0x5c, 0x20, 0xf5, 0x89, 
		0xb5, 0xf2, 0x30, 0x12, 0xba, 0x28, 0x76, 0xda, 0x8b, 0x2c, 0x4f, 0xb6, 0x32, 0xdb, 0x68, 0xa9, 
		0x8a, 0x02, 0x92, 0xa6, 0xf9, 0xd5, 0xd5, 0xda, 0x67, 0x0c, 0xf2, 0xca, 0x13, 0x3e, 0xaa, 0x12, 
		0x2a, 0xe0, 0x47, 0x9e, 0x70, 0x02, 0x07, 0x5f, 0x88, 0xb0, 0x17, 0xc6, 0xd8, 0x4a, 0x71, 0x63, 
		0x87, 0xa9, 0x49, 0x12, 0x5d, 0xbb, 0xc2, 0x14, 0x46, 0x8d, 0x68, 0x29, 0xe6, 0x3f, 0x6f, 0x81, 
		0x94, 0x38, 0xc3, 0xb8, 0x31, 0xc8, 0x96, 0x1c, 0x8a, 0xf9, 0xd7, 0x5d, 0x1c, 0x18, 0x69, 0x96, 
		0x6a, 0xa2, 0xb5, 0xd9, 0x11, 0x35, 0xbd, 0x78, 0x15, 0xa9, 0xbd, 0xbd, 0x32, 0xcb, 0x22, 0xcc, 
		0xd1, 0x79, 0x3e, 0x75, 0x22, 0x9a, 0x0a, 0xd4, 0x87, 0x83, 0x7c, 0xe4, 0x6b, 0x22, 0x59, 0x68, 
		0x4a, 0xde, 0xaa, 0x7c, 0xc1, 0xdf, 0x33, 0xa2, 0xca, 0x3b, 0x3b, 0x5b, 0xcf, 0xb2, 0x72, 0x5a, 
		0xdf, 0x3b, 0x5c, 0xd3, 0x28, 0x6b, 0xd9, 0x73, 0xc7, 0xeb, 0x7e, 0xf3, 0xf3, 0x6d, 0x61, 0xfa, 
		0x86, 0x9f, 0xf1, 0x13, 0x76, 0xff, 0x7b, 0xee, 0xfe, 0xff, 0x9f, 0x95, 0xbf, 0x51, 0xd9, 0x09, 
		0xad, 0x19, 0x55, 0xcd, 0x25, 0x53, 0x42, 0xd2, 0xf2, 0xcc, 0x56, 0xb2, 0x1c, 0xa3, 0xbc, 0x0e, 
		0x3a, 0x7f, 0xf1, 0x56, 0x53, 0x9c, 0x68, 0x4a, 0x23, 0x41, 0x8c, 0xaf, 0x83, 0xd4, 0xec, 0xa8, 
		0xd4, 0xdc, 0x95, 0x8e, 0x8d, 0x16, 0xe9, 0xd8, 0x9a, 0x4b, 0x6a, 0x8f, 0x80, 0xbe, 0xac, 0x96, 
		0xaf, 0x1e, 0x34, 0x36, 0xce, 0x0f, 0x68, 0x44, 0x4b, 0x0b, 0x8a, 0xb9, 0x92, 0xf4, 0x76, 0x09, 
		0x81, 0x39, 0x0e, 0x73, 0xbc, 0xef, 0x73, 0xbc, 0xb8, 0x74, 0xab, 0x23, 0xf5, 0x22, 0x18, 0xd7, 
		0x60, 0x5c, 0x83, 0x71, 0x0d, 0x2a, 0x14, 0x8c, 0x6b, 0x90, 0x9a, 0x7e, 0x49, 0xcd, 0xdd, 0x89, 
		0x82, 0x59, 0x99, 0x69, 0xb7, 0xd7, 0x6b, 0x2f, 0xd8, 0xd7, 0x60, 0x5f, 0xc3, 0x34, 0xdf, 0xf9, 
		0x69, 0x5e, 0x4d, 0xf6, 0x20, 0x60, 0x59, 0x2c, 0xcc, 0x4c, 0xd6, 0x1a, 0xb1, 0x75, 0x66, 0xea, 
		0xfc, 0x05, 0xc2, 0x61, 0xa8, 0xb2, 0x0b, 0x4f, 0x70, 0x4a, 0x42, 0x54, 0x57, 0x36, 0xef, 0x91, 
		0xb0, 0x35, 0x3d, 0x17, 0x38, 0x70, 0x8b, 0x16, 0x6a, 0x5f, 0xd1, 0xa9, 0xb7, 0xf4, 0x89, 0x74, 
		0xf4, 0x4a, 0xae, 0xe7, 0x34, 0x9e, 0x15, 0x09, 0x95, 0x43, 0x44, 0x66, 0x5a, 0xef, 0xad, 0x6f, 
		0x3f, 0x24, 0x99, 0x79, 0xf7, 0x4b, 0xd2, 0x21, 0x92, 0xf9, 0xf7, 0xd0, 0xad, 0x63, 0xa7, 0xf7, 
		0xb2, 0xb7, 0x92, 0xab, 0xe6, 0x5f, 0xd2, 0x9c, 0x82, 0x5d, 0x5d, 0x7e, 0x49, 0x52, 0x41, 0xe3, 
		0x3c, 0x43, 0xd3, 0x9d, 0xfd, 0x26, 0x3d, 0xef, 0x76, 0x31, 0x55, 0xf3, 0x2e, 0xb4, 0xb3, 0x3b, 
		0x35, 0x0a, 0x6c, 0xc1, 0xd1, 0xd6, 0x9c, 0xab, 0xe7, 0x9b, 0x1d, 0x83, 0xe1, 0x96, 0x06, 0xb5, 
		0x83, 0x81, 0xc4, 0x9c, 0xa0, 0x37, 0x17, 0x95, 0x9c, 0xb0, 0x69, 0x2f, 0xf2, 0x79, 0xf5, 0x7c, 
		0xcc, 0xc3, 0x79, 0x90, 0xb8, 0x01, 0x4e, 0x8d, 0x8d, 0xf8, 0x8a, 0x66, 0x2b, 0xb7, 0xd7, 0xdc, 
		0x38, 0x3a, 0xa9, 0x1e, 0x5b, 0xfb, 0xe4, 0x17, 0xe8, 0xbc, 0x18, 0xe9, 0x98, 0xcc, 0x98, 0xa0, 
		0x58, 0x90, 0x10, 0x2d, 0x29, 0x46, 0x2f, 0x7f, 0x7e, 0xf1, 0xf8, 0x47, 0x07, 0x4a, 0xb7, 0x49, 
		0x44, 0x49, 0x2c, 0xcc, 0xe4, 0x07, 0x35, 0x6d, 0xd5, 0xa6, 0x78, 0x55, 0x03, 0x09, 0x86, 0xb2, 
		0xd4, 0x5e, 0xee, 0x39, 0x31, 0xcf, 0xd3, 0x9f, 0xb6, 0xd3, 0xcf, 0x35, 0x4a, 0x2c, 0x49, 0xeb, 
		0x79, 0x92, 0xfc, 0x44, 0x67, 0x78, 0x42, 0xc5, 0xab, 0xa2, 0x41, 0xda, 0xc7, 0x3a, 0x0a, 0x2d, 
		0xc9, 0xef, 0xe6, 0xcd, 0x6c, 0x9c, 0xec, 0x48, 0x12, 0x77, 0xce, 0x52, 0xb5, 0xba, 0x15, 0x75, 
		0x51, 0x59, 0x19, 0x55, 0x29, 0xed, 0x0e, 0xff, 0x6b, 0x7b, 0x9d, 0xeb, 0xc8, 0x84, 0x2a, 0x6b, 
		0x75, 0x74, 0xda, 0xf6, 0x88, 0xdc, 0xde, 0xa4, 0x15, 0x39, 0x03, 0x0f, 0x7b, 0xca, 0xdf, 0xd7, 
		0x38, 0xed, 0x12, 0x2c, 0x83, 0x6c, 0x89, 0xcf, 0xeb, 0x35, 0xad, 0x91, 0xd3, 0x4c, 0x2b, 0x44, 
		0xfd, 0x67, 0x3e, 0x9d, 0x8a, 0xeb, 0xd5, 0xb3, 0xbb, 0xb3, 0xd8, 0xd6, 0x60, 0xdc, 0xab, 0xa9, 
		0x8d, 0xc1, 0x91, 0x95, 0x5a, 0x4a, 0xa8, 0xb7, 0x63, 0xb3, 0x24, 0xb7, 0xf5, 0xb7, 0x5d, 0x6a, 
		0x6d, 0x64, 0x36, 0x6f, 0x68, 0x73, 0x5c, 0x96, 0xa4, 0xbd, 0x36, 0xf4, 0x75, 0x5c, 0x18, 0xbf, 
		0x55, 0x10, 0xbb, 0x8a, 0x6d, 0x8d, 0xcc, 0xbd, 0x9a, 0xda, 0x18, 0x1b, 0x59, 0x69, 0x6b, 0xe6, 
		0x0c, 0xcb, 0xf8, 0xcf, 0x59, 0x1c, 0x72, 0x12, 0xfe, 0x44, 0x67, 0xaf, 0x8c, 0xbe, 0x9a, 0x25, 
		0xd6, 0x46, 0x64, 0xfd, 0x06, 0x36, 0xc7, 0x21, 0xe3, 0xa8, 0xa8, 0xb0, 0x2d, 0xc3, 0xb1, 0x5a, 
		0xf4, 0x7a, 0x32, 0x41, 0x36, 0x69, 0xa0, 0x39, 0x1c, 0x8d, 0xf2, 0x2d, 0x30, 0x64, 0xbb, 0xc5, 
		0xae, 0x07, 0x73, 0x62, 0x9d, 0x86, 0x99, 0xcc, 0xdf, 0xb2, 0x69, 0x70, 0x71, 0x79, 0xe1, 0x06, 
		0x73, 0xdc, 0xb8, 0x43, 0x55, 0xa7, 0x5a, 0xe2, 0xfc, 0x3a, 0x0d, 0x33, 0x39, 0x9f, 0xf0, 0xa4, 
		0x2c, 0x43, 0xcb, 0x22, 0x55, 0x63, 0x6f, 0x4e, 0xe6, 0xf7, 0xe8, 0x66, 0x07, 0x35, 0xec, 0x8c, 
		0x8b, 0x2e, 0xf6, 0xea, 0x64, 0x5b, 0x03, 0xbf, 0x56, 0xd3, 0x1a, 0x69, 0x02, 0x4a, 0x55, 0xf7, 
		0xa2, 0x18, 0x7f, 0x36, 0xad, 0x87, 0xde, 0xba, 0x97, 0xba, 0x97, 0x97, 0x9f, 0x3b, 0x83, 0x8f, 
		0x24, 0x5e, 0xbd, 0xc6, 0x74, 0x14, 0x5a, 0x92, 0x87, 0xcd, 0x9b, 0xd9, 0x38, 0xa6, 0x4b, 0xe2, 
		0x6d, 0x51, 0xc6, 0x1f, 0xaf, 0x48, 0x2c, 0xae, 0x0b, 0x54, 0xa2, 0x2f, 0x38, 0x8d, 0x02, 0x5b, 
		0x23, 0xb1, 0x76, 0xf3, 0x1a, 0x23, 0xa0, 0x8a, 0xd1, 0x56, 0x21, 0x29, 0xa3, 0x4b, 0xab, 0x84, 
		0x6f, 0x65, 0x9d, 0x3e, 0x0c, 0xd0, 0x3d, 0x1a, 0xbd, 0xd5, 0xc3, 0x66, 0xef, 0x30, 0x6a, 0x2e, 
		0x2f, 0xec, 0x36, 0x9e, 0xb7, 0x0a, 0xad, 0x49, 0xc8, 0xa6, 0xcd, 0x6c, 0xca, 0x04, 0xdb, 0x06, 
		0x59, 0x28, 0x87, 0xa4, 0xdb, 0x7c, 0x6f, 0x14, 0xd8, 0x1b, 0x8a, 0x35, 0x9b, 0xd7, 0x1e, 0x82, 
		0x2d, 0x03, 0x19, 0x2a, 0x8d, 0x6e, 0x5d, 0xcb, 0xc8, 0xaa, 0xfb, 0xc8, 0x5c, 0xef, 0x6e, 0x8a, 
		0xc9, 0xe1, 0xdf, 0x22, 0x1c, 0xf7, 0xc2, 0x68, 0xec, 0xd5, 0xf5, 0x2e, 0x79, 0xea, 0x90, 0x54, 
		0x34, 0xe2, 0xf9, 0x2a, 0xd2, 0xaa, 0x3d, 0xd7, 0xa5, 0xba, 0x54, 0x77, 0xca, 0x38, 0x2a, 0xab, 
		0x22, 0xd6, 0xcf, 0x4b, 0x41, 0x57, 0x64, 0x34, 0x58, 0xa8, 0xb3, 0xfc, 0xf5, 0x12, 0x12, 0x33, 
		0x81, 0xf6, 0x0e, 0x0e, 0x9e, 0xe7, 0xff, 0x4f, 0xd5, 0x15, 0x01, 0x2a, 0x79, 0x5c, 0xc0, 0xe2, 
		0xa9, 0xf6, 0xbc, 0x8f, 0x18, 0x5f, 0xab, 0x22, 0xfa, 0x01, 0x3d, 0x53, 0xbc, 0x7e, 0xb6, 0x3f, 
		0x70, 0x06, 0xaf, 0x38, 0x67, 0xfc, 0x1d, 0x49, 0x53, 0x3c, 0xd3, 0x5b, 0xab, 0x05, 0x5c, 0x04, 
		0x38, 0x96, 0x6d, 0x98, 0x90, 0x2a, 0x8a, 0x8c, 0x84, 0x88, 0xc5, 0x28, 0x7f, 0x23, 0x8d, 0x67, 
		0x48, 0xbe, 0xd5, 0x41, 0x69, 0x11, 0xab, 0xa1, 0x7d, 0x29, 0x66, 0xa1, 0x4a, 0x63, 0xa7, 0x3e, 
		0x27, 0xff, 0xa8, 0xde, 0xa0, 0x45, 0x74, 0xfc, 0x0d, 0x7d, 0x64, 0x48, 0x42, 0xad, 0x59, 0xfb, 
		0xb7, 0x53, 0xce, 0x16, 0xf5, 0xaf, 0x15, 0xab, 0x51, 0x48, 0xe4, 0x5a, 0xa8, 0xbd, 0x60, 0xc5, 
		0x70, 0x11, 0xd9, 0x33, 0x77, 0x51, 0x74, 0xed, 0xae, 0x51, 0xdb, 0xaa, 0x0e, 0xdf, 0xac, 0x4c, 
		0x35, 0x79, 0x67, 0xf8, 0xc4, 0x37, 0xa5, 0x37, 0xbc, 0xe3, 0xed, 0xf5, 0x85, 0x37, 0xf4, 0x2b, 
		0x09, 0x9b, 0xe1, 0x27, 0x1a, 0xd1, 0x92, 0x36, 0x4e, 0x38, 0x5d, 0x60, 0x23, 0xeb, 0x53, 0x49, 
		0xb1, 0x1b, 0x44, 0x34, 0xb8, 0x3b, 0x10, 0xea, 0x4d, 0x82, 0x9a, 0x41, 0x5b, 0x96, 0xf4, 0x18, 
		0x4d, 0x96, 0x63, 0xb7, 0xd9, 0x96, 0x46, 0x74, 0xee, 0xde, 0xde, 0xa7, 0xa1, 0x7b, 0xf6, 0xf9, 
		0xcf, 0x4f, 0x9e, 0x7b, 0xf6, 0x39, 0xff, 0xd3, 0x53, 0xff, 0xe4, 0x7f, 0x8f, 0x3e, 0x0d, 0xdd, 
		0x71, 0xf9, 0xf7, 0xd1, 0xa7, 0xa1, 0x7b, 0xf4, 0x79, 0xff, 0xf7, 0xdf, 0x0f, 0xf6, 0xff, 0x38, 
		0xbc, 0xd9, 0xfc, 0x87, 0x7b, 0xff, 0xf3, 0xe9, 0xf7, 0xdf, 0x93, 0x3f, 0xde, 0xdf, 0xc8, 0xff, 
		0xbe, 0xbd, 0xf9, 0xfc, 0xd7, 0xfd, 0xbf, 0x0f, 0x3e, 0xdf, 0x43, 0xb3, 0x6e, 0xa2, 0x5c, 0xbf, 
		0x5d, 0xbf, 0x7e, 0xd4, 0x55, 0x03, 0xad, 0x06, 0x37, 0x57, 0x2a, 0xda, 0xbb, 0x2a, 0x5d, 0xe2, 
		0xa5, 0x62, 0x85, 0xde, 0xb8, 0x45, 0x65, 0xd4, 0x2f, 0x96, 0xbf, 0x7f, 0x10, 0x3d, 0x69, 0xa5, 
		0xe1, 0xc6, 0xcd, 0x79, 0x7b, 0x6a, 0xdc, 0x02, 0xa6, 0x52, 0xa1, 0xa5, 0xc6, 0xa0, 0x50, 0x96, 
		0xfa, 0x72, 0xc9, 0x77, 0x9e, 0x1d, 0x3c, 0xdb, 0xcf, 0xc7, 0x2c, 0x62, 0x01, 0xce, 0x8f, 0x00, 
		0xe8, 0x35, 0xf7, 0xe5, 0x20, 0x9d, 0x7f, 0x7c, 0xf7, 0x6c, 0xff, 0x8e, 0x3a, 0x79, 0xe6, 0xda, 
		0x67, 0x77, 0xbe, 0xeb, 0xdd, 0xeb, 0xcb, 0xbb, 0x2b, 0xfd, 0xa8, 0xee, 0x6e, 0x2a, 0xea, 0xdd, 
		0xdd, 0x01, 0x15, 0xd3, 0x6c, 0x14, 0x1b, 0x49, 0x97, 0x9f, 0xab, 0xab, 0x31, 0x9f, 0x17, 0x77, 
		0xf0, 0xec, 0xef, 0xdf, 0x22, 0x6d, 0x65, 0x1a, 0x40, 0xb9, 0x76, 0xbd, 0xb9, 0x40, 0x9c, 0x65, 
		0xa2, 0x4c, 0x6d, 0xaa, 0xae, 0x17, 0x32, 0x2e, 0x6a, 0xa4, 0x29, 0x62, 0x71, 0x74, 0x8d, 0x70, 
		0x14, 0xb1, 0x2b, 0x12, 0x22, 0x3a, 0x45, 0x62, 0x8e, 0xc5, 0xef, 0x71, 0xab, 0x1a, 0x8e, 0x38, 
		0xc1, 0xe1, 0xb5, 0xbe, 0x4c, 0xe2, 0x14, 0x25, 0x98, 0x8b, 0x22, 0x4a, 0xb3, 0xbe, 0xa6, 0x73, 
		0xe8, 0x68, 0x0f, 0xff, 0x74, 0x24, 0x07, 0xde, 0x7c, 0x78, 0x8b, 0x96, 0x6f, 0xcf, 0xdf, 0x1f, 
		0x3c, 0x88, 0x5c, 0xf6, 0xbc, 0x8b, 0x37, 0x45, 0x1e, 0xa9, 0x05, 0x4e, 0xbf, 0x0c, 0xf4, 0xe0, 
		0xf7, 0xf4, 0x4b, 0x97, 0xae, 0x4f, 0xb3, 0x89, 0x84, 0xba, 0x45, 0x31, 0xe8, 0xfb, 0x3b, 0xf5, 
		0x7d, 0x91, 0x11, 0x33, 0x60, 0x71, 0x68, 0xae, 0xf0, 0x35, 0xad, 0x87, 0x6b, 0x3c, 0x0c, 0xec, 
		0xdd, 0x03, 0xbb, 0x6a, 0xce, 0x3c, 0x2e, 0xef, 0xde, 0xe1, 0x38, 0xc4, 0x79, 0xca, 0x50, 0x6f, 
		0x7b, 0x39, 0x79, 0xd7, 0x04, 0x59, 0x75, 0x0b, 0x93, 0x06, 0x8e, 0x30, 0xaa, 0x7e, 0x50, 0xd2, 
		0x0e, 0x7e, 0x8f, 0x3f, 0xca, 0x5a, 0x11, 0xc1, 0x53, 0x24, 0x8d, 0x2c, 0x09, 0x9d, 0xa4, 0x39, 
		0x40, 0x63, 0xc4, 0x78, 0x48, 0xb8, 0x5c, 0xde, 0x13, 0x4e, 0x96, 0x24, 0x16, 0x88, 0x16, 0xeb, 
		0x3e, 0x5b, 0x12, 0xce, 0x69, 0x48, 0xe3, 0xd9, 0xef, 0xb1, 0x04, 0x51, 0x85, 0x25, 0x6e, 0xcd, 
		0xca, 0xbd, 0x75, 0x80, 0x5b, 0x07, 0x3f, 0xd6, 0x31, 0x2f, 0xe5, 0xca, 0x5d, 0x72, 0xed, 0xff, 
		0xfc, 0x90, 0x2f, 0xe0, 0x45, 0x2f, 0x4b, 0xfa, 0x2d, 0x4b, 0xf6, 0x87, 0x8a, 0xcb, 0x1a, 0xe8, 
		0x0a, 0x70, 0x8c, 0x0a, 0x68, 0x9a, 0xe2, 0x85, 0xba, 0x53, 0xf9, 0xa2, 0xe0, 0x5b, 0x5d, 0xeb, 
		0x41, 0x96, 0xd3, 0x6f, 0xf8, 0xfc, 0x8d, 0x99, 0x0f, 0xb3, 0x1e, 0xd0, 0xc7, 0xc9, 0x86, 0x29, 
		0xbf, 0x5c, 0x83, 0xd3, 0x26, 0x08, 0x6d, 0x96, 0x58, 0x42, 0xa2, 0x75, 0x33, 0x3a, 0xdb, 0xb6, 
		0xc1, 0xa9, 0x88, 0x37, 0xff, 0x78, 0xb5, 0x1c, 0xa1, 0x77, 0x2c, 0x24, 0xb9, 0x89, 0x62, 0x7b, 
		0x55, 0xb9, 0x2d, 0x6f, 0x48, 0x16, 0xc7, 0xd9, 0x62, 0x42, 0xb8, 0xd1, 0x6b, 0x8d, 0x68, 0x69, 
		0x30, 0xee, 0x6e, 0x56, 0xe7, 0x2d, 0x01, 0x6f, 0x2e, 0x50, 0xc2, 0x59, 0x40, 0xd2, 0x54, 0x1a, 
		0x9a, 0x57, 0x54, 0xcc, 0x59, 0x26, 0xa4, 0x49, 0x48, 0xbe, 0x26, 0x11, 0x0d, 0xa8, 0xe8, 0x0b, 
		0x62, 0x5f, 0x6f, 0xf3, 0xaa, 0xa9, 0xbe, 0x52, 0x81, 0xb9, 0x48, 0x5d, 0xd9, 0xaf, 0xbd, 0x03, 
		0x07, 0x3d, 0x7b, 0x49, 0x71, 0x44, 0x78, 0x81, 0x4a, 0xd0, 0x5e, 0xce, 0x9d, 0xbd, 0x34, 0x9b, 
		0xe4, 0xaf, 0x77, 0xf1, 0x54, 0x10, 0x6e, 0xd4, 0x94, 0x98, 0xa7, 0x40, 0x34, 0x82, 0x2e, 0x89, 
		0xfa, 0xb3, 0x32, 0xae, 0xd5, 0x53, 0x5e, 0xb3, 0x42, 0x3d, 0x0a, 0x18, 0x29, 0x74, 0xb7, 0xea, 
		0xe3, 0xb7, 0x23, 0xea, 0x2c, 0x25, 0x08, 0xa3, 0xbc, 0x6e, 0x1d, 0x90, 0xe1, 0x28, 0x27, 0x5d, 
		0x93, 0x8a, 0xe6, 0x38, 0x2d, 0x6e, 0xd8, 0xd0, 0x6c, 0x7b, 0x2f, 0x15, 0x0e, 0x5a, 0xd2, 0x80, 
		0xa0, 0x25, 0xe1, 0x29, 0x56, 0x7e, 0xe4, 0x1c, 0x92, 0x3e, 0x14, 0x78, 0xfe, 0xae, 0x6d, 0x6c, 
		0xdc, 0x30, 0x6f, 0xf2, 0xb0, 0xba, 0x4f, 0x78, 0x9d, 0x31, 0xd4, 0x2a, 0xdf, 0x3d, 0x8c, 0x55, 
		0xe5, 0x35, 0x46, 0x52, 0x7f, 0xf1, 0x1a, 0x83, 0x59, 0x5f, 0x82, 0xdc, 0xe0, 0x55, 0x47, 0x81, 
		0xdd, 0x21, 0xfd, 0xae, 0x2d, 0xbd, 0xd1, 0xae, 0x96, 0xc5, 0xe1, 0x82, 0xa6, 0xa9, 0x99, 0x94, 
		0xbc, 0xa6, 0x75, 0x9c, 0x39, 0x8a, 0xae, 0xd1, 0xfb, 0xfc, 0xb6, 0x6b, 0x74, 0x5e, 0xd6, 0x43, 
		0x2f, 0xaa, 0x8b, 0x22, 0x7a, 0xa6, 0x9b, 0x64, 0x0f, 0xb9, 0x91, 0x7f, 0x96, 0xb7, 0x4f, 0x09, 
		0xd6, 0xf7, 0x1a, 0x9c, 0x5f, 0x5e, 0xa0, 0xf2, 0x2a, 0x26, 0x7b, 0x67, 0xbd, 0xd3, 0xa4, 0x95, 
		0x27, 0x5e, 0x23, 0xb6, 0xc6, 0x84, 0x27, 0xe8, 0x4d, 0x55, 0xdc, 0x8f, 0xc3, 0xf9, 0x11, 0x5d, 
		0x50, 0x7d, 0x77, 0x3e, 0x7f, 0x5e, 0xcd, 0xf7, 0x4b, 0x2c, 0x08, 0x52, 0x95, 0xf2, 0xe8, 0xb7, 
		0x80, 0x2d, 0xe4, 0x32, 0x28, 0x87, 0xc3, 0xf2, 0xc9, 0xfb, 0x98, 0x19, 0xb7, 0xe0, 0xa9, 0xc7, 
		0x66, 0x3f, 0xde, 0x33, 0x54, 0x76, 0xb0, 0x67, 0xd6, 0x92, 0x33, 0xe0, 0x66, 0x22, 0x77, 0x9e, 
		0x27, 0x71, 0x6f, 0x5e, 0x0a, 0x29, 0x08, 0x7a, 0xdb, 0x87, 0x1e, 0xf4, 0x34, 0xda, 0x70, 0x55, 
		0x4a, 0xf4, 0x55, 0xe2, 0xfc, 0x51, 0x96, 0xa3, 0x7e, 0x64, 0xcc, 0x5f, 0x95, 0x65, 0x20, 0x13, 
		0x73, 0x12, 0x0b, 0x1a, 0xe0, 0x86, 0xa6, 0x69, 0x14, 0x34, 0x3b, 0x69, 0x16, 0xa3, 0x34, 0x9b, 
		0xd8, 0x4e, 0x34, 0xfe, 0x85, 0x5c, 0xbb, 0xc1, 0x1c, 0x1b, 0x19, 0x11, 0x6b, 0x5a, 0xb3, 0xfd, 
		0x7a, 0x89, 0x9d, 0xe3, 0xd3, 0x74, 0x66, 0x2c, 0x48, 0xf9, 0x73, 0x1b, 0x15, 0xcc, 0x71, 0x1c, 
		0x90, 0x30, 0xcf, 0xef, 0x4e, 0x19, 0x47, 0x3f, 0x61, 0x41, 0xae, 0xf0, 0x35, 0xba, 0x2c, 0x7c, 
		0xd1, 0x55, 0xbe, 0xf7, 0xbd, 0x57, 0x6f, 0x7e, 0xba, 0xbc, 0xd8, 0xb7, 0x2d, 0x68, 0xeb, 0xc7, 
		0x7c, 0xdc, 0x6f, 0xea, 0x1e, 0x1f, 0x1d, 0x1d, 0xae, 0x3d, 0x6b, 0x6d, 0x5e, 0xee, 0xd0, 0x88, 
		0x31, 0xe9, 0x8c, 0x2f, 0xc9, 0x23, 0x49, 0xa6, 0xa8, 0x2d, 0x8d, 0xbd, 0xb1, 0x9c, 0x2c, 0x86, 
		0x24, 0xda, 0x1c, 0xbd, 0x05, 0x0b, 0x75, 0xbe, 0xa8, 0xc7, 0xe6, 0xe8, 0x15, 0x44, 0x50, 0x1f, 
		0xa0, 0x3e, 0xbe, 0x83, 0x00, 0x86, 0x47, 0xba, 0xfc, 0x85, 0x47, 0xad, 0xc1, 0xfd, 0x07, 0xb9, 
		0x26, 0x21, 0x2a, 0x20, 0x25, 0x0a, 0xe9, 0x8c, 0xa4, 0xd6, 0x0d, 0xb7, 0xb5, 0x7c, 0xda, 0x3b, 
		0xaf, 0x3e, 0xac, 0x0a, 0x4e, 0x10, 0x11, 0xcc, 0xdd, 0x90, 0xc5, 0xc2, 0x9d, 0x72, 0x3c, 0xcb, 
		0x6b, 0x55, 0xdf, 0xec, 0x2a, 0x5d, 0xe1, 0x8a, 0x54, 0x55, 0x91, 0xac, 0x8a, 0xca, 0xaa, 0x68, 
		0xef, 0x45, 0xc6, 0x39, 0x89, 0x45, 0x74, 0x8d, 0x7e, 0x89, 0xa3, 0x6b, 0xf4, 0xe1, 0xe5, 0xbf, 
		0xce, 0xdf, 0xa3, 0x8f, 0x99, 0x3a, 0xb0, 0x54, 0xdd, 0x46, 0x63, 0x5d, 0x8b, 0x74, 0x5d, 0x71, 
		0xe9, 0xac, 0x95, 0x29, 0xa8, 0x36, 0xde, 0x5f, 0xfe, 0xfc, 0x42, 0xa2, 0x4e, 0x8e, 0x17, 0x44, 
		0x10, 0x9e, 0xde, 0x76, 0x53, 0xee, 0xe3, 0xe8, 0x7e, 0xd9, 0x03, 0x75, 0x0d, 0x18, 0x09, 0xdd, 
		0x09, 0x67, 0x38, 0x0c, 0xb0, 0x81, 0x46, 0x3a, 0x0a, 0x57, 0x8c, 0xec, 0x94, 0xf1, 0x2b, 0xcc, 
		0xd5, 0xcd, 0x8d, 0x6c, 0x8a, 0xca, 0xdf, 0xa1, 0xea, 0x77, 0xd6, 0x6c, 0xf8, 0xbc, 0x29, 0xb7, 
		0xf4, 0xce, 0xe8, 0x1b, 0xe4, 0xde, 0xdc, 0xe1, 0xdc, 0x9b, 0x96, 0x6e, 0xd8, 0x76, 0x06, 0x73, 
		0x12, 0x45, 0xcc, 0x55, 0x93, 0x7c, 0x89, 0xf5, 0xd3, 0x9b, 0x8d, 0x82, 0x95, 0x9a, 0x23, 0x45, 
		0xca, 0x94, 0x72, 0xdf, 0x5c, 0x2c, 0xc7, 0x48, 0xfd, 0x08, 0x69, 0x3f, 0x02, 0x6b, 0x11, 0xac, 
		0xc5, 0x87, 0x5f, 0xf4, 0xf3, 0xf0, 0x09, 0x3d, 0x1e, 0xa8, 0xa4, 0xb4, 0x93, 0x1f, 0x2a, 0x3a, 
		0x9a, 0x10, 0x71, 0x45, 0x48, 0x5c, 0x08, 0xa8, 0xe0, 0x38, 0x4e, 0x0b, 0x2f, 0xbe, 0xf5, 0xad, 
		0x45, 0x18, 0x55, 0xfb, 0x56, 0xe4, 0x9c, 0x44, 0x09, 0xe1, 0x1d, 0x99, 0x75, 0x1b, 0x05, 0x2b, 
		0xaf, 0xee, 0x43, 0xa1, 0x96, 0x92, 0xb5, 0x8c, 0x58, 0x91, 0x36, 0xd4, 0xaf, 0x2f, 0x2f, 0x7a, 
		0x60, 0x69, 0x6c, 0x10, 0x24, 0x7f, 0xd1, 0xd5, 0x15, 0xdb, 0x73, 0x64, 0x6b, 0xa2, 0xc3, 0x0a, 
		0x79, 0x69, 0x25, 0x89, 0x34, 0xe9, 0x96, 0x52, 0x44, 0xce, 0x22, 0x36, 0x31, 0xd6, 0xf8, 0x82, 
		0x60, 0x29, 0x66, 0x64, 0x75, 0x73, 0x1a, 0xf9, 0x59, 0x8c, 0x39, 0x88, 0x68, 0x8a, 0x1a, 0xed, 
		0xee, 0x0b, 0xfa, 0xcf, 0x4f, 0x4e, 0x72, 0xfd, 0x66, 0x01, 0xf9, 0x64, 0xeb, 0xdc, 0x64, 0x47, 
		0x43, 0x1a, 0xa7, 0x26, 0x2f, 0x5f, 0xab, 0x5b, 0x5f, 0xf2, 0xa3, 0x7e, 0x26, 0x97, 0xf7, 0xa8, 
		0x84, 0x4a, 0xd3, 0x29, 0x91, 0xf8, 0x37, 0x0f, 0x37, 0xac, 0xb7, 0xde, 0x7f, 0xbb, 0x7c, 0x6d, 
		0xdd, 0x18, 0xba, 0x5f, 0x44, 0x4e, 0x33, 0x08, 0x63, 0xc9, 0xa7, 0xea, 0xdf, 0x90, 0x4c, 0x69, 
		0x4c, 0x25, 0x5f, 0x3e, 0x95, 0xf1, 0x17, 0x3f, 0x04, 0x39, 0xf8, 0xdf, 0xdb, 0xff, 0x8c, 0x18, 
		0x6f, 0x87, 0x6f, 0x24, 0xe5, 0x0b, 0xba, 0x7e, 0xb1, 0x3a, 0x2c, 0x43, 0x32, 0xbd, 0x0c, 0xf0, 
		0x0c, 0x38, 0x51, 0x41, 0x68, 0x2a, 0x6a, 0x21, 0x0f, 0x53, 0x08, 0x51, 0x84, 0x1f, 0xe8, 0x98, 
		0xc9, 0x7a, 0x5f, 0xaa, 0xc3, 0x22, 0xac, 0x85, 0x1b, 0x16, 0x17, 0xdc, 0x0b, 0xba, 0x30, 0x8f, 
		0xa9, 0x96, 0xb4, 0x35, 0xb1, 0x07, 0x8b, 0x42, 0x54, 0xd4, 0x07, 0xd8, 0x01, 0x06, 0x6a, 0x3f, 
		0x60, 0xc7, 0x94, 0x71, 0x82, 0x62, 0x42, 0x67, 0xf3, 0x09, 0xe3, 0x72, 0xed, 0x0a, 0x58, 0x9c, 
		0x52, 0x35, 0x0b, 0x50, 0xc8, 0xae, 0xac, 0x6f, 0x81, 0xc1, 0xe0, 0xda, 0x47, 0x1f, 0xf9, 0x71, 
		0xb7, 0x84, 0xb3, 0xaf, 0xd7, 0xae, 0x19, 0xb7, 0xd5, 0x2c, 0x59, 0xe1, 0xe1, 0xd4, 0xaa, 0xa1, 
		0xf3, 0xcb, 0x0b, 0xdb, 0x32, 0xd5, 0x15, 0x91, 0xb3, 0xc0, 0xe9, 0x17, 0x97, 0x93, 0x24, 0xd2, 
		0xcf, 0x4d, 0x68, 0xc4, 0x15, 0x3d, 0x4b, 0x49, 0xac, 0x1c, 0xb7, 0x6f, 0x5e, 0xbc, 0xbb, 0x40, 
		0xef, 0x70, 0xfa, 0x05, 0x5d, 0xca, 0xea, 0xe5, 0x3e, 0x90, 0x75, 0x60, 0xd2, 0xd9, 0x55, 0xce, 
		0x32, 0x41, 0xdc, 0x00, 0x07, 0x73, 0x63, 0x53, 0x55, 0x27, 0xaf, 0xea, 0x6e, 0x75, 0x3c, 0x5e, 
		0x55, 0x2b, 0xee, 0x2d, 0x29, 0xe2, 0xc2, 0x16, 0x59, 0x24, 0xa8, 0x84, 0x91, 0x7d, 0xb9, 0xcb, 
		0xa3, 0x7b, 0xdf, 0x61, 0x21, 0x32, 0xbd, 0xd7, 0x22, 0xeb, 0xbc, 0x91, 0xe2, 0x8d, 0x1c, 0xce, 
		0xaf, 0x74, 0x91, 0x2d, 0xd0, 0x47, 0xcd, 0x1b, 0x83, 0x7e, 0x8d, 0xfb, 0x11, 0x8f, 0xb5, 0x9e, 
		0x4e, 0x3c, 0x3e, 0xbd, 0x9f, 0x13, 0xfb, 0x74, 0xb8, 0xa6, 0x2f, 0xba, 0x08, 0xae, 0xc8, 0x43, 
		0x4f, 0x3b, 0x77, 0x0a, 0xda, 0x65, 0xad, 0x50, 0xc9, 0x20, 0x20, 0x89, 0x50, 0xf1, 0xca, 0x9c, 
		0xa4, 0x09, 0x8b, 0xd5, 0x5d, 0x0a, 0xe5, 0xef, 0x72, 0x56, 0xb9, 0xb7, 0x6d, 0x8b, 0xf4, 0x68, 
		0x6e, 0x25, 0x74, 0xa1, 0xd5, 0x90, 0x4f, 0xcd, 0xde, 0x5e, 0xbc, 0x79, 0xa7, 0x21, 0x15, 0x4b, 
		0x61, 0x5a, 0xb2, 0xa5, 0x2c, 0xa2, 0x81, 0x91, 0x27, 0x21, 0x27, 0xac, 0x98, 0xf9, 0x79, 0x69, 
		0x79, 0xe6, 0xd6, 0x96, 0x09, 0x9b, 0xab, 0xa8, 0x05, 0xd6, 0xd7, 0xa0, 0x9a, 0xd6, 0x62, 0x75, 
		0xdd, 0xe6, 0xb2, 0x42, 0xcf, 0x20, 0x61, 0x3e, 0x12, 0x1d, 0x0b, 0xeb, 0x9d, 0x4b, 0xaa, 0xbe, 
		0x98, 0xbe, 0x24, 0x53, 0x9c, 0x45, 0x12, 0x47, 0xe6, 0x5b, 0x27, 0x9f, 0x7b, 0xa9, 0x77, 0x39, 
		0xc1, 0x69, 0x4a, 0x16, 0x13, 0x63, 0x85, 0xd5, 0x88, 0x6d, 0x4f, 0xdf, 0x72, 0x8c, 0xea, 0x72, 
		0x6d, 0xf3, 0xd7, 0x96, 0xf4, 0x2d, 0xf0, 0x57, 0xb7, 0x6a, 0x10, 0x25, 0xe6, 0x0d, 0x67, 0x8d, 
		0xa2, 0x55, 0x9e, 0xd8, 0x05, 0xfe, 0x8a, 0xf2, 0x33, 0x19, 0x88, 0x4d, 0xa5, 0xb1, 0x5d, 0x60, 
		0x72, 0x64, 0x70, 0x62, 0x4b, 0x96, 0x97, 0x7b, 0x6e, 0x91, 0x0e, 0x47, 0xeb, 0xe7, 0x89, 0x72, 
		0x06, 0x12, 0x32, 0x9b, 0x17, 0xff, 0x95, 0x94, 0x55, 0x3c, 0x2e, 0xca, 0x8b, 0x3c, 0x51, 0x34, 
		0x46, 0x0b, 0x1a, 0x45, 0xb4, 0xc0, 0x42, 0x92, 0xed, 0x62, 0x4e, 0x50, 0x88, 0x05, 0x9e, 0x71, 
		0xbc, 0x40, 0x13, 0x22, 0x8d, 0x97, 0x8a, 0xfd, 0xda, 0x19, 0xb5, 0xde, 0x87, 0x5b, 0x7b, 0xf7, 
		0xdc, 0x31, 0x3e, 0x1e, 0x6e, 0xb2, 0xbe, 0x5b, 0xdb, 0xfb, 0xe5, 0x24, 0x5f, 0xf5, 0x53, 0x43, 
		0x61, 0x94, 0xb4, 0x75, 0x2c, 0xf2, 0xcb, 0xa2, 0xb6, 0x6e, 0x8f, 0x6f, 0x89, 0xb6, 0xa4, 0xc6, 
		0x1a, 0x47, 0xdb, 0x0b, 0xc1, 0xa5, 0x5c, 0xd6, 0x38, 0x7a, 0x13, 0x4f, 0x19, 0x5f, 0xe4, 0xbb, 
		0x21, 0xa5, 0x67, 0xc6, 0xde, 0x36, 0xce, 0x92, 0x70, 0x41, 0x8d, 0xd3, 0xb8, 0x35, 0x6d, 0xd5, 
		0x74, 0xcd, 0x92, 0x10, 0x0b, 0x82, 0x8c, 0xad, 0xfc, 0x6a, 0x88, 0x0e, 0x87, 0xd6, 0x07, 0xe8, 
		0x71, 0x8e, 0x3f, 0x1c, 0x6f, 0xa0, 0x12, 0x2b, 0x9e, 0xba, 0x61, 0xc9, 0xa9, 0x36, 0xbf, 0xab, 
		0xb2, 0x96, 0xbd, 0x5d, 0xd6, 0x50, 0xdb, 0x82, 0xaa, 0x4e, 0x6e, 0x23, 0x59, 0x5b, 0x57, 0x89, 
		0xe0, 0x34, 0xd0, 0x57, 0xd3, 0x9c, 0xd0, 0x4a, 0x56, 0xa0, 0xc8, 0xc5, 0x99, 0xb9, 0xae, 0x76, 
		0xf7, 0x3d, 0x13, 0xfb, 0x3d, 0xd7, 0xcb, 0xf5, 0x8f, 0xc5, 0x38, 0x03, 0x81, 0xf5, 0xbb, 0x64, 
		0xe5, 0xd3, 0xca, 0xe1, 0x0f, 0x91, 0xc0, 0xb3, 0x7e, 0x72, 0xb3, 0x37, 0x1e, 0xbf, 0x6f, 0x3a, 
		0x95, 0x73, 0x6e, 0x9e, 0xca, 0x09, 0x1a, 0xc7, 0x31, 0x7b, 0x7d, 0x22, 0xa7, 0xd1, 0xf6, 0x1e, 
		0x1f, 0x89, 0x58, 0xf3, 0x78, 0x40, 0xa3, 0x43, 0x36, 0x4f, 0x0b, 0xec, 0x48, 0x30, 0xb9, 0xd4, 
		0x36, 0xe4, 0xab, 0x61, 0x98, 0xcb, 0xc7, 0xd6, 0x6e, 0x98, 0x0a, 0x5c, 0x96, 0x45, 0xa8, 0x35, 
		0x5f, 0x7a, 0xd6, 0xa1, 0xf5, 0x53, 0x0a, 0xee, 0x2d, 0xc2, 0xa3, 0x22, 0x79, 0x9b, 0xec, 0xd9, 
		0x6d, 0xe7, 0xdc, 0x55, 0x64, 0x36, 0x8b, 0xcb, 0x1c, 0xb5, 0x79, 0xc6, 0x31, 0x95, 0x93, 0xec, 
		0x00, 0x5d, 0x92, 0x05, 0x5b, 0x12, 0x94, 0x27, 0xc7, 0x21, 0x4b, 0xca, 0xb2, 0xd4, 0x3c, 0x2a, 
		0xac, 0x3e, 0x21, 0xf8, 0x35, 0xc2, 0x33, 0x4c, 0xe3, 0x87, 0x49, 0xa3, 0xf6, 0xa0, 0x0d, 0xba, 
		0xa9, 0xb4, 0xa4, 0xda, 0x9f, 0xc6, 0x91, 0x1b, 0x92, 0x08, 0xeb, 0x10, 0xdf, 0xa4, 0xaf, 0x32, 
		0x02, 0x8b, 0x5a, 0x48, 0xd5, 0x5a, 0x61, 0x0b, 0xf6, 0xc3, 0x14, 0xfc, 0x9e, 0x6b, 0x93, 0x77, 
		0xba, 0x91, 0xdf, 0x95, 0x93, 0x80, 0x28, 0xa2, 0x06, 0x8f, 0x72, 0x4a, 0xeb, 0x80, 0x68, 0xb9, 
		0xe8, 0x2f, 0x72, 0x5f, 0x43, 0x40, 0x12, 0x9b, 0x27, 0xd1, 0x97, 0x84, 0x37, 0xb2, 0x1b, 0x94, 
		0x94, 0x66, 0xc3, 0x0b, 0xba, 0xed, 0xc5, 0x73, 0x4a, 0x79, 0x2a, 0xdc, 0x76, 0xb3, 0x4d, 0x7a, 
		0xfb, 0xa6, 0x3f, 0x9e, 0x0a, 0x84, 0x73, 0xff, 0x76, 0x5d, 0xc9, 0xae, 0xd6, 0x8b, 0xb3, 0x05, 
		0x69, 0xe6, 0x21, 0x18, 0x3b, 0x83, 0x57, 0x71, 0xa6, 0x5c, 0xd7, 0x1f, 0xd9, 0x87, 0x7c, 0x89, 
		0xf5, 0xff, 0x18, 0x0c, 0x07, 0xfe, 0xc0, 0x1b, 0x38, 0x03, 0x6f, 0xe0, 0x0f, 0x46, 0x03, 0xf9, 
		0x2e, 0xf6, 0x26, 0x3f, 0xbf, 0xe2, 0xa9, 0x46, 0x8f, 0x06, 0xbe, 0xa7, 0xa7, 0xe5, 0xeb, 0x60, 
		0x50, 0xa3, 0xa0, 0x7b, 0x23, 0x7a, 0xf7, 0x59, 0xb4, 0xce, 0xc2, 0x52, 0x45, 0xe7, 0xa0, 0xff, 
		0xf3, 0x03, 0x3a, 0x38, 0x78, 0xde, 0x94, 0xad, 0x5b, 0xb3, 0x88, 0x95, 0xbc, 0xab, 0x22, 0x6a, 
		0xea, 0xe0, 0x28, 0x31, 0xc7, 0x31, 0x52, 0x2f, 0x7b, 0xc0, 0xb4, 0x61, 0xeb, 0x7d, 0x4f, 0xcf, 
		0x69, 0x92, 0x92, 0x38, 0x34, 0x04, 0x23, 0x6e, 0xa7, 0x5d, 0x32, 0xd5, 0x94, 0x1e, 0x06, 0x0d, 
		0x9a, 0xea, 0x11, 0x34, 0x95, 0x1c, 0x93, 0x1d, 0x9e, 0x84, 0xdf, 0xae, 0xa7, 0x76, 0x9c, 0x41, 
		0xa0, 0xa5, 0x06, 0xcb, 0x51, 0xe7, 0x2e, 0xb6, 0x41, 0x6e, 0x0a, 0x87, 0x92, 0x0a, 0x9a, 0xd4, 
		0x5b, 0xd3, 0x68, 0x39, 0x2a, 0xbc, 0x9a, 0xd6, 0x85, 0xa4, 0x33, 0x06, 0xb8, 0x3b, 0x00, 0x64, 
		0x8d, 0xf8, 0x8f, 0x29, 0x4e, 0x85, 0xdb, 0x15, 0x04, 0xc2, 0x32, 0x31, 0x63, 0xea, 0xda, 0x04, 
		0xbb, 0x89, 0x81, 0x02, 0xa2, 0x07, 0x15, 0xcb, 0xa7, 0x15, 0x3d, 0x79, 0x41, 0xd3, 0x80, 0xa1, 
		0x57, 0x5f, 0x13, 0x15, 0x4d, 0xfc, 0xba, 0x3a, 0x82, 0x69, 0x7b, 0xc0, 0xba, 0x77, 0x03, 0xa6, 
		0x11, 0xbb, 0xd2, 0x75, 0xb9, 0x7c, 0x5c, 0xd1, 0xb1, 0xd7, 0x11, 0xbb, 0xea, 0x1c, 0xa7, 0x7e, 
		0xf6, 0x6c, 0xc3, 0x30, 0x84, 0x46, 0xc7, 0x8a, 0xa8, 0x84, 0x35, 0xe4, 0xb0, 0x57, 0x9d, 0x4e, 
		0xf1, 0x82, 0xb8, 0xf5, 0xc1, 0x65, 0x6d, 0x15, 0x32, 0x0b, 0xd6, 0x63, 0x02, 0x8b, 0xf3, 0x2b, 
		0x4a, 0xf0, 0x82, 0xf4, 0xe7, 0x76, 0xd2, 0xae, 0x8e, 0xdb, 0xdb, 0x48, 0xac, 0x35, 0x9b, 0xba, 
		0xc9, 0xa1, 0x5b, 0xe9, 0xe5, 0x45, 0x56, 0x23, 0x5b, 0x6e, 0x57, 0xc9, 0xfd, 0x1b, 0xd0, 0x92, 
		0xb7, 0xbc, 0xd9, 0x66, 0xde, 0x75, 0x70, 0x2b, 0x2f, 0xe9, 0x45, 0xf4, 0x53, 0x9a, 0x2d, 0x16, 
		0x98, 0x5f, 0x77, 0x9c, 0xa8, 0x6b, 0x96, 0xec, 0x6a, 0xb0, 0xfe, 0x63, 0xe7, 0x4f, 0xd4, 0xb1, 
		0x1f, 0xb5, 0x1e, 0x63, 0xd1, 0xa7, 0xcc, 0x4a, 0xce, 0xc0, 0xd8, 0xeb, 0xa7, 0xd6, 0xe3, 0xd4, 
		0xb6, 0xe3, 0x34, 0xa3, 0xd5, 0x74, 0x40, 0x3d, 0xb8, 0xae, 0x00, 0x06, 0x6d, 0xd3, 0x41, 0x5b, 
		0x19, 0x66, 0x60, 0x7d, 0x4f, 0xa1, 0x5f, 0xd9, 0x35, 0xad, 0x1e, 0x73, 0xc9, 0x8f, 0xf8, 0xa9, 
		0x15, 0xe2, 0x51, 0x4e, 0xf7, 0xd9, 0xbd, 0xe4, 0x57, 0x18, 0x39, 0x90, 0x44, 0x47, 0x0a, 0xa4, 
		0x8f, 0x2f, 0x2e, 0xd0, 0x9c, 0xe0, 0x90, 0x70, 0x69, 0x2e, 0x29, 0xb8, 0x5a, 0x6e, 0xc3, 0x31, 
		0x31, 0x27, 0xbc, 0x07, 0x71, 0xb1, 0x38, 0xfc, 0xdf, 0x2c, 0x15, 0xee, 0xa2, 0x71, 0x80, 0xbf, 
		0x22, 0xb6, 0x23, 0x50, 0x64, 0x91, 0x02, 0x2d, 0x8b, 0x34, 0x0f, 0xc8, 0xe4, 0x38, 0x4e, 0x69, 
		0x6f, 0x0e, 0x8e, 0xac, 0xbf, 0xcd, 0x77, 0x74, 0xcf, 0x08, 0x4c, 0x6f, 0x7c, 0xbc, 0x41, 0x00, 
		0xe6, 0x8d, 0x33, 0x58, 0x12, 0x4e, 0xa7, 0xd7, 0xa6, 0x1b, 0x5a, 0x12, 0x56, 0x85, 0x87, 0x2b, 
		0xc1, 0x90, 0xcc, 0x44, 0x4b, 0x1c, 0xd1, 0xd0, 0x6a, 0xde, 0xe9, 0xb4, 0x7a, 0x53, 0x69, 0x7d, 
		0xe5, 0x84, 0xd6, 0x79, 0xef, 0xaa, 0xa5, 0x52, 0x26, 0xf2, 0x4a, 0xad, 0x0c, 0x0f, 0x8f, 0xed, 
		0xff, 0x5f, 0xe3, 0x76, 0x5f, 0x49, 0x44, 0xa9, 0xda, 0xc8, 0x6e, 0x86, 0x36, 0x3c, 0x76, 0xc6, 
		0xae, 0x79, 0x90, 0xb8, 0x69, 0xcc, 0x58, 0x52, 0x38, 0x7e, 0x8b, 0xef, 0x98, 0xf4, 0x96, 0xff, 
		0xb2, 0x28, 0x40, 0x24, 0x17, 0x1e, 0xe3, 0x36, 0xe5, 0x47, 0xee, 0x81, 0xba, 0x6d, 0x31, 0x25, 
		0x41, 0xc6, 0xa9, 0x30, 0xdd, 0x42, 0x3a, 0xbd, 0xd9, 0x03, 0x75, 0xd7, 0xa0, 0x56, 0xda, 0x37, 
		0x9f, 0xab, 0x1d, 0xc7, 0x87, 0x45, 0x8f, 0x4b, 0x16, 0xd3, 0x86, 0x07, 0xbd, 0xa4, 0x6c, 0xa2, 
		0xb0, 0x94, 0x4b, 0xaf, 0xfe, 0xa1, 0x15, 0x81, 0x8c, 0x99, 0xa8, 0xa7, 0xb5, 0xaf, 0x47, 0x01, 
		0xe9, 0xb3, 0xdd, 0xec, 0x53, 0xc8, 0x59, 0xe2, 0x72, 0x2c, 0x08, 0x52, 0xd5, 0xac, 0xdd, 0x4b, 
		0x27, 0xe6, 0x9c, 0xa4, 0x73, 0x16, 0xe9, 0xd8, 0xbb, 0xa6, 0x35, 0x5b, 0xfd, 0xeb, 0xe5, 0xc5, 
		0x6b, 0xf4, 0xfe, 0x97, 0x8f, 0x6f, 0x5e, 0xff, 0x7f, 0x48, 0xf6, 0x00, 0xa9, 0x1e, 0xe8, 0xf5, 
		0xed, 0xe8, 0xb4, 0x92, 0x99, 0xba, 0x3e, 0xab, 0x68, 0xcd, 0x4e, 0xbc, 0xac, 0x1a, 0x4e, 0xe3, 
		0xd2, 0x9c, 0x50, 0xc2, 0x95, 0x6f, 0xf0, 0xa1, 0xbd, 0x24, 0x49, 0xf7, 0x91, 0xe0, 0x74, 0x36, 
		0x23, 0xea, 0x22, 0xc9, 0x7c, 0x84, 0x90, 0x8b, 0x86, 0x2a, 0x10, 0x2a, 0xbe, 0x56, 0x7d, 0xef, 
		0x85, 0x09, 0xd2, 0x7f, 0x54, 0xd0, 0xdc, 0x1c, 0xac, 0x6e, 0x31, 0xe5, 0x64, 0x49, 0x78, 0x4a, 
		0xdc, 0x04, 0x8b, 0xb9, 0xbb, 0xf4, 0x10, 0xe3, 0xa8, 0xbe, 0x56, 0x57, 0x31, 0xcb, 0x5d, 0x7a, 
		0xab, 0x77, 0x0b, 0x95, 0x28, 0xc6, 0x4c, 0x34, 0x6e, 0xe7, 0x6e, 0x25, 0xfc, 0xfc, 0xf6, 0x7d, 
		0xc2, 0xf5, 0xbe, 0xa4, 0xef, 0x10, 0xea, 0x5d, 0xd3, 0xdd, 0x9e, 0x3a, 0xb9, 0x75, 0x56, 0x23, 
		0x2f, 0x44, 0xb2, 0x50, 0xd7, 0x6f, 0x2d, 0x33, 0x07, 0xed, 0xb1, 0x28, 0x2c, 0xfd, 0xa2, 0x28, 
		0x3f, 0xd9, 0x61, 0xcd, 0x67, 0x87, 0x83, 0x80, 0xa4, 0xa9, 0x1b, 0x51, 0x43, 0x91, 0xeb, 0xd4, 
		0x0e, 0x27, 0x6f, 0x5e, 0x8c, 0x64, 0xb1, 0x02, 0x29, 0xe4, 0xab, 0x20, 0x71, 0x48, 0x42, 0xa3, 
		0x60, 0x2f, 0x15, 0x38, 0x0e, 0x31, 0x0f, 0xa5, 0x60, 0x94, 0x35, 0xac, 0x27, 0x12, 0xd1, 0x7a, 
		0xb6, 0x45, 0x89, 0x44, 0xf5, 0xa4, 0x9e, 0x1b, 0x34, 0xea, 0x31, 0xb2, 0x8d, 0xae, 0xeb, 0x4a, 
		0x08, 0x49, 0xc2, 0x49, 0x50, 0xdc, 0x8a, 0xf7, 0x0d, 0xf8, 0x5a, 0x7b, 0x4f, 0x79, 0x52, 0x26, 
		0x8a, 0xd8, 0x95, 0x9b, 0x92, 0x68, 0xea, 0x36, 0x4c, 0xe2, 0x66, 0x49, 0x0b, 0xa4, 0xca, 0xf2, 
		0x72, 0xcb, 0x42, 0x30, 0xa4, 0x0c, 0x64, 0x2a, 0xe4, 0x0f, 0xd0, 0x1e, 0x4b, 0x48, 0x9c, 0xa2, 
		0x65, 0x16, 0xc5, 0x84, 0xe3, 0x09, 0x8d, 0xa8, 0xb8, 0x96, 0xeb, 0x8d, 0xc2, 0x64, 0x85, 0x51, 
		0x60, 0x5d, 0x9a, 0xef, 0x99, 0xfc, 0xfb, 0x7b, 0x8d, 0x85, 0x15, 0x53, 0xd4, 0x79, 0x54, 0x61, 
		0xdb, 0x66, 0x9c, 0x0b, 0xba, 0x1e, 0x74, 0xfd, 0x4e, 0xe8, 0xfa, 0x8e, 0x13, 0x91, 0x06, 0xbd, 
		0x5b, 0xcf, 0x1b, 0x27, 0xe0, 0xa4, 0xba, 0x5f, 0x60, 0x11, 0xcc, 0xd1, 0xd5, 0x9c, 0xc4, 0x28, 
		0x98, 0x93, 0xe0, 0x8b, 0xd4, 0xfe, 0x2b, 0x66, 0x2a, 0xe8, 0x77, 0x58, 0x6b, 0xfb, 0x36, 0x16, 
		0xd1, 0xc8, 0x4d, 0xb9, 0xbe, 0xd7, 0x55, 0x10, 0x5a, 0x87, 0xb3, 0xa4, 0x6c, 0x57, 0x38, 0x19, 
		0x73, 0x4e, 0x97, 0x44, 0xdd, 0x73, 0x8b, 0x02, 0xc6, 0xd5, 0xc9, 0xf9, 0xb7, 0x23, 0x90, 0xfb, 
		0xd5, 0xbc, 0x76, 0x06, 0x52, 0x45, 0x34, 0x20, 0x30, 0x27, 0x38, 0x98, 0xcb, 0x96, 0xb8, 0x4b, 
		0x8a, 0xd1, 0x0f, 0xe8, 0x19, 0xff, 0xfa, 0x6c, 0xc5, 0x47, 0xd5, 0xaf, 0xef, 0xfa, 0xe4, 0xaa, 
		0x57, 0x56, 0xa7, 0x80, 0xb4, 0x32, 0x03, 0x91, 0xea, 0xf4, 0x55, 0x07, 0xaf, 0x8a, 0x5a, 0xf9, 
		0xbc, 0x52, 0xaa, 0x4e, 0xce, 0x40, 0xac, 0xae, 0x14, 0x15, 0x2c, 0x8f, 0x2c, 0xeb, 0xd7, 0xf8, 
		0x6f, 0x18, 0xf7, 0x8c, 0xe3, 0xeb, 0x22, 0xf2, 0x99, 0x7f, 0x35, 0x42, 0x9f, 0x65, 0x81, 0x6c, 
		0x39, 0xff, 0xba, 0x3a, 0xfa, 0xd9, 0xb2, 0x7d, 0xfc, 0x98, 0x2a, 0xa3, 0xf0, 0xb3, 0xb6, 0x73, 
		0x43, 0x37, 0x0a, 0x2c, 0x25, 0x87, 0x36, 0x3c, 0x4a, 0x8d, 0x1b, 0xdf, 0xdb, 0x65, 0x96, 0x72, 
		0x1a, 0x37, 0xdc, 0x5e, 0xab, 0x9a, 0xa8, 0x5c, 0x5f, 0xe0, 0x21, 0x02, 0xd4, 0x00, 0xa8, 0x01, 
		0x0c, 0xc7, 0xd6, 0xa1, 0xfa, 0x7c, 0x17, 0xd6, 0x58, 0xf1, 0x14, 0xa1, 0x77, 0x4d, 0x2d, 0x8e, 
		0x54, 0xe5, 0xee, 0xfc, 0x86, 0x4a, 0xd6, 0xa9, 0x96, 0x94, 0x71, 0xbd, 0xcf, 0xd0, 0x6a, 0x56, 
		0x87, 0x02, 0x06, 0xa7, 0x0c, 0xa8, 0xd7, 0x5d, 0x56, 0xaf, 0x4f, 0xd7, 0x2f, 0x02, 0x2b, 0x4c, 
		0x93, 0x1d, 0x4f, 0xdd, 0x3b, 0x00, 0x98, 0x7d, 0x57, 0x30, 0xbb, 0xf6, 0x3f, 0x67, 0xb0, 0xa4, 
		0x5c, 0x64, 0x38, 0x72, 0x3b, 0x33, 0xcd, 0x76, 0x14, 0xae, 0x08, 0x45, 0xfa, 0x2d, 0xaf, 0x89, 
		0x5e, 0x97, 0xd7, 0xac, 0x5e, 0xd6, 0x49, 0x68, 0xf7, 0xde, 0xc4, 0x49, 0x66, 0x0f, 0x6f, 0xa9, 
		0xb8, 0x97, 0xf2, 0xfa, 0x57, 0x3d, 0xda, 0xb6, 0x51, 0xd0, 0x19, 0x15, 0x83, 0xa3, 0x48, 0x89, 
		0x46, 0x95, 0xb0, 0x5d, 0xaf, 0xdf, 0xaf, 0x49, 0xab, 0xd2, 0x09, 0xe9, 0x1f, 0xb6, 0x7f, 0xda, 
		0xbe, 0xf3, 0xce, 0x80, 0xaf, 0x9d, 0x83, 0x61, 0xd2, 0xd7, 0xcb, 0x04, 0x5c, 0xd5, 0x57, 0xc1, 
		0x4a, 0x5a, 0xda, 0xe3, 0xbd, 0x32, 0x51, 0xad, 0xf5, 0x95, 0x64, 0x83, 0xbc, 0xb4, 0xf7, 0x4b, 
		0xcc, 0xb7, 0x49, 0x56, 0xe0, 0x27, 0x94, 0x8b, 0xf9, 0x7b, 0xf2, 0x7c, 0xc3, 0x5c, 0xcc, 0xeb, 
		0x24, 0xda, 0xab, 0xb8, 0xcb, 0xc2, 0xfc, 0x4c, 0xf6, 0x6f, 0xaf, 0x2f, 0xcd, 0x3c, 0x5e, 0xa5, 
		0xc9, 0x69, 0x3b, 0x9b, 0xd7, 0xa6, 0xab, 0x92, 0x21, 0x16, 0x9e, 0x72, 0xa2, 0xe6, 0x1d, 0xd1, 
		0x57, 0xa8, 0xca, 0xce, 0xf6, 0xcc, 0x94, 0xe7, 0xc3, 0xe2, 0xc0, 0xc7, 0x37, 0x66, 0xb3, 0xde, 
		0xa5, 0xec, 0xd5, 0xf7, 0xcc, 0x5d, 0xdd, 0xff, 0xc4, 0xd5, 0x6d, 0x5b, 0xc3, 0x35, 0xc7, 0x7c, 
		0x45, 0x85, 0xfb, 0x18, 0x24, 0xbf, 0x64, 0x02, 0x2c, 0x12, 0xb0, 0x48, 0xc0, 0x22, 0x01, 0x8b, 
		0x64, 0x27, 0x78, 0x0e, 0x16, 0x09, 0x58, 0x24, 0xdb, 0x25, 0xb1, 0x5b, 0x61, 0x91, 0xdc, 0x7d, 
		0xd9, 0xee, 0xc5, 0xfb, 0x32, 0x69, 0xc8, 0xf3, 0x3a, 0x1d, 0x96, 0x76, 0xba, 0xb8, 0xcc, 0x33, 
		0xd4, 0x4e, 0x31, 0xf4, 0xd8, 0x19, 0x0e, 0xeb, 0x64, 0x5d, 0xf5, 0x47, 0xa6, 0x7a, 0x06, 0xaf, 
		0x15, 0xd7, 0xb1, 0xa2, 0xba, 0x12, 0x12, 0xc6, 0x96, 0xda, 0x23, 0xf7, 0xe0, 0x2d, 0xa5, 0xb1, 
		0x6b, 0x0e, 0x49, 0x45, 0xb2, 0xad, 0x81, 0xba, 0xac, 0x8a, 0xd9, 0x42, 0xfc, 0x66, 0xb4, 0xb6, 
		0xa4, 0xf4, 0xb0, 0xb1, 0xf9, 0x8b, 0xab, 0x2a, 0xea, 0x71, 0x2b, 0x92, 0xcd, 0xdc, 0x75, 0x15, 
		0xf4, 0xae, 0x5d, 0xe8, 0xbc, 0x49, 0xfa, 0xea, 0xf3, 0xb0, 0x48, 0x71, 0xa4, 0xd2, 0x46, 0x9d, 
		0x97, 0x37, 0xad, 0xc7, 0x82, 0x21, 0xf9, 0xd1, 0x8f, 0x7d, 0xd8, 0x1f, 0xef, 0xbc, 0x99, 0x20, 
		0xa5, 0x82, 0x98, 0xd7, 0xd5, 0x95, 0x94, 0xd5, 0x5a, 0xaa, 0xba, 0xaf, 0x4e, 0xd9, 0x2a, 0xea, 
		0x29, 0x2d, 0x18, 0x13, 0xe6, 0x37, 0x9d, 0xab, 0xd3, 0x69, 0xf2, 0x45, 0x3d, 0xec, 0x73, 0x91, 
		0x0c, 0x3e, 0x59, 0x1e, 0xeb, 0xdf, 0x97, 0x8f, 0x1d, 0x17, 0xbc, 0x1d, 0x6b, 0xc9, 0xc0, 0xd2, 
		0x6c, 0x62, 0x29, 0x1f, 0x98, 0x96, 0xc8, 0xa2, 0x99, 0x0d, 0xac, 0xde, 0x3f, 0x59, 0x35, 0x5a, 
		0xaa, 0x17, 0x65, 0x6c, 0x16, 0x8b, 0xed, 0x2f, 0x8f, 0x38, 0x13, 0x2c, 0x28, 0xbe, 0x57, 0xf7, 
		0xa3, 0x26, 0x36, 0xbb, 0xf2, 0xcb, 0x44, 0x60, 0x1a, 0x57, 0x5d, 0xc8, 0x52, 0xb9, 0x3c, 0xd6, 
		0xf5, 0xb3, 0xa6, 0x39, 0xfa, 0xc8, 0xfe, 0x85, 0xd6, 0xb6, 0xf5, 0xaa, 0x0d, 0xeb, 0x37, 0x71, 
		0x4a, 0xb8, 0xe8, 0xd7, 0x5d, 0x36, 0xbd, 0x49, 0x05, 0xe0, 0xa8, 0x14, 0x10, 0x3a, 0x17, 0xe7, 
		0x1d, 0xb9, 0x66, 0x0a, 0x51, 0x30, 0x44, 0x5a, 0x29, 0x9c, 0x97, 0x3f, 0xbf, 0xb8, 0x40, 0x29, 
		0xe1, 0x4b, 0x95, 0xd8, 0xcf, 0x4e, 0x82, 0x44, 0x9c, 0xd0, 0xd0, 0x95, 0x1a, 0x82, 0xea, 0xd2, 
		0x60, 0x90, 0x9b, 0xfd, 0xd1, 0x0b, 0x95, 0x32, 0xcd, 0x3f, 0xad, 0xd6, 0xa3, 0xd9, 0xd6, 0xdf, 
		0x41, 0x52, 0x1f, 0xa8, 0x56, 0xa9, 0x40, 0x55, 0x86, 0x0c, 0x39, 0x67, 0xb5, 0xe7, 0x7d, 0xc4, 
		0xf8, 0x5a, 0x15, 0xd1, 0x0f, 0xe8, 0x99, 0x82, 0x29, 0xcf, 0x6e, 0xb9, 0xc9, 0xe4, 0xcd, 0x45, 
		0x25, 0x15, 0x01, 0x8e, 0x65, 0x1b, 0xe4, 0x42, 0x6f, 0x9c, 0x9b, 0xd6, 0x53, 0xb3, 0x72, 0xe1, 
		0xa0, 0x94, 0xe4, 0x79, 0x7e, 0xb4, 0x2f, 0xc5, 0x12, 0x85, 0x0b, 0x86, 0xd4, 0xe7, 0xe4, 0x1f, 
		0x81, 0xa6, 0x4b, 0xcb, 0x0f, 0xfc, 0x0d, 0x7d, 0x64, 0x28, 0x98, 0x4b, 0x9c, 0xd6, 0xfa, 0xad, 
		0x92, 0xc8, 0xea, 0xd7, 0x8a, 0xd3, 0x85, 0x85, 0xa1, 0xbd, 0xe0, 0x41, 0x0c, 0x9a, 0xad, 0xea, 
		0xf0, 0x8d, 0x3a, 0x8e, 0xf0, 0x18, 0xaa, 0x24, 0xa2, 0xf1, 0x17, 0x37, 0xbf, 0xd3, 0xbd, 0xbd, 
		0x62, 0x76, 0x14, 0xb6, 0x7c, 0xbf, 0xaf, 0x2e, 0x2e, 0x5f, 0xbd, 0x38, 0xff, 0xf8, 0xea, 0xa5, 
		0x83, 0xb2, 0x94, 0xa0, 0xf6, 0x4f, 0xa4, 0x78, 0x4a, 0x55, 0x64, 0x4f, 0xdd, 0xdc, 0x66, 0x0a, 
		0xd8, 0xce, 0xf3, 0x77, 0x7c, 0x77, 0x9e, 0x3f, 0xff, 0xcf, 0x4f, 0x43, 0xf7, 0x0c, 0xbb, 0xd3, 
		0x73, 0xf7, 0xf5, 0xe7, 0x3f, 0x86, 0xce, 0xf8, 0x66, 0xdf, 0xdf, 0xdf, 0x6b, 0xd2, 0xfc, 0xfd, 
		0x3f, 0x86, 0xce, 0xd1, 0xcd, 0xde, 0x5e, 0x47, 0xc9, 0xdf, 0xbb, 0xde, 0xb1, 0xff, 0xe7, 0xde, 
		0xde, 0x5e, 0x91, 0xe1, 0xcf, 0xc8, 0xfa, 0xf7, 0x69, 0xe8, 0x7d, 0xfe, 0xbb, 0xfa, 0x33, 0xff, 
		0x6f, 0x95, 0x37, 0x70, 0xad, 0xca, 0xfb, 0x9d, 0xd9, 0x02, 0x9d, 0xc1, 0xde, 0xde, 0xa7, 0xff, 
		0xeb, 0x7f, 0xfe, 0xab, 0xbf, 0xff, 0xc7, 0xf1, 0x4d, 0xf9, 0xb7, 0xfa, 0xef, 0xfe, 0x9f, 0x7b, 
		0x07, 0x7f, 0xf9, 0xfd, 0xf7, 0x83, 0x83, 0xbf, 0xec, 0xe7, 0x6d, 0x2a, 0xea, 0xfd, 0x25, 0x2f, 
		0xfd, 0xbb, 0xef, 0xb7, 0x48, 0xfb, 0x7b, 0xff, 0x73, 0xb0, 0x49, 0x0e, 0xc2, 0xef, 0x78, 0x36, 
		0xab, 0x12, 0xf7, 0xce, 0x69, 0xd3, 0xce, 0xcb, 0x62, 0x4c, 0x91, 0x72, 0xbe, 0x1f, 0xa0, 0x7b, 
		0x4d, 0xa3, 0xbe, 0xac, 0x73, 0xd6, 0x0f, 0xdb, 0xe4, 0x79, 0x06, 0xeb, 0x89, 0xd4, 0xa3, 0x64, 
		0x83, 0x8f, 0x21, 0x7a, 0x1d, 0x22, 0x72, 0x9b, 0x0e, 0x07, 0x85, 0x0c, 0x0a, 0xf9, 0xbb, 0x29, 
		0xe4, 0x07, 0xd3, 0x89, 0xb6, 0x45, 0xa1, 0xfb, 0xb6, 0x8d, 0xfc, 0x9d, 0xcd, 0x28, 0x7e, 0x9d, 
		0x6a, 0x6b, 0x4a, 0xc5, 0xd7, 0x8d, 0x24, 0x6d, 0x25, 0x65, 0xb5, 0xbb, 0x03, 0xa7, 0x08, 0xc7, 
		0xa8, 0xae, 0xd7, 0x33, 0x7e, 0x3b, 0x03, 0x92, 0x51, 0xf7, 0x78, 0xac, 0x57, 0xca, 0x09, 0x5d, 
		0x12, 0x94, 0x17, 0x69, 0x3e, 0x28, 0x1a, 0x92, 0x58, 0xd0, 0x29, 0xed, 0xe1, 0x82, 0x59, 0x09, 
		0x52, 0x4b, 0x86, 0xba, 0x1d, 0x6b, 0x55, 0x99, 0x7d, 0xe5, 0xd8, 0x68, 0xca, 0xf6, 0xeb, 0xc6, 
		0xe7, 0x45, 0x22, 0xed, 0xfd, 0x3f, 0xf3, 0x7f, 0xff, 0x18, 0xdd, 0xec, 0xff, 0xb9, 0xe7, 0x7d, 
		0x1a, 0xba, 0xde, 0xe7, 0xb2, 0xc0, 0x93, 0x2f, 0x39, 0x95, 0xd5, 0x1f, 0x5c, 0x6f, 0x3e, 0x3f, 
		0xf8, 0xeb, 0xfe, 0x40, 0xb7, 0x62, 0x2a, 0x06, 0x3f, 0x8a, 0x11, 0x53, 0xab, 0xb4, 0x58, 0x0d, 
		0x72, 0x53, 0xa5, 0x29, 0x6a, 0x53, 0x26, 0x7f, 0x22, 0x31, 0xe1, 0x38, 0x2a, 0x3d, 0x30, 0x45, 
		0x1d, 0x2b, 0x6a, 0x4f, 0x97, 0xc9, 0x55, 0x92, 0x0a, 0x13, 0xea, 0x09, 0x4e, 0xa8, 0xc7, 0x9b, 
		0x3f, 0x8d, 0x89, 0x63, 0xcc, 0x86, 0xbe, 0x6c, 0xe5, 0x38, 0x83, 0xb7, 0x24, 0x9e, 0x89, 0xf9, 
		0x83, 0xc5, 0x49, 0x8c, 0x8e, 0x36, 0xb9, 0xc8, 0xbe, 0x50, 0x26, 0xf9, 0x1d, 0xc5, 0x69, 0x5b, 
		0xcb, 0x94, 0x05, 0x5b, 0xad, 0x44, 0xc0, 0xe0, 0x03, 0x83, 0xef, 0x5e, 0x06, 0x1f, 0xac, 0x41, 
		0x3b, 0xba, 0x06, 0xa9, 0x3b, 0x4a, 0x55, 0xdc, 0xad, 0xcb, 0xf3, 0x68, 0x2c, 0x5d, 0x47, 0x37, 
		0x4a, 0xda, 0xf1, 0xe2, 0x82, 0x70, 0xf4, 0x81, 0x14, 0x51, 0xe2, 0xc5, 0x15, 0x50, 0x69, 0x36, 
		0x29, 0xc2, 0x22, 0x7b, 0x26, 0xe0, 0xb6, 0xec, 0x57, 0xed, 0xcb, 0xc5, 0xca, 0xfb, 0x58, 0xdf, 
		0x75, 0x06, 0x21, 0x49, 0x05, 0x8d, 0xd5, 0xde, 0xa3, 0x3b, 0xcb, 0xb0, 0x11, 0xab, 0xd4, 0x2e, 
		0x5b, 0xad, 0x96, 0xe5, 0x1c, 0x44, 0xda, 0x0f, 0x90, 0xfa, 0x41, 0x6f, 0x62, 0xf4, 0xb0, 0x10, 
		0x38, 0x98, 0xbb, 0xad, 0xdb, 0x1d, 0x4d, 0x7a, 0x2b, 0xcc, 0x47, 0x9d, 0x60, 0xc5, 0xe5, 0xb5, 
		0x8e, 0x53, 0xc6, 0xd1, 0x94, 0x60, 0x61, 0xf4, 0xb7, 0x64, 0x4c, 0xbf, 0x8c, 0xa5, 0x7b, 0x46, 
		0x74, 0x2d, 0x8f, 0xd5, 0x1f, 0xad, 0x81, 0x57, 0xd4, 0x9c, 0x0b, 0x9f, 0x3a, 0x2b, 0x14, 0x1c, 
		0x74, 0x1b, 0x51, 0x60, 0x2a, 0xcf, 0xf6, 0x0f, 0xcf, 0x8a, 0x18, 0x88, 0x67, 0xab, 0xb7, 0x72, 
		0x5f, 0xa8, 0xf0, 0xac, 0x8a, 0xd1, 0x94, 0xa7, 0xc2, 0x91, 0x92, 0x13, 0xa3, 0x7c, 0x84, 0x8a, 
		0x92, 0xbf, 0xa1, 0x97, 0x44, 0x7b, 0xcc, 0x2b, 0xe6, 0xf5, 0x38, 0x59, 0xb0, 0x65, 0xf9, 0x86, 
		0x07, 0xd9, 0x6d, 0x7d, 0xe8, 0x36, 0xdd, 0xd8, 0x0d, 0xb9, 0x5d, 0x27, 0xe0, 0x42, 0xd9, 0x84, 
		0x2a, 0xb8, 0xa2, 0x0f, 0x71, 0x50, 0xb7, 0xe6, 0x9e, 0xe9, 0x3c, 0x99, 0xa4, 0xda, 0xdf, 0x19, 
		0xf4, 0xd4, 0x9b, 0x45, 0xc6, 0x19, 0x2c, 0x44, 0xa6, 0xd5, 0x90, 0x4f, 0xed, 0xdb, 0xbd, 0x45, 
		0xde, 0x95, 0x77, 0xf8, 0x2b, 0x5d, 0x64, 0x0b, 0xf4, 0x51, 0xbb, 0x79, 0x1e, 0xfd, 0x1a, 0x53, 
		0xeb, 0x86, 0xef, 0x06, 0x79, 0x45, 0x46, 0xa7, 0xf7, 0xcb, 0x2b, 0x72, 0x76, 0x76, 0x72, 0xbc, 
		0x01, 0x3e, 0x8b, 0xf5, 0x95, 0xab, 0xe3, 0x2a, 0xff, 0x46, 0x74, 0xdf, 0x7b, 0x42, 0x67, 0xf3, 
		0x09, 0xe3, 0xe8, 0x25, 0x4d, 0x03, 0xb6, 0x24, 0xfc, 0xba, 0x0f, 0x01, 0x7f, 0x21, 0x36, 0xd6, 
		0x5f, 0xdc, 0xee, 0xc6, 0xcb, 0x2c, 0x89, 0x68, 0x20, 0xf5, 0x52, 0x19, 0x75, 0xfa, 0x92, 0x08, 
		0x12, 0xd8, 0x0c, 0x89, 0x93, 0x56, 0xf6, 0x22, 0x31, 0xce, 0x77, 0x55, 0xa4, 0x66, 0xf3, 0xdf, 
		0xeb, 0x87, 0x89, 0x52, 0x12, 0x64, 0x72, 0x20, 0x51, 0x5c, 0x0e, 0x46, 0x2a, 0x35, 0x25, 0x15, 
		0xb9, 0x05, 0x51, 0xe8, 0xe9, 0xd4, 0x3c, 0x1a, 0xe3, 0x59, 0x3f, 0x14, 0xb3, 0xbe, 0xec, 0xdf, 
		0x4f, 0xf0, 0x8f, 0xd7, 0x4c, 0xc4, 0x53, 0x86, 0x2d, 0xc7, 0x99, 0x21, 0xfa, 0x59, 0x5b, 0x68, 
		0x2a, 0x61, 0xff, 0x35, 0x36, 0x52, 0x75, 0x54, 0xa2, 0x83, 0xf6, 0xde, 0xff, 0xfa, 0x72, 0x1f, 
		0xf5, 0x22, 0xc2, 0x92, 0xce, 0x8c, 0xdb, 0x47, 0x67, 0x5d, 0xb7, 0xcc, 0x2a, 0x65, 0x9f, 0xa5, 
		0xea, 0xb0, 0x4f, 0xeb, 0xaa, 0xd9, 0xf2, 0x8a, 0x59, 0x53, 0x6e, 0xd4, 0x52, 0x68, 0x5b, 0x74, 
		0xba, 0x2f, 0x2d, 0xbe, 0xd9, 0xfc, 0xde, 0xf1, 0xc2, 0xd6, 0xa8, 0x81, 0x97, 0x9d, 0x18, 0xc8, 
		0x32, 0x32, 0x5c, 0xfb, 0x46, 0x4d, 0x6b, 0x36, 0xfd, 0xa2, 0x6e, 0x73, 0x59, 0xa1, 0x5f, 0x46, 
		0xf3, 0xc3, 0x7b, 0x18, 0x37, 0x38, 0x3a, 0x58, 0x64, 0xe1, 0x69, 0x27, 0x8a, 0xb9, 0x25, 0x41, 
		0x8c, 0x5a, 0xd3, 0xb4, 0x93, 0xb0, 0xf6, 0xaf, 0x5e, 0x7c, 0x42, 0x87, 0x4e, 0xbf, 0x6b, 0xae, 
		0xb7, 0xcd, 0x0e, 0x9d, 0x7e, 0xeb, 0x91, 0x49, 0x1a, 0xa3, 0x05, 0x8d, 0x22, 0x9a, 0xdf, 0x49, 
		0x95, 0xee, 0xd4, 0x11, 0xca, 0x7b, 0x66, 0xb5, 0x3b, 0x1e, 0x0e, 0x37, 0x59, 0x86, 0x6d, 0x81, 
		0x3a, 0x4e, 0x42, 0xca, 0x49, 0x60, 0x18, 0x5f, 0x35, 0x6d, 0xc5, 0xe2, 0x91, 0x92, 0x58, 0x9d, 
		0x39, 0x7c, 0xf3, 0xe2, 0xdd, 0x05, 0xba, 0x2c, 0x6a, 0xaf, 0x30, 0xb7, 0x7a, 0xbb, 0x6c, 0x6e, 
		0x72, 0xd3, 0xbf, 0xd4, 0x92, 0x3d, 0xba, 0xeb, 0x3f, 0xcf, 0xf9, 0xd9, 0xf4, 0xb6, 0x19, 0xe4, 
		0x3b, 0x1c, 0x6d, 0x45, 0x36, 0xb5, 0xa7, 0xe0, 0x63, 0xcb, 0xbb, 0xba, 0x8b, 0x5e, 0x36, 0x7d, 
		0xc0, 0x9b, 0x0e, 0x36, 0xbd, 0x0c, 0x7c, 0x6b, 0xbd, 0xf7, 0xad, 0xc1, 0xb5, 0xd9, 0xdb, 0x7d, 
		0x6d, 0xf6, 0xf8, 0xbe, 0xb7, 0x66, 0x1f, 0x6d, 0x66, 0xe0, 0x0b, 0x8e, 0xa7, 0x53, 0x1a, 0xb8, 
		0x53, 0x1a, 0x99, 0x4b, 0x57, 0xa3, 0xa0, 0xc5, 0xea, 0x3c, 0x55, 0x72, 0xc0, 0x62, 0xc1, 0x59, 
		0x94, 0xa7, 0x4c, 0x56, 0xe7, 0xc7, 0x1a, 0x8c, 0xde, 0x82, 0x7c, 0xd0, 0xcb, 0x63, 0x74, 0xfe, 
		0xe2, 0xad, 0xd6, 0x7a, 0x94, 0xf7, 0x59, 0xd7, 0xac, 0x7d, 0xd1, 0xef, 0xc6, 0x16, 0xf2, 0x27, 
		0xec, 0xfe, 0xf7, 0xdc, 0xfd, 0xef, 0xe7, 0x83, 0xbf, 0xe4, 0xdb, 0xa2, 0xd2, 0x80, 0x30, 0xae, 
		0xe0, 0x2d, 0x08, 0x9d, 0x5d, 0x7e, 0xa1, 0xca, 0x76, 0xa4, 0xe7, 0xb9, 0xc1, 0x68, 0xde, 0x3f, 
		0x5c, 0xd3, 0x6c, 0x7b, 0xdc, 0x37, 0x4c, 0x59, 0xa3, 0x12, 0x67, 0x79, 0x03, 0x7f, 0x20, 0xe1, 
		0x92, 0x9e, 0xa6, 0x46, 0x2a, 0x88, 0xa1, 0xa3, 0xc8, 0x45, 0x6a, 0xd7, 0x72, 0x93, 0x56, 0xef, 
		0xeb, 0x63, 0x45, 0x68, 0x65, 0x71, 0x0e, 0x89, 0x89, 0x6e, 0x32, 0x6a, 0xc4, 0x96, 0xb3, 0x85, 
		0x93, 0x29, 0xe1, 0x9c, 0x84, 0x9a, 0xc9, 0x3b, 0x55, 0x1e, 0x56, 0xe3, 0xf2, 0x8e, 0x94, 0x44, 
		0xfd, 0x18, 0xb6, 0xfb, 0xd9, 0x56, 0xa9, 0xc0, 0x5c, 0xa4, 0xee, 0x15, 0x15, 0xf3, 0xbd, 0x03, 
		0x07, 0x3d, 0x7b, 0x97, 0x45, 0x82, 0x46, 0x34, 0xfe, 0xf2, 0x6c, 0x5f, 0x2d, 0xad, 0x68, 0x2f, 
		0x67, 0xd0, 0x5e, 0x9a, 0x4d, 0xf2, 0x2f, 0xb8, 0x78, 0x2a, 0x08, 0x6f, 0x56, 0xde, 0x47, 0x3f, 
		0xa0, 0x96, 0x9d, 0x56, 0xf2, 0x4d, 0x3d, 0x55, 0x95, 0x9f, 0x97, 0xc9, 0x2e, 0xd4, 0x59, 0x56, 
		0x75, 0xf0, 0xf5, 0x96, 0x56, 0xdc, 0x72, 0x7a, 0xf5, 0x23, 0x53, 0x1e, 0x4c, 0x8c, 0xaa, 0xea, 
		0xf5, 0x50, 0x29, 0x5b, 0xa8, 0xab, 0x00, 0xcd, 0x71, 0x8a, 0x04, 0x6b, 0x9c, 0xfb, 0x54, 0x49, 
		0x2d, 0x96, 0x34, 0x20, 0x68, 0x49, 0x78, 0x8a, 0xd5, 0x40, 0xe7, 0x07, 0x32, 0x1f, 0xc4, 0x58, 
		0x7b, 0x9c, 0x96, 0xde, 0x94, 0xa9, 0x81, 0x08, 0xa7, 0x53, 0x23, 0x53, 0x72, 0x4e, 0xb8, 0xe5, 
		0x82, 0x84, 0xfa, 0xb2, 0x76, 0x5b, 0x2b, 0xe1, 0xfa, 0xf7, 0xcb, 0x5f, 0xf4, 0xf5, 0x62, 0xf9, 
		0xfb, 0xdc, 0x23, 0xfd, 0x8b, 0xfa, 0x43, 0x0e, 0x73, 0xbe, 0x2f, 0x8b, 0xf8, 0xba, 0xd7, 0x06, 
		0xd9, 0x33, 0x59, 0xa2, 0x66, 0x98, 0x78, 0x45, 0xea, 0xb6, 0xba, 0x94, 0x21, 0xa3, 0x02, 0xc4, 
		0x0f, 0xd0, 0x79, 0x6c, 0xdc, 0x5a, 0xa1, 0x52, 0xcf, 0xab, 0xe4, 0x27, 0xb2, 0x18, 0x85, 0x8c, 
		0xa4, 0x4a, 0x23, 0xc4, 0x84, 0x84, 0x8a, 0x29, 0x5f, 0xd5, 0xa5, 0x17, 0x11, 0x27, 0x38, 0xbc, 
		0x3e, 0xe8, 0x9d, 0x8a, 0xb5, 0x18, 0x51, 0xbb, 0xda, 0xbe, 0xb0, 0x7e, 0x10, 0x13, 0x6e, 0x05, 
		0x2e, 0x5c, 0xc5, 0x30, 0x5f, 0x61, 0xbe, 0xf6, 0x7d, 0xbe, 0xde, 0xf7, 0x36, 0x99, 0x7a, 0xe1, 
		0xc2, 0x3b, 0x73, 0xaf, 0x8c, 0xed, 0x91, 0xb8, 0xdf, 0x1d, 0x22, 0x97, 0x1d, 0x77, 0x87, 0x5c, 
		0x27, 0x39, 0x58, 0x79, 0x42, 0x17, 0x87, 0xf4, 0x70, 0xd9, 0x83, 0xcb, 0x3e, 0x9f, 0xca, 0x65, 
		0x9f, 0x60, 0xc6, 0x83, 0x59, 0xf0, 0xc0, 0x66, 0x01, 0xdc, 0x1b, 0xf9, 0x60, 0xb2, 0xbe, 0xd9, 
		0xbd, 0x91, 0x60, 0xb6, 0xc3, 0xfc, 0x5c, 0x6f, 0x7e, 0x82, 0xe5, 0xac, 0x05, 0xe5, 0x83, 0xf1, 
		0xda, 0x97, 0x5b, 0xef, 0xd4, 0x7e, 0xd9, 0xdd, 0x37, 0xcd, 0x58, 0x0b, 0x4f, 0x6e, 0xdd, 0xba, 
		0x72, 0xaf, 0xe6, 0x23, 0x16, 0xa3, 0x37, 0xf1, 0xcc, 0xa6, 0x8e, 0xbe, 0xef, 0x55, 0x39, 0xf9, 
		0x21, 0xa1, 0xed, 0xbb, 0x2f, 0xe7, 0x7e, 0x97, 0xd1, 0xa8, 0xde, 0x6e, 0x76, 0x23, 0x8d, 0xed, 
		0xce, 0x67, 0x34, 0x16, 0xa7, 0x3a, 0x54, 0xda, 0xd2, 0x5b, 0x68, 0x14, 0xeb, 0xeb, 0x13, 0x23, 
		0xe5, 0xbd, 0xaf, 0x62, 0x8e, 0x05, 0x0a, 0x70, 0x8c, 0x26, 0x44, 0x8f, 0x49, 0x45, 0x58, 0x20, 
		0xac, 0x02, 0x5b, 0xfb, 0xc0, 0xff, 0x1e, 0x45, 0x07, 0xaf, 0x73, 0x25, 0x8d, 0x62, 0xf5, 0x6f, 
		0xaf, 0x2f, 0x51, 0x55, 0x0a, 0x77, 0xd1, 0x6c, 0x14, 0x58, 0x6d, 0xa8, 0x89, 0xce, 0x0b, 0x69, 
		0x4a, 0xf1, 0xed, 0x65, 0x30, 0xf5, 0xf7, 0x54, 0x17, 0x5b, 0x10, 0x46, 0x6d, 0x8e, 0xf1, 0xca, 
		0xf1, 0x5d, 0x6f, 0x59, 0x7f, 0x05, 0xab, 0x3a, 0xac, 0xea, 0xdb, 0x37, 0x4d, 0x61, 0x55, 0x87, 
		0x55, 0x1d, 0x56, 0x75, 0x58, 0xd5, 0x77, 0x65, 0x55, 0x2f, 0x2e, 0xfe, 0x49, 0xa9, 0xae, 0x9d, 
		0xd4, 0x63, 0x6b, 0x94, 0x3f, 0xb8, 0x6f, 0x3e, 0x58, 0x3c, 0x10, 0xf4, 0x85, 0x90, 0x04, 0x47, 
		0x74, 0x49, 0xda, 0xdb, 0x5f, 0xad, 0x22, 0x4b, 0x1b, 0x60, 0x55, 0x3b, 0xba, 0xda, 0x66, 0xcb, 
		0x31, 0x7e, 0x57, 0xa3, 0x3a, 0x0f, 0xbf, 0x99, 0x15, 0x7a, 0x7f, 0xce, 0xcd, 0xf2, 0xbe, 0xb0, 
		0x21, 0x9d, 0x29, 0x11, 0x82, 0xc6, 0xb3, 0xb4, 0x53, 0x3e, 0xab, 0x42, 0xdb, 0xc2, 0xb0, 0x61, 
		0x33, 0x1f, 0xd9, 0x3c, 0xff, 0x66, 0x99, 0xb5, 0xd2, 0xea, 0x84, 0x70, 0xca, 0xf4, 0xc8, 0xf3, 
		0x82, 0xd0, 0x83, 0x35, 0xee, 0x7b, 0x66, 0xe2, 0x38, 0x1c, 0x9d, 0x1c, 0x9f, 0xac, 0xbb, 0xce, 
		0xd9, 0x0e, 0xa1, 0xe0, 0x44, 0x70, 0xd3, 0x14, 0x2f, 0x29, 0x3d, 0x18, 0xa5, 0xb5, 0x2c, 0x91, 
		0xfb, 0x0d, 0xd2, 0x06, 0x69, 0x5c, 0x7b, 0x18, 0x64, 0xb3, 0x4b, 0xb1, 0xa5, 0xb6, 0xf9, 0x6b, 
		0xbb, 0x01, 0x86, 0x25, 0xd7, 0xbc, 0xf1, 0xb0, 0x55, 0xd4, 0x57, 0x5d, 0xbf, 0x9e, 0xa9, 0xd7, 
		0x1f, 0x0b, 0xe9, 0xc6, 0x81, 0xe5, 0xe9, 0x9e, 0xba, 0xef, 0x6a, 0x4e, 0x62, 0x7d, 0x62, 0x1c, 
		0x1c, 0x3c, 0xaf, 0x46, 0x1a, 0xfd, 0x80, 0x9e, 0xc9, 0x8e, 0x3e, 0x5b, 0xc1, 0x1a, 0xf5, 0xdb, 
		0xbb, 0x18, 0xd3, 0xfd, 0xc2, 0x9d, 0x59, 0xb0, 0xbe, 0x7b, 0xde, 0xf1, 0x7b, 0x0f, 0x9a, 0x3a, 
		0xfd, 0x76, 0x70, 0xf0, 0xbc, 0x9a, 0x08, 0x0f, 0x3b, 0x84, 0x8d, 0xd7, 0x57, 0x58, 0x21, 0x1a, 
		0x25, 0x65, 0xf2, 0xad, 0x9a, 0x9d, 0x1a, 0xb1, 0xa9, 0xf3, 0xde, 0xe2, 0x6b, 0xc2, 0x47, 0xd5, 
		0xb9, 0xe6, 0xb2, 0x9e, 0x35, 0xeb, 0xbc, 0xb8, 0x90, 0x5d, 0xfb, 0x42, 0x49, 0x69, 0xb6, 0x5c, 
		0xbb, 0x92, 0xfe, 0xed, 0x08, 0x5d, 0xbc, 0xfc, 0x15, 0x09, 0x86, 0x12, 0x42, 0x38, 0x0a, 0xc9, 
		0x92, 0xda, 0x4b, 0xc2, 0xa1, 0xbc, 0xfc, 0x62, 0xce, 0x49, 0x3a, 0x67, 0x51, 0xd8, 0x74, 0xff, 
		0xd7, 0x05, 0x5d, 0x29, 0x27, 0x65, 0x15, 0x54, 0x55, 0x51, 0x41, 0x2c, 0x79, 0xdf, 0x6c, 0x75, 
		0xa6, 0x6a, 0x4b, 0xf3, 0x88, 0x79, 0xa3, 0xa0, 0xd9, 0x99, 0xfc, 0xd2, 0x4b, 0xbd, 0x1f, 0xa9, 
		0xf2, 0xe1, 0xd1, 0x00, 0x45, 0xdd, 0x12, 0x67, 0x0d, 0x58, 0x25, 0xa9, 0x5b, 0x78, 0x3a, 0xcb, 
		0xa5, 0xab, 0xa0, 0xb4, 0xce, 0x0d, 0xe6, 0x8e, 0xc6, 0xe7, 0x29, 0x09, 0x10, 0xc7, 0xf6, 0xaf, 
		0x12, 0xfe, 0xde, 0xee, 0xf0, 0xf1, 0xf0, 0x6c, 0x93, 0xf4, 0x9f, 0x6a, 0x20, 0x5d, 0x61, 0xb6, 
		0x51, 0x23, 0xb6, 0x34, 0x4f, 0x31, 0x69, 0xf3, 0x32, 0xab, 0x9c, 0x8c, 0x46, 0x89, 0x70, 0xa7, 
		0x57, 0xa1, 0x6b, 0x34, 0xf7, 0x6e, 0x57, 0x78, 0x10, 0x26, 0x85, 0x0f, 0x3c, 0x15, 0xea, 0x2f, 
		0x49, 0x5c, 0x2c, 0xb8, 0xfa, 0x5b, 0x92, 0x49, 0xb4, 0xa0, 0xf2, 0xef, 0x51, 0x79, 0x77, 0x19, 
		0xc3, 0x52, 0xae, 0xbc, 0x43, 0x59, 0x96, 0x2e, 0x02, 0xf9, 0xf7, 0x78, 0xe0, 0x0f, 0x2e, 0xc7, 
		0xf2, 0xaf, 0x23, 0xf9, 0xd7, 0x91, 0xfc, 0xeb, 0x58, 0xfe, 0x25, 0x87, 0xd6, 0x3b, 0x91, 0x7f, 
		0xc9, 0xa5, 0xd0, 0x3b, 0x95, 0x7f, 0x9d, 0xc9, 0xbf, 0xce, 0xe4, 0x5f, 0xe7, 0x03, 0x67, 0x20, 
		0x5f, 0xbb, 0x54, 0x5f, 0x1e, 0xc9, 0x2f, 0x5f, 0xfe, 0x28, 0xff, 0x92, 0xdf, 0xbd, 0x7c, 0x21, 
		0xff, 0x92, 0xc5, 0x97, 0x2f, 0xe5, 0x5f, 0xf2, 0x7b, 0x97, 0xaf, 0x07, 0xce, 0x40, 0xfe, 0x11, 
		0x45, 0xaa, 0xd9, 0xf2, 0xbb, 0x09, 0x56, 0xc9, 0x1d, 0xe5, 0x87, 0x23, 0xac, 0x72, 0xa6, 0xc8, 
		0x2f, 0x67, 0xa1, 0x52, 0x4f, 0xf2, 0xd3, 0x8b, 0xa5, 0xea, 0x8c, 0xfc, 0x76, 0xa8, 0x3e, 0x24, 
		0xbf, 0x9d, 0x88, 0x24, 0x09, 0x0d, 0x77, 0xff, 0xe5, 0x38, 0x67, 0xd4, 0xe5, 0xd1, 0xc0, 0xf7, 
		0xe4, 0x72, 0x7d, 0x3c, 0xf0, 0x3d, 0x29, 0x90, 0xa7, 0x03, 0xdf, 0x3b, 0x71, 0x64, 0xbb, 0x55, 
		0x18, 0xe6, 0xe5, 0xf9, 0xc0, 0xf7, 0xce, 0x1c, 0xd9, 0x52, 0x7f, 0x34, 0x74, 0x64, 0x3b, 0xfd, 
		0x91, 0xe7, 0xc8, 0x56, 0xfa, 0xa3, 0x91, 0x23, 0xdb, 0xe8, 0x8f, 0x0e, 0x1d, 0xc5, 0x58, 0x29, 
		0x01, 0xf2, 0x9b, 0xfe, 0xa9, 0x93, 0xf3, 0xd1, 0xf7, 0x3c, 0x27, 0xe7, 0x9a, 0xef, 0x1d, 0x3a, 
		0x79, 0x83, 0xa5, 0x6d, 0x50, 0x31, 0xd6, 0xf7, 0x46, 0x4e, 0xde, 0x3b, 0xff, 0xd0, 0xc9, 0xc7, 
		0xc1, 0xf7, 0x86, 0x4e, 0xde, 0x09, 0xff, 0xc4, 0xc9, 0xbb, 0xeb, 0x8f, 0x9d, 0xa2, 0x07, 0xfe, 
		0x99, 0xa3, 0x06, 0x4e, 0xce, 0x0f, 0xd5, 0x67, 0x39, 0x87, 0x24, 0x3f, 0xfd, 0x91, 0x91, 0x6d, 
		0xc0, 0x90, 0x8a, 0xc7, 0x4b, 0x0c, 0x5f, 0xaf, 0xc5, 0x8d, 0xf9, 0x54, 0xac, 0xcf, 0x30, 0x9d, 
		0x60, 0x3a, 0x6d, 0xcf, 0x74, 0x7a, 0xbc, 0x44, 0x1d, 0xe9, 0x3c, 0x13, 0x21, 0xbb, 0x8a, 0x3b, 
		0x8d, 0xb0, 0x8e, 0xc2, 0x2e, 0x43, 0xac, 0xac, 0x06, 0xc6, 0x18, 0x18, 0x63, 0x60, 0x8c, 0xc1, 
		0xea, 0x01, 0xab, 0xc7, 0x93, 0x36, 0xc6, 0x56, 0x38, 0xb6, 0xe9, 0xd4, 0x2d, 0x32, 0x65, 0xea, 
		0xee, 0x20, 0xca, 0xd2, 0x92, 0x9c, 0xfa, 0xd1, 0x28, 0x48, 0xa4, 0x34, 0xaf, 0x98, 0x2a, 0xda, 
		0x1b, 0xd6, 0x98, 0x2e, 0x1d, 0xaf, 0x2d, 0xaf, 0xf1, 0xae, 0x3c, 0x3c, 0xae, 0xc8, 0xe2, 0x98, 
		0x74, 0x7b, 0x7f, 0xca, 0xb2, 0x56, 0x6a, 0x44, 0x45, 0x46, 0x85, 0x2f, 0xc8, 0xba, 0x0f, 0x48, 
		0x09, 0x5c, 0xf5, 0xf6, 0x7c, 0x5e, 0x37, 0x92, 0xb1, 0xd2, 0x34, 0x60, 0xda, 0xc5, 0x11, 0x17, 
		0xcd, 0x75, 0xab, 0x47, 0xe1, 0x91, 0x0f, 0xec, 0x0f, 0x2a, 0x47, 0xc7, 0x76, 0xe6, 0xc1, 0xed, 
		0x1d, 0xa4, 0x9e, 0x2d, 0xd5, 0x4a, 0xad, 0xd6, 0x42, 0x21, 0xda, 0x8c, 0x7c, 0x79, 0x1d, 0xe3, 
		0x05, 0x0d, 0xd0, 0x47, 0x9e, 0xc5, 0xea, 0x30, 0x1f, 0x70, 0x72, 0x3d, 0x47, 0xfd, 0x5a, 0xfa, 
		0x39, 0x11, 0xee, 0x82, 0x71, 0xe2, 0xea, 0x6a, 0xef, 0x61, 0x55, 0x75, 0xfb, 0x0b, 0xc5, 0xd0, 
		0xe7, 0x2b, 0x69, 0xad, 0x3d, 0x72, 0x03, 0xa5, 0xb1, 0x29, 0xf9, 0xf6, 0xdd, 0x1b, 0x18, 0xf0, 
		0x5d, 0x19, 0x70, 0x65, 0x30, 0xd5, 0x03, 0x9e, 0x5b, 0x9d, 0x8d, 0x01, 0xff, 0xf0, 0xee, 0x05, 
		0x0c, 0xf8, 0x8e, 0x0c, 0x78, 0x6d, 0x0e, 0xd7, 0xe6, 0x58, 0x0d, 0x3d, 0x1a, 0x18, 0x8c, 0xc6, 
		0x5f, 0xd0, 0x2f, 0xe7, 0xef, 0x60, 0xf0, 0x77, 0x65, 0xf0, 0x23, 0xc3, 0x46, 0x2a, 0xa0, 0x5e, 
		0xc7, 0xa0, 0x2b, 0xc3, 0x1b, 0x2c, 0xa5, 0x3b, 0x0f, 0x5c, 0x28, 0x10, 0x59, 0x1f, 0xb8, 0xc8, 
		0xb1, 0xbd, 0xc9, 0x4f, 0x95, 0x07, 0x35, 0x89, 0x08, 0x7a, 0x77, 0xfe, 0x02, 0x5d, 0x92, 0x19, 
		0x4d, 0x45, 0x7e, 0xb6, 0x01, 0x98, 0xba, 0x23, 0xb3, 0x2a, 0x77, 0x20, 0xd4, 0x52, 0xb0, 0xbc, 
		0x4d, 0x0a, 0x7e, 0x7b, 0x7b, 0xfe, 0x1e, 0xc4, 0x60, 0x17, 0xc5, 0x20, 0x87, 0xbf, 0xae, 0xf2, 
		0xfd, 0x6a, 0x2e, 0x4e, 0x8d, 0x0a, 0x03, 0x6c, 0x78, 0x84, 0x19, 0x8d, 0x85, 0x2b, 0x98, 0xab, 
		0xfe, 0xd0, 0x59, 0x66, 0x16, 0x34, 0xa7, 0x92, 0x59, 0x5c, 0x6e, 0x18, 0x58, 0xf7, 0x11, 0xe5, 
		0x0e, 0xc7, 0x7a, 0x6d, 0xc5, 0x1d, 0x37, 0x7e, 0xa8, 0xb5, 0xf5, 0x7c, 0x36, 0xe3, 0x8a, 0x21, 
		0x2c, 0x46, 0x2f, 0x8a, 0x6d, 0x0e, 0xd0, 0x01, 0xdd, 0x22, 0x82, 0x8d, 0x8b, 0x1f, 0x0b, 0x7f, 
		0x74, 0xf3, 0x0a, 0x41, 0x2e, 0x0c, 0x9e, 0x02, 0x2f, 0x3b, 0x79, 0x99, 0xbb, 0xb0, 0xeb, 0xd6, 
		0x85, 0x1d, 0x1e, 0xbe, 0x5f, 0x63, 0x5a, 0x5d, 0x64, 0x80, 0x23, 0xa4, 0xc4, 0xb5, 0x7d, 0x97, 
		0x2c, 0xf0, 0xb3, 0x08, 0x87, 0xc8, 0xb7, 0x09, 0x6a, 0xf1, 0x54, 0xcf, 0x2d, 0xf9, 0xfc, 0x78, 
		0x81, 0x2e, 0x88, 0xb4, 0xa6, 0x49, 0x84, 0xc1, 0x92, 0xde, 0x95, 0xd5, 0x3e, 0x35, 0x9c, 0xa4, 
		0x69, 0x87, 0x93, 0xf4, 0x43, 0x82, 0xe3, 0x98, 0xc6, 0x33, 0xf4, 0x91, 0x13, 0x02, 0xe3, 0xde, 
		0xad, 0x95, 0x96, 0x06, 0x1b, 0x97, 0x1d, 0x6c, 0xfc, 0x2d, 0xc2, 0x31, 0x38, 0x9a, 0xef, 0x54, 
		0x46, 0x5b, 0xec, 0xb4, 0x5f, 0x2b, 0x6b, 0x75, 0xdf, 0xf5, 0xc1, 0xd6, 0x79, 0xce, 0x77, 0x83, 
		0xeb, 0xdb, 0xe6, 0xbe, 0xde, 0x09, 0xae, 0x6f, 0xb5, 0x0f, 0x79, 0x37, 0x46, 0x60, 0x0d, 0x47, 
		0x6e, 0x3f, 0x17, 0xce, 0xce, 0x7c, 0x4d, 0x3b, 0xe1, 0x46, 0xdd, 0x09, 0xc1, 0xda, 0x11, 0x5f, 
		0xe6, 0x4e, 0x8c, 0xc5, 0x7d, 0x1d, 0x64, 0x77, 0x4c, 0x7c, 0xf0, 0x8b, 0x3d, 0x8c, 0xd6, 0xda, 
		0x6a, 0xe7, 0x54, 0x57, 0x87, 0xb6, 0xde, 0x43, 0xd4, 0x95, 0xc6, 0x7f, 0xcb, 0xdd, 0x34, 0x3b, 
		0xa1, 0xc8, 0xbe, 0xe3, 0xf9, 0x07, 0x08, 0x3e, 0xdc, 0x29, 0x4f, 0xc6, 0x56, 0xfb, 0x31, 0xfa, 
		0xc4, 0xc9, 0x6d, 0x54, 0x13, 0x5b, 0xe7, 0x42, 0x81, 0x01, 0x7f, 0x62, 0xde, 0x1b, 0x18, 0xf0, 
		0x27, 0xec, 0x38, 0x82, 0xc1, 0x87, 0xe0, 0xc3, 0xde, 0x08, 0xc0, 0xce, 0x78, 0xcd, 0xfa, 0xc4, 
		0xd4, 0x6d, 0x9c, 0x55, 0x3b, 0xe2, 0xb0, 0x03, 0x31, 0x80, 0xe0, 0x43, 0x08, 0x3e, 0x7c, 0xda, 
		0x4e, 0xd6, 0xbe, 0x89, 0xc8, 0x36, 0xfb, 0x77, 0x7b, 0xc6, 0xcb, 0xad, 0x77, 0x2d, 0xf7, 0x8a, 
		0x9f, 0x5b, 0xef, 0xd5, 0xee, 0x13, 0x37, 0xb7, 0x71, 0xb5, 0x87, 0xe0, 0x43, 0x08, 0x3e, 0xec, 
		0x0b, 0x1b, 0xb7, 0x59, 0x1e, 0xbb, 0x76, 0x41, 0xb7, 0x55, 0x28, 0x3a, 0x36, 0x3f, 0x6d, 0x5d, 
		0x9d, 0x17, 0x31, 0x1c, 0xba, 0x34, 0x16, 0x84, 0x2f, 0xb1, 0x91, 0xf7, 0xc5, 0xa0, 0xb7, 0x45, 
		0x24, 0xbf, 0x53, 0xa9, 0xac, 0xa0, 0xf6, 0xf7, 0xe4, 0x4f, 0x50, 0x80, 0xa3, 0x20, 0x8b, 0x72, 
		0x03, 0x4b, 0x12, 0x71, 0x9c, 0x57, 0x9a, 0xe2, 0xa0, 0x71, 0x65, 0xcb, 0xe1, 0x70, 0x68, 0xfd, 
		0xc6, 0x96, 0xf5, 0x67, 0xe7, 0xe1, 0xfd, 0x72, 0x7c, 0x1f, 0x0f, 0xd7, 0xbe, 0x68, 0xa9, 0x4b, 
		0x02, 0x16, 0x59, 0x2a, 0x8c, 0x64, 0xd1, 0x68, 0xc1, 0x42, 0x74, 0x38, 0x44, 0x3f, 0xa0, 0xe1, 
		0xc0, 0x19, 0xbc, 0xe2, 0x9c, 0xf1, 0x77, 0x24, 0x4d, 0xf1, 0x4c, 0xef, 0xd5, 0x5b, 0x39, 0x10, 
		0xd5, 0xd0, 0xc8, 0x77, 0xa0, 0x09, 0x41, 0x54, 0x8e, 0x44, 0xc0, 0xf3, 0xa4, 0x46, 0x88, 0x4d, 
		0xe5, 0x6b, 0x52, 0x12, 0xb0, 0x38, 0x4c, 0xd1, 0x0a, 0xe6, 0x12, 0xf9, 0x7e, 0x77, 0x51, 0x7c, 
		0xe0, 0x2e, 0x1e, 0xdf, 0xe3, 0xb3, 0x37, 0x95, 0x14, 0xce, 0x66, 0x45, 0x36, 0xae, 0x4a, 0xfe, 
		0x72, 0x4a, 0x6b, 0x6b, 0x56, 0x49, 0x49, 0xc6, 0x09, 0x2a, 0x6a, 0x28, 0x29, 0xd3, 0x45, 0xcc, 
		0x0a, 0xa8, 0x23, 0x4b, 0x62, 0x40, 0xd3, 0xfc, 0xb9, 0x75, 0x53, 0x55, 0xd9, 0x4c, 0xa4, 0xca, 
		0xad, 0x41, 0xd0, 0x49, 0x16, 0x87, 0x11, 0x71, 0xcb, 0xab, 0x15, 0xaa, 0xef, 0x98, 0xf4, 0x66, 
		0xeb, 0x7f, 0xfc, 0xf5, 0xfd, 0xcb, 0xb7, 0xaf, 0x9e, 0xff, 0xfa, 0x3e, 0xff, 0x03, 0x15, 0x72, 
		0x61, 0x3d, 0xdf, 0x7b, 0xd7, 0xca, 0xa0, 0xb6, 0x2a, 0x5a, 0xfd, 0xd3, 0xa9, 0x2d, 0x48, 0x73, 
		0xf1, 0xf2, 0x97, 0x7f, 0xbd, 0x57, 0x99, 0xd1, 0x5f, 0xfc, 0x7c, 0xfe, 0xfe, 0xa7, 0xba, 0x7f, 
		0x68, 0x8f, 0x4d, 0x52, 0x16, 0x11, 0x41, 0xf6, 0x7b, 0xd7, 0xd5, 0xf5, 0x6e, 0xcc, 0x28, 0xdb, 
		0xff, 0x6d, 0xf7, 0x65, 0x54, 0x6f, 0x51, 0xf7, 0x92, 0x34, 0xf3, 0xd8, 0xc7, 0x4c, 0xec, 0x05, 
		0x2c, 0x16, 0x98, 0xc6, 0xe9, 0xde, 0xc1, 0xc1, 0xf3, 0xfc, 0xff, 0x94, 0xa5, 0x7e, 0x8c, 0x17, 
		0xc4, 0x79, 0x76, 0xf0, 0x6c, 0x7f, 0xff, 0x5b, 0x12, 0xd9, 0xaf, 0xf5, 0x7e, 0x7d, 0xef, 0x2a, 
		0xef, 0x95, 0x4b, 0xe2, 0x92, 0x2f, 0x6d, 0x21, 0x28, 0x0b, 0xd7, 0x97, 0x85, 0xed, 0xbd, 0x75, 
		0xac, 0xcf, 0xe3, 0x15, 0x4f, 0x71, 0xda, 0x9e, 0xad, 0x3a, 0xb5, 0x39, 0x42, 0xef, 0x5f, 0x9f, 
		0x7f, 0x40, 0x2f, 0xdd, 0x60, 0x8e, 0x55, 0xf2, 0xb9, 0xbc, 0x56, 0xaf, 0x35, 0x52, 0xc2, 0xae, 
		0x08, 0x77, 0x69, 0x1c, 0xd1, 0xb8, 0x43, 0xf3, 0x76, 0x95, 0xb6, 0x57, 0x0f, 0x59, 0x8a, 0x54, 
		0xd5, 0x5e, 0x77, 0x35, 0x2d, 0x00, 0x84, 0x2b, 0x38, 0xd1, 0xeb, 0x9a, 0xf4, 0x55, 0xb0, 0x43, 
		0x95, 0xa2, 0xbe, 0x2c, 0x95, 0xad, 0x91, 0x5a, 0x31, 0x38, 0x66, 0xeb, 0x65, 0x25, 0x82, 0xa4, 
		0x74, 0xce, 0x48, 0x8f, 0x87, 0xca, 0x1a, 0xea, 0xd8, 0x69, 0xae, 0x3a, 0x83, 0x34, 0x9b, 0xd0, 
		0xa9, 0xdb, 0x6d, 0x83, 0xb4, 0xcb, 0x5a, 0x9d, 0xce, 0x26, 0x6e, 0x65, 0xd0, 0xa2, 0x5b, 0xd7, 
		0x22, 0x2b, 0x53, 0x82, 0xce, 0x62, 0xc6, 0x89, 0x3b, 0xc9, 0xa2, 0x2f, 0xfa, 0x57, 0x34, 0x6a, 
		0x2b, 0x0c, 0x90, 0xa1, 0x98, 0x09, 0x69, 0xb1, 0xd7, 0x46, 0x95, 0x5c, 0x44, 0xd4, 0x15, 0xbc, 
		0x0b, 0x4c, 0x35, 0x8c, 0x88, 0x68, 0x8a, 0x04, 0xc7, 0x71, 0x4a, 0xe5, 0x6f, 0x73, 0x04, 0xd0, 
		0xb3, 0xf1, 0xb5, 0x36, 0x6b, 0x04, 0xcf, 0xba, 0x24, 0xca, 0x20, 0xb7, 0xb2, 0xb3, 0x5e, 0xfe, 
		0xfa, 0xfe, 0x1f, 0xfd, 0x5f, 0x1f, 0x73, 0xdf, 0xd4, 0x02, 0x07, 0x2e, 0x0e, 0x43, 0x75, 0xff, 
		0xbe, 0xb6, 0x4f, 0xae, 0x51, 0x5b, 0xdb, 0xe5, 0x38, 0xce, 0x70, 0x14, 0x5d, 0xa3, 0x94, 0x08, 
		0x4d, 0x88, 0xde, 0x9d, 0xbf, 0x40, 0xf5, 0x4f, 0xac, 0xf6, 0x35, 0xcd, 0xf3, 0x4c, 0x57, 0x9d, 
		0x3d, 0xbd, 0xa9, 0x2e, 0x60, 0x4f, 0x09, 0x5f, 0x92, 0xd0, 0x9d, 0xe0, 0x38, 0xbc, 0xa2, 0xa1, 
		0x98, 0x1b, 0x7d, 0xee, 0xac, 0xd0, 0xee, 0xfe, 0x57, 0xba, 0xc8, 0x16, 0xe8, 0x52, 0x55, 0x55, 
		0x17, 0xd0, 0xfd, 0x58, 0x56, 0x46, 0x2c, 0x46, 0x38, 0xae, 0x17, 0x52, 0xdb, 0x8c, 0xf8, 0xce, 
		0xd7, 0x72, 0x79, 0xeb, 0x7b, 0x5a, 0xe4, 0x00, 0x84, 0x46, 0x9f, 0xd5, 0x63, 0x57, 0x28, 0xfb, 
		0x3b, 0x12, 0x52, 0x8c, 0x5e, 0x92, 0x84, 0xc4, 0x21, 0x89, 0x85, 0x66, 0x96, 0x5c, 0x51, 0x31, 
		0x47, 0x2f, 0x38, 0x4b, 0x53, 0xb6, 0x24, 0xdc, 0x96, 0x2e, 0xc6, 0x99, 0x60, 0xda, 0xeb, 0xd5, 
		0x63, 0xff, 0xf0, 0x48, 0x3e, 0xb9, 0x99, 0x11, 0xfc, 0xc2, 0x12, 0x6b, 0xbe, 0x1a, 0x05, 0xfa, 
		0xf4, 0x0d, 0xb9, 0x92, 0x62, 0x80, 0x3b, 0x25, 0x2e, 0x7d, 0x44, 0x77, 0xd2, 0xc0, 0xb8, 0x4e, 
		0xa9, 0x71, 0x30, 0x43, 0x3d, 0xb7, 0x05, 0x38, 0x0e, 0x11, 0xcb, 0x04, 0x7a, 0xf7, 0xcb, 0x05, 
		0xca, 0xef, 0x7a, 0xa3, 0x01, 0x4a, 0xaf, 0x53, 0x41, 0x16, 0xe8, 0xcd, 0xcb, 0x15, 0xa0, 0xb6, 
		0xbf, 0xfd, 0x56, 0x52, 0x94, 0x18, 0x57, 0xda, 0xa8, 0xc7, 0xc7, 0x95, 0x23, 0xd9, 0x08, 0x91, 
		0xe9, 0x6d, 0x10, 0x59, 0xa7, 0xee, 0x90, 0xc6, 0x8d, 0xb6, 0x24, 0x15, 0xaa, 0xfa, 0xa3, 0x34, 
		0x6e, 0x16, 0x34, 0x4d, 0x29, 0x8b, 0xd1, 0xaf, 0x31, 0x15, 0x68, 0xef, 0xdd, 0xc7, 0x5f, 0xad, 
		0x7b, 0x96, 0xd6, 0xf7, 0x84, 0x1f, 0x8f, 0xef, 0xa7, 0x9f, 0x4f, 0x87, 0x1b, 0x69, 0xe8, 0x58, 
		0xb5, 0xab, 0x76, 0x06, 0xc8, 0x7f, 0xb6, 0x86, 0x47, 0xf7, 0xde, 0xcb, 0x5b, 0x8f, 0xb7, 0x45, 
		0xd0, 0x0b, 0x21, 0x5c, 0x77, 0x21, 0x10, 0xb5, 0x0c, 0x35, 0x82, 0x0a, 0x08, 0xe1, 0x28, 0xc1, 
		0x1c, 0x2f, 0x88, 0x20, 0x3c, 0xcd, 0xcf, 0x61, 0xa9, 0x70, 0x28, 0xc1, 0x8a, 0x3f, 0x2a, 0x11, 
		0xb5, 0x06, 0x28, 0xc2, 0x52, 0xf9, 0x54, 0x5f, 0x28, 0x29, 0xab, 0xf6, 0x9d, 0x8a, 0x72, 0xad, 
		0x67, 0xd6, 0xc0, 0x90, 0xbe, 0xa8, 0xd1, 0xae, 0xcd, 0x54, 0xb3, 0xc5, 0x6f, 0x2e, 0x7a, 0xd0, 
		0xe8, 0xb6, 0x8d, 0xbd, 0xca, 0xbe, 0xee, 0x68, 0x7e, 0xd3, 0xae, 0xb6, 0xd3, 0x76, 0x37, 0x98, 
		0x33, 0x1a, 0x90, 0x76, 0x17, 0xca, 0x02, 0xcd, 0xd0, 0x7c, 0x54, 0x59, 0x9e, 0x1b, 0xd1, 0x7d, 
		0xea, 0xb1, 0x6c, 0xca, 0xb8, 0x0f, 0x4d, 0x69, 0x78, 0xba, 0x53, 0x82, 0x5e, 0xfe, 0xfc, 0xe2, 
		0x02, 0x25, 0x9c, 0x7d, 0xbd, 0x46, 0x41, 0x44, 0xa5, 0x95, 0xbb, 0x20, 0xc1, 0x1c, 0xc7, 0x34, 
		0x5d, 0x48, 0x2d, 0x81, 0xa3, 0x88, 0x05, 0x58, 0x10, 0x84, 0xf3, 0x0b, 0x52, 0x3b, 0x44, 0xa0, 
		0x2f, 0x30, 0xd2, 0xd6, 0x6e, 0x48, 0x91, 0xd6, 0x69, 0x1e, 0x24, 0x6e, 0xc2, 0x8c, 0xcb, 0x73, 
		0x6b, 0x9a, 0x45, 0x21, 0xb8, 0xad, 0x51, 0x6d, 0x71, 0x90, 0xa3, 0x1d, 0x15, 0x42, 0xc1, 0x58, 
		0x94, 0xae, 0x29, 0x03, 0x8f, 0x7d, 0xd9, 0x17, 0x6b, 0xdc, 0x6d, 0xc8, 0xf4, 0x90, 0xde, 0xde, 
		0x60, 0x7d, 0x8b, 0x12, 0x69, 0xc3, 0x4b, 0xe5, 0x3c, 0xe2, 0x74, 0x6b, 0x08, 0xb5, 0xcd, 0x49, 
		0xd6, 0xdd, 0x94, 0xf6, 0xd4, 0x7a, 0x93, 0x4f, 0xa9, 0x8d, 0xf5, 0x2b, 0xcc, 0x2d, 0x98, 0x5b, 
		0x8f, 0x38, 0xb7, 0xfa, 0xc6, 0xd9, 0xc7, 0xf9, 0xb4, 0xd3, 0x77, 0xd3, 0xb2, 0x6a, 0x45, 0xf1, 
		0xcd, 0x76, 0xf3, 0xf2, 0x02, 0x4b, 0x4a, 0x70, 0xd3, 0xe6, 0x01, 0xe6, 0x01, 0xcc, 0x03, 0x98, 
		0xe7, 0x21, 0xb6, 0xce, 0x00, 0x7a, 0x80, 0x79, 0xd4, 0xb1, 0xcd, 0x68, 0x69, 0x9f, 0x1a, 0x6c, 
		0x73, 0x10, 0x3e, 0x8b, 0xc2, 0x77, 0x53, 0x5d, 0xb9, 0x5b, 0x2e, 0x8e, 0x31, 0xeb, 0x58, 0x31, 
		0x63, 0x66, 0xdb, 0x4e, 0xba, 0xab, 0x59, 0xdb, 0x6c, 0x1f, 0xf5, 0x67, 0xd3, 0x70, 0xbd, 0x53, 
		0x15, 0x3f, 0xa0, 0x67, 0x6a, 0x67, 0xe5, 0xd9, 0xea, 0x43, 0x15, 0x6f, 0xa2, 0x88, 0xcc, 0x70, 
		0x84, 0x58, 0x42, 0x8a, 0x7c, 0x0c, 0x82, 0xa1, 0xa0, 0x3a, 0x8d, 0x50, 0x73, 0xe0, 0xdb, 0x0f, 
		0x52, 0xac, 0xf9, 0xa9, 0x9b, 0x86, 0xc4, 0x2b, 0xc5, 0xbb, 0x70, 0x13, 0x6c, 0x44, 0x92, 0x94, 
		0x94, 0xe6, 0x28, 0xfe, 0x14, 0xb1, 0x09, 0x8e, 0x50, 0x51, 0x5c, 0xbd, 0x1e, 0x1b, 0x27, 0x78, 
		0x1f, 0x7b, 0x33, 0xa5, 0xdc, 0x8a, 0x72, 0x8d, 0xdd, 0x6d, 0x83, 0xdc, 0xec, 0xc7, 0xef, 0xd9, 
		0x70, 0x78, 0x18, 0x78, 0xee, 0xe8, 0xe8, 0x48, 0xfd, 0x49, 0x50, 0x29, 0x9f, 0xc6, 0xfe, 0xab, 
		0x4b, 0x43, 0xb4, 0x54, 0xdb, 0x6c, 0x3d, 0xd8, 0x44, 0xfc, 0x8e, 0x61, 0x30, 0xa3, 0xa3, 0xa3, 
		0x6f, 0xde, 0x64, 0x35, 0x19, 0xfc, 0xaf, 0x5f, 0x2e, 0x5f, 0xa2, 0x0b, 0x29, 0x23, 0x7d, 0xd8, 
		0x83, 0xed, 0x5a, 0x6a, 0xa4, 0xdc, 0x73, 0xca, 0x38, 0x15, 0xd7, 0xee, 0x7f, 0x32, 0x92, 0xe9, 
		0xf5, 0x1b, 0x05, 0xab, 0x8f, 0x13, 0x95, 0x15, 0x51, 0x1a, 0xcc, 0x49, 0x98, 0x45, 0xc6, 0x57, 
		0x1e, 0x39, 0x41, 0x25, 0x4b, 0xdd, 0x05, 0x36, 0x92, 0x54, 0x16, 0x94, 0xd5, 0xcd, 0x2f, 0x6a, 
		0xe4, 0x67, 0xee, 0x50, 0xd9, 0x59, 0x6b, 0xcd, 0x57, 0x53, 0x2d, 0x6d, 0xf4, 0xa0, 0x20, 0x6e, 
		0xcb, 0x04, 0xbc, 0xdf, 0x89, 0xbf, 0x93, 0xf5, 0xcf, 0xfb, 0xbd, 0xa5, 0xa9, 0x38, 0x17, 0x42, 
		0x31, 0xed, 0x1d, 0x8d, 0x5f, 0x45, 0xf9, 0x21, 0x39, 0xf5, 0x83, 0x77, 0xf8, 0x6b, 0xfd, 0x7c, 
		0xea, 0x0c, 0x7e, 0xe1, 0x21, 0xe1, 0x24, 0xfc, 0xf1, 0x7a, 0xe0, 0xc7, 0x59, 0x14, 0x69, 0x84, 
		0x5f, 0x53, 0xc2, 0xab, 0xd7, 0x3a, 0x03, 0x53, 0x73, 0x86, 0x3b, 0xce, 0xed, 0x4d, 0xd4, 0x9d, 
		0x6c, 0x1d, 0xcb, 0xf4, 0x30, 0x03, 0xf9, 0xd4, 0x9c, 0x52, 0x64, 0x26, 0x17, 0xd7, 0x5a, 0x1d, 
		0x98, 0x53, 0xa9, 0x57, 0xa8, 0x3f, 0xc9, 0x62, 0xe1, 0x06, 0x79, 0x66, 0x18, 0x5d, 0xe5, 0xe9, 
		0xe4, 0x56, 0x52, 0x9c, 0x2c, 0x16, 0xfd, 0x58, 0xec, 0x03, 0x9c, 0xa5, 0x7a, 0x1f, 0xf3, 0xe7, 
		0xee, 0xf6, 0x16, 0x45, 0x56, 0xda, 0xb9, 0xce, 0x1a, 0x59, 0xb7, 0xb2, 0x17, 0x8b, 0x64, 0x2e, 
		0x01, 0xb2, 0x39, 0xae, 0x90, 0x25, 0x15, 0xe7, 0xc6, 0xce, 0xe0, 0x55, 0x9c, 0xa9, 0x9c, 0x8e, 
		0x1f, 0xd9, 0x87, 0x7c, 0x29, 0xf5, 0xff, 0x18, 0x78, 0x45, 0x24, 0x9d, 0x3b, 0xe5, 0x78, 0xe6, 
		0x72, 0xf2, 0x9f, 0x81, 0x33, 0xf0, 0x86, 0xca, 0xf2, 0x0a, 0xd8, 0x22, 0x89, 0x88, 0x20, 0x2e, 
		0x0e, 0xff, 0x57, 0x51, 0x87, 0x6a, 0xa8, 0x26, 0x11, 0x71, 0x31, 0x4f, 0xdc, 0x29, 0x8d, 0x84, 
		0x0a, 0x3b, 0xf2, 0x86, 0x5e, 0x55, 0x10, 0x1d, 0xba, 0x0b, 0x36, 0xa1, 0x11, 0x55, 0x32, 0xeb, 
		0x0d, 0x47, 0x72, 0xdd, 0x5e, 0xba, 0x0b, 0x2c, 0x82, 0xb9, 0x9b, 0xc5, 0x5f, 0x62, 0x76, 0x15, 
		0xab, 0x82, 0xc3, 0xea, 0x27, 0x09, 0x27, 0x2e, 0x27, 0x33, 0x45, 0x1d, 0x97, 0xad, 0xe1, 0x24, 
		0x20, 0x74, 0x59, 0x7f, 0xfa, 0x48, 0x16, 0x7c, 0xc1, 0xea, 0xef, 0x63, 0xd9, 0xba, 0x60, 0x91, 
		0xb8, 0x59, 0xcc, 0x09, 0x0e, 0xe6, 0xc5, 0x39, 0x3e, 0x6f, 0x78, 0x52, 0xbd, 0xb3, 0x70, 0xfe, 
		0x79, 0xc3, 0x53, 0xf9, 0xfd, 0x98, 0xb1, 0x24, 0x5f, 0xd3, 0xbd, 0xe1, 0x99, 0xe2, 0x30, 0x13, 
		0xcc, 0x55, 0x64, 0x49, 0x93, 0xad, 0x9f, 0x32, 0xee, 0x66, 0xa9, 0x1b, 0x62, 0xa1, 0xbe, 0xa1, 
		0x38, 0x90, 0x24, 0x89, 0x4b, 0x63, 0x31, 0x75, 0x69, 0xa2, 0x82, 0xd0, 0x55, 0x81, 0xa7, 0xa6, 
		0xe4, 0x84, 0x84, 0x21, 0x09, 0xdd, 0x52, 0x38, 0x3d, 0x4f, 0xf6, 0xf3, 0x3f, 0x2c, 0x75, 0x03, 
		0x1c, 0xa8, 0x67, 0xd9, 0x3d, 0xa9, 0x99, 0x96, 0xd2, 0xfa, 0x24, 0xb1, 0x28, 0xf8, 0xe1, 0xc9, 
		0x0e, 0x4e, 0x66, 0x89, 0x2b, 0xb2, 0xd8, 0x4d, 0xbe, 0x08, 0x45, 0x3b, 0x52, 0x27, 0x13, 0xd3, 
		0xc4, 0x9d, 0xa5, 0x0b, 0xee, 0x92, 0x38, 0x6f, 0x81, 0xec, 0x25, 0x4e, 0xaf, 0xe3, 0xc0, 0x15, 
		0x84, 0x2f, 0xdc, 0x94, 0xf0, 0xa5, 0xa2, 0x9f, 0xa8, 0x24, 0x82, 0xd8, 0xcd, 0x93, 0x86, 0x29, 
		0x92, 0xec, 0x64, 0x30, 0x89, 0x54, 0xaf, 0x97, 0xc7, 0x6e, 0xca, 0x22, 0x1a, 0xd0, 0xbc, 0xe8, 
		0xcc, 0x2c, 0x2a, 0xc6, 0x57, 0xb6, 0x76, 0x11, 0xe0, 0x54, 0xb8, 0x61, 0x90, 0x2a, 0x82, 0xec, 
		0x6f, 0x3a, 0x09, 0x5c, 0x2e, 0x12, 0x77, 0x7a, 0x15, 0x2a, 0x9a, 0xa7, 0xd2, 0x29, 0x89, 0xb9, 
		0xbb, 0xc0, 0x31, 0x9e, 0xe5, 0x43, 0x3d, 0x92, 0x3f, 0x8d, 0x46, 0xae, 0x6a, 0xef, 0xf2, 0x6b, 
		0xa4, 0x10, 0x97, 0x37, 0x92, 0xdd, 0x0d, 0x29, 0x8e, 0x08, 0x97, 0x25, 0xea, 0xd3, 0xa3, 0x71, 
		0x4d, 0xcb, 0x92, 0x10, 0x0b, 0xe2, 0x0a, 0xaa, 0xe6, 0x87, 0x37, 0x3a, 0xaa, 0x06, 0x8a, 0x27, 
		0xf3, 0x6b, 0x37, 0x10, 0x3c, 0x52, 0x74, 0xd9, 0x67, 0x96, 0x90, 0x78, 0x1a, 0xb1, 0x2b, 0x37, 
		0x0d, 0xf3, 0x77, 0x9f, 0x34, 0x9a, 0xe1, 0x0a, 0x91, 0xd7, 0x96, 0xdd, 0x8e, 0x0e, 0xdd, 0x44, 
		0x24, 0x1a, 0xbc, 0xf2, 0x46, 0xb2, 0xcb, 0x57, 0x51, 0xfa, 0xef, 0x90, 0x09, 0xcf, 0xfb, 0x77, 
		0xc1, 0xe4, 0xc3, 0xaa, 0xc7, 0x34, 0x59, 0x8e, 0x5d, 0xa6, 0x66, 0xaf, 0xea, 0xfa, 0xe1, 0xb0, 
		0xa8, 0x1f, 0xe0, 0xe4, 0x0a, 0x27, 0xd5, 0x0f, 0xbc, 0x82, 0x5c, 0x8a, 0x73, 0x55, 0x30, 0x2a, 
		0x0a, 0x52, 0x9a, 0x4e, 0x2b, 0xe2, 0x61, 0x63, 0x08, 0xb2, 0x89, 0x22, 0x8f, 0x75, 0xf2, 0xb8, 
		0x22, 0x1f, 0x99, 0xe4, 0x90, 0xa6, 0x41, 0x39, 0x34, 0x87, 0x92, 0x07, 0x5f, 0x47, 0x47, 0xa5, 
		0x16, 0x2f, 0xa5, 0xe4, 0xf0, 0xa4, 0xa0, 0x4b, 0x11, 0xad, 0x88, 0x92, 0x05, 0xef, 0xcf, 0x3f, 
		0xaa, 0xbf, 0x65, 0xbf, 0xc3, 0x38, 0xad, 0xe5, 0x5a, 0x7e, 0x3c, 0xfd, 0x42, 0x93, 0x12, 0x04, 
		0x7a, 0x63, 0xd9, 0x55, 0x32, 0x4d, 0x5c, 0xc9, 0x9a, 0xaf, 0x8a, 0x22, 0x7b, 0x19, 0x2e, 0x96, 
		0x49, 0xec, 0xce, 0x70, 0xe4, 0x06, 0x73, 0x12, 0x7c, 0x51, 0xf4, 0x51, 0xd1, 0x42, 0x9a, 0xa4, 
		0x24, 0x70, 0xf3, 0xd9, 0xa1, 0x0a, 0x64, 0x47, 0x49, 0x32, 0x51, 0xc2, 0x30, 0x1e, 0x2b, 0x90, 
		0x49, 0x93, 0x6a, 0x04, 0xc7, 0x47, 0xc6, 0xef, 0x22, 0x3a, 0x25, 0xe5, 0xa0, 0x8f, 0x8f, 0x8d, 
		0xa2, 0x84, 0xe7, 0x13, 0x72, 0x7c, 0x52, 0x8d, 0x4c, 0x16, 0x46, 0xf9, 0x6b, 0xd5, 0xc0, 0x8e, 
		0x26, 0xa1, 0x2b, 0x59, 0x5c, 0xbf, 0x5b, 0x76, 0xf0, 0x1d, 0x11, 0x38, 0x66, 0x14, 0xbb, 0x6f, 
		0x47, 0xee, 0xbb, 0x9f, 0xde, 0xa9, 0x9e, 0x1f, 0x95, 0x4a, 0xa3, 0x10, 0x8c, 0x23, 0x25, 0xcc, 
		0xdc, 0x15, 0x57, 0x78, 0x91, 0xb8, 0x09, 0x67, 0x13, 0xd5, 0x80, 0x23, 0x35, 0xa2, 0x09, 0x8e, 
		0xd5, 0x09, 0x2c, 0x1a, 0x4f, 0x99, 0xa2, 0x8e, 0x4a, 0xaa, 0xd2, 0x9c, 0x15, 0x67, 0x8e, 0x0e, 
		0x4b, 0xfa, 0x22, 0x89, 0xdc, 0x3a, 0x4a, 0xdc, 0x3b, 0x1a, 0x57, 0xaf, 0x19, 0xa9, 0xe7, 0xa3, 
		0xf2, 0x39, 0x97, 0xa7, 0x23, 0xd9, 0xcf, 0xc9, 0x34, 0x74, 0xa3, 0x91, 0xb6, 0x12, 0x7b, 0x47, 
		0xb5, 0x72, 0x4a, 0xe3, 0x85, 0x1a, 0x9f, 0x23, 0xd9, 0x4f, 0xf2, 0x55, 0xb8, 0x52, 0x99, 0x29, 
		0x42, 0xa1, 0x9c, 0xa6, 0x34, 0xce, 0x67, 0xf6, 0x71, 0xad, 0x0e, 0x53, 0x37, 0xc2, 0x13, 0xa2, 
		0x5e, 0x75, 0x3c, 0xd4, 0x25, 0x10, 0xf3, 0xe4, 0xdf, 0xcb, 0xe3, 0x38, 0x2c, 0x45, 0xf1, 0x58, 
		0x76, 0x33, 0x9e, 0x60, 0xc5, 0xca, 0x63, 0xd9, 0x3b, 0x8c, 0x95, 0x46, 0x39, 0x3e, 0x2c, 0x7e, 
		0x86, 0x93, 0x7f, 0xcf, 0x85, 0x48, 0x54, 0x6b, 0x8f, 0x65, 0x6f, 0xa2, 0xa9, 0x48, 0xdd, 0x84, 
		0xf0, 0xe9, 0x42, 0x99, 0x04, 0xde, 0xb1, 0xec, 0x12, 0x25, 0xff, 0xce, 0x53, 0x95, 0x7a, 0xc7, 
		0xc7, 0xb5, 0xae, 0x5e, 0x60, 0x77, 0x41, 0x78, 0x29, 0x7f, 0xc7, 0x75, 0xa7, 0x92, 0x78, 0xa1, 
		0x97, 0x9c, 0xa8, 0x90, 0xc8, 0xe5, 0xb1, 0x3b, 0xc1, 0xe1, 0x3c, 0x17, 0xc7, 0x93, 0xc3, 0xf2, 
		0x53, 0xd3, 0x78, 0x2a, 0x09, 0xa7, 0x65, 0x9d, 0x39, 0x4b, 0x58, 0xa2, 0xce, 0x79, 0x2a, 0x7d, 
		0x95, 0x4b, 0x43, 0x4a, 0xe2, 0x22, 0x0b, 0x49, 0x2c, 0x25, 0x93, 0x25, 0x52, 0x81, 0x8e, 0xf2, 
		0x9f, 0xe8, 0x13, 0x58, 0xa9, 0x2e, 0x9a, 0x5c, 0x71, 0xaa, 0xf6, 0x84, 0x95, 0xd6, 0x0a, 0x29, 
		0x96, 0xc2, 0xa5, 0x94, 0xd5, 0xf4, 0xca, 0xd5, 0x4a, 0x35, 0x3d, 0x30, 0x5b, 0x24, 0x6e, 0xcc, 
		0x62, 0xce, 0x32, 0x51, 0xac, 0x20, 0x4a, 0x65, 0xcd, 0x22, 0x82, 0xe3, 0x62, 0xdd, 0x51, 0x8a, 
		0x2a, 0xaf, 0x9e, 0xd0, 0x85, 0x9b, 0xd2, 0x59, 0x8c, 0x0b, 0x74, 0xa8, 0x74, 0xd5, 0x8c, 0xc4, 
		0x84, 0x4b, 0xcd, 0x56, 0x8c, 0xa0, 0xd2, 0x55, 0xc5, 0x7e, 0x67, 0x31, 0xf0, 0x4a, 0x4b, 0x49, 
		0x52, 0x7a, 0x45, 0xe5, 0x1a, 0x38, 0xc1, 0x6a, 0x86, 0x29, 0x2d, 0xa5, 0x16, 0xb1, 0x60, 0x3a, 
		0x53, 0xa2, 0x37, 0x70, 0x06, 0xb2, 0x71, 0xc5, 0x1a, 0xe9, 0x92, 0x38, 0x50, 0xa0, 0x4f, 0xa9, 
		0xa7, 0x62, 0x75, 0xaa, 0xb8, 0x51, 0x2c, 0x53, 0x4a, 0x47, 0x29, 0xb1, 0xcd, 0x9b, 0xab, 0x54, 
		0x53, 0xa1, 0xc5, 0xe5, 0xa3, 0x7c, 0x5f, 0x72, 0xe5, 0x2e, 0x83, 0x40, 0x2e, 0x1d, 0x4a, 0x19, 
		0x15, 0xac, 0x70, 0xbf, 0x10, 0x92, 0xb8, 0xb3, 0x64, 0x21, 0xe9, 0xb2, 0x93, 0xa9, 0xd4, 0xb8, 
		0x49, 0x9d, 0x23, 0x47, 0xa9, 0x21, 0x86, 0x17, 0x6e, 0xc4, 0x58, 0x52, 0xb4, 0x59, 0xa9, 0xa0, 
		0x2c, 0xce, 0x52, 0x35, 0x11, 0x94, 0xee, 0x49, 0x13, 0xec, 0xd2, 0x44, 0x2e, 0x79, 0x4a, 0xfd, 
		0xa8, 0xb6, 0x70, 0x92, 0x44, 0x34, 0xc8, 0x73, 0x59, 0x8e, 0x8b, 0x65, 0xb4, 0xe6, 0xc7, 0xb8, 
		0x58, 0x59, 0x19, 0xd1, 0x89, 0x5e, 0x45, 0x4c, 0x89, 0x0a, 0x8f, 0x97, 0xc4, 0x7c, 0xa9, 0x11, 
		0xc6, 0xaf, 0x0f, 0x55, 0x1f, 0xd2, 0x6c, 0xa2, 0x13, 0xc7, 0x65, 0x45, 0xed, 0xc7, 0x47, 0xc5, 
		0x2c, 0xd4, 0xaa, 0x1d, 0x57, 0x83, 0xc9, 0x93, 0xa9, 0x31, 0x98, 0xb9, 0x12, 0x92, 0x5a, 0xb0, 
		0x1e, 0xe6, 0xb2, 0x48, 0x29, 0xa3, 0x82, 0x09, 0xae, 0x60, 0xae, 0x9a, 0x13, 0x4a, 0x17, 0x29, 
		0x4e, 0x93, 0x24, 0x92, 0x82, 0xa9, 0xf4, 0x5e, 0x14, 0xeb, 0x23, 0x7f, 0x34, 0x2c, 0xe5, 0x3b, 
		0xf9, 0xa2, 0x84, 0xfb, 0xa8, 0x56, 0xb6, 0x9c, 0x84, 0xb4, 0x9c, 0x2b, 0x4a, 0x03, 0x25, 0x53, 
		0xee, 0x4a, 0x61, 0xc0, 0xc1, 0x5c, 0xf2, 0x4d, 0x69, 0x1f, 0x49, 0x13, 0xa2, 0xa6, 0x8d, 0x6b, 
		0x1a, 0x4e, 0x92, 0xa8, 0x2e, 0x38, 0xaa, 0x45, 0xa4, 0x50, 0x96, 0x4a, 0x09, 0x35, 0xa5, 0xa6, 
		0x2c, 0x3b, 0x51, 0x09, 0x93, 0x82, 0x44, 0x9b, 0x17, 0x4a, 0x15, 0xe5, 0x59, 0x32, 0xdd, 0x49, 
		0x58, 0xca, 0x97, 0xd2, 0x47, 0xa9, 0xa0, 0x11, 0xd1, 0xaa, 0xca, 0x37, 0xcf, 0xc3, 0x28, 0x50, 
		0x22, 0x84, 0x23, 0x09, 0xb4, 0x9c, 0x81, 0x52, 0x49, 0x69, 0x36, 0x89, 0x89, 0x70, 0x27, 0x92, 
		0xc5, 0x92, 0xa6, 0x4c, 0xa5, 0x60, 0xba, 0x28, 0xfa, 0xa9, 0x74, 0x91, 0x7a, 0x8e, 0x99, 0xa0, 
		0x53, 0xc9, 0x35, 0xa5, 0x92, 0x94, 0x29, 0x11, 0xa5, 0x13, 0x8d, 0xac, 0x56, 0x2e, 0xc2, 0x97, 
		0x34, 0x20, 0x2e, 0x89, 0x67, 0x34, 0x56, 0xdf, 0x38, 0x32, 0xda, 0x58, 0xf4, 0x46, 0x29, 0xa7, 
		0x9a, 0xba, 0x48, 0xe5, 0xa0, 0x29, 0xbd, 0xb4, 0x98, 0x4a, 0x63, 0x44, 0x97, 0x9e, 0xe3, 0x53, 
		0x65, 0x3b, 0x31, 0xc9, 0xff, 0x40, 0x1a, 0xdb, 0xce, 0xe0, 0x58, 0x76, 0x91, 0x89, 0xa5, 0x1b, 
		0xc4, 0x82, 0x97, 0x8b, 0xad, 0xfc, 0x35, 0x56, 0xe3, 0x7c, 0x32, 0x2c, 0x8a, 0xa5, 0xc1, 0x5b, 
		0x14, 0xca, 0x6e, 0x71, 0xa2, 0xbf, 0xf7, 0x24, 0x57, 0x4b, 0x6e, 0x7e, 0x1a, 0x24, 0xd7, 0x73, 
		0x23, 0x77, 0x92, 0x84, 0xea, 0x71, 0xac, 0x4c, 0xc1, 0xc8, 0x8d, 0x98, 0x6c, 0xda, 0xc9, 0x91, 
		0x5a, 0x40, 0xe5, 0x94, 0x39, 0x39, 0x2e, 0x7b, 0x1f, 0xe6, 0x77, 0x65, 0xb8, 0x44, 0x81, 0xf6, 
		0x93, 0x13, 0xf5, 0x02, 0x65, 0xc1, 0x9e, 0xc8, 0x26, 0x5f, 0x61, 0x2c, 0xe5, 0xe7, 0xe4, 0xac, 
		0xdc, 0x45, 0x2d, 0x97, 0xf8, 0x53, 0xd5, 0x14, 0x75, 0x54, 0xd0, 0xcd, 0x1b, 0x7c, 0x3a, 0x2c, 
		0xcc, 0xc3, 0xaa, 0x87, 0xa7, 0x95, 0xd4, 0x29, 0xfb, 0x4f, 0xca, 0x5d, 0x6e, 0x6a, 0x9c, 0x56, 
		0xe3, 0x31, 0xe5, 0x6c, 0xe1, 0x06, 0x4c, 0x65, 0xbe, 0x3b, 0x3d, 0xac, 0x46, 0x4d, 0x4e, 0xe6, 
		0xdc, 0x16, 0x3c, 0x1d, 0xe7, 0xa9, 0x0b, 0xe5, 0x9f, 0x6a, 0x6d, 0x48, 0xc3, 0xb8, 0x4c, 0xc0, 
		0x20, 0x69, 0xc7, 0xca, 0xca, 0x0f, 0xdc, 0x40, 0x44, 0xdc, 0x4d, 0x03, 0xd9, 0xcf, 0x53, 0xd9, 
		0x89, 0xe9, 0x3c, 0x75, 0x53, 0x05, 0x71, 0xdc, 0x59, 0x86, 0xf3, 0xe6, 0x9c, 0x16, 0x74, 0x65, 
		0xc7, 0xcc, 0x0a, 0x9f, 0xfd, 0x69, 0x39, 0x9f, 0xc2, 0x54, 0x7e, 0x44, 0x3e, 0x45, 0x0b, 0xaa, 
		0xb1, 0xf8, 0x6c, 0x98, 0x8b, 0x04, 0xc5, 0x91, 0x2b, 0x38, 0x9e, 0x4e, 0xa9, 0xe4, 0xe0, 0x99, 
		0xec, 0x5b, 0x9a, 0x46, 0xcb, 0x44, 0xbe, 0xe4, 0x6c, 0xa4, 0x8e, 0x0f, 0xc4, 0xd7, 0x2e, 0x0e, 
		0xd4, 0x6f, 0x94, 0x51, 0x46, 0x62, 0xe1, 0xa6, 0x4a, 0x3b, 0x9f, 0xa9, 0x91, 0x48, 0x92, 0x18, 
		0x2f, 0xdd, 0x65, 0x61, 0x13, 0x9d, 0x1d, 0x15, 0x47, 0xe7, 0x16, 0x58, 0xd0, 0xc0, 0x9d, 0x5f, 
		0x49, 0x9a, 0x26, 0x52, 0x85, 0x94, 0x9d, 0x9d, 0x94, 0x6b, 0x97, 0x3a, 0xa0, 0x9c, 0x30, 0x2e, 
		0x45, 0xe1, 0x4c, 0xf6, 0x65, 0x19, 0xc9, 0xe5, 0x22, 0x13, 0x2c, 0x25, 0xb1, 0x02, 0x03, 0x67, 
		0xb2, 0xf5, 0xff, 0x15, 0xc9, 0x40, 0x82, 0x33, 0xf6, 0x26, 0x56, 0x5e, 0x87, 0x96, 0xdd, 0xe2, 
		0x7b, 0xe3, 0x33, 0x47, 0xd9, 0x6e, 0xbe, 0x77, 0x78, 0xea, 0xa8, 0x45, 0xda, 0xf7, 0x8e, 0x47, 
		0x4e, 0x25, 0x2b, 0xfe, 0xc9, 0xd8, 0x69, 0x61, 0x08, 0xdf, 0xf3, 0x0e, 0x1d, 0xb3, 0x13, 0xfe, 
		0x99, 0xac, 0xc7, 0x13, 0xe5, 0x7f, 0x6a, 0x22, 0x06, 0xdf, 0xf3, 0x8e, 0x1d, 0xb3, 0x83, 0xfe, 
		0xd9, 0x91, 0x63, 0xa8, 0x46, 0x7f, 0x5c, 0x10, 0x34, 0x8b, 0xc5, 0xf7, 0x8e, 0x8e, 0x1d, 0x03, 
		0xa9, 0xf8, 0x9e, 0x84, 0x90, 0x2d, 0xf8, 0x97, 0x1f, 0xbe, 0xd4, 0x50, 0x97, 0xef, 0x0d, 0x4f, 
		0x9c, 0x0e, 0x34, 0xe8, 0x7b, 0x43, 0xcf, 0xe9, 0x30, 0x23, 0x7c, 0xef, 0xf8, 0xd8, 0xe9, 0x30, 
		0x22, 0x7c, 0xef, 0xb8, 0x7a, 0x4f, 0x09, 0x11, 0x7d, 0x6f, 0x78, 0xe8, 0xb4, 0x90, 0x83, 0xef, 
		0x8d, 0x8e, 0x1c, 0xdd, 0xb6, 0xf2, 0xbd, 0x23, 0xf9, 0xd3, 0x0e, 0x03, 0xdb, 0xf7, 0x0e, 0x8f, 
		0x9c, 0xa6, 0x45, 0xee, 0x7b, 0x87, 0x63, 0xa7, 0x89, 0x92, 0x7c, 0xcf, 0x3b, 0x73, 0xba, 0x50, 
		0x95, 0xef, 0x79, 0xa7, 0x4e, 0xd3, 0xd6, 0xf7, 0xbd, 0xc3, 0x43, 0xa7, 0x6d, 0x30, 0xfb, 0xde, 
		0x78, 0xe4, 0x74, 0xd9, 0xc3, 0xbe, 0x37, 0x3e, 0x72, 0x9a, 0xd6, 0xb0, 0xef, 0x8d, 0x25, 0x27, 
		0x4a, 0x81, 0xf5, 0xcf, 0xe4, 0x2b, 0xf5, 0x35, 0xc5, 0x3f, 0x72, 0x6a, 0xf9, 0xf6, 0xcf, 0x46, 
		0x8e, 0xae, 0x0d, 0xfc, 0x93, 0x33, 0x27, 0x37, 0x7c, 0xfc, 0x91, 0xe7, 0x18, 0x68, 0xcc, 0xf7, 
		0x46, 0x87, 0x4e, 0x17, 0x16, 0xf3, 0xbd, 0xd1, 0xd8, 0x69, 0xd9, 0xff, 0xbe, 0x37, 0xf6, 0x9c, 
		0xd6, 0x42, 0xe5, 0x1f, 0x95, 0x44, 0x43, 0x8f, 0xf8, 0xa7, 0x92, 0x5c, 0xc1, 0x0e, 0xdf, 0x3b, 
		0x3c, 0x73, 0x9a, 0x5a, 0xc5, 0x3f, 0x1d, 0x39, 0x86, 0xe6, 0xf7, 0x8f, 0x4b, 0x82, 0x7a, 0xf3, 
		0xb1, 0xe7, 0x34, 0x54, 0x8e, 0x7f, 0x7a, 0xe8, 0x68, 0x48, 0xc5, 0xf7, 0xc6, 0x43, 0xa7, 0x09, 
		0xbb, 0x7d, 0xcf, 0x93, 0xbf, 0x93, 0x58, 0xc4, 0xf7, 0xc6, 0xb2, 0x7e, 0x12, 0x0c, 0xfc, 0x93, 
		0x23, 0xc7, 0xb0, 0xc0, 0xfc, 0xd1, 0x89, 0xd3, 0xb2, 0xbf, 0xfc, 0xd1, 0xa9, 0x53, 0x5b, 0xde, 
		0xbe, 0x77, 0x74, 0xea, 0x34, 0x75, 0x92, 0x7f, 0x5a, 0xd0, 0x0c, 0xfd, 0xe5, 0x9f, 0x9e, 0x38, 
		0xc6, 0x52, 0xeb, 0x1f, 0x1d, 0x39, 0x86, 0xf3, 0xc0, 0x97, 0x8d, 0xea, 0x5c, 0x79, 0x7d, 0x39, 
		0xa3, 0x3a, 0x2d, 0x39, 0x95, 0x61, 0x4e, 0xb3, 0x53, 0xfd, 0xd1, 0xc8, 0x69, 0xd8, 0x96, 0xfe, 
		0xe8, 0xd8, 0xd1, 0x4c, 0x53, 0x5f, 0x8e, 0x5b, 0x63, 0x15, 0xf6, 0x8f, 0x9d, 0x86, 0x45, 0xe9, 
		0x8f, 0xce, 0x9c, 0xb6, 0xa7, 0xc4, 0xf7, 0x86, 0xb2, 0x66, 0x6e, 0xde, 0xfb, 0xde, 0xf1, 0x91, 
		0xd3, 0xf4, 0xf5, 0xf8, 0xde, 0xd0, 0x29, 0xd7, 0x33, 0xff, 0x64, 0xe4, 0x34, 0x2c, 0x2e, 0x5f, 
		0x32, 0xdb, 0xb0, 0xc2, 0x7d, 0x55, 0xa7, 0xb6, 0xf6, 0x7d, 0xef, 0xc4, 0x31, 0x4d, 0x7b, 0x5f, 
		0x4e, 0x9a, 0xda, 0x18, 0xf2, 0x8f, 0xd4, 0x17, 0xca, 0xee, 0xd6, 0x0f, 0xb5, 0x61, 0xea, 0xcb, 
		0x49, 0x69, 0x2c, 0x34, 0xfe, 0xe9, 0x91, 0x53, 0x2d, 0xac, 0xfe, 0xc9, 0xa1, 0xd3, 0x70, 0x44, 
		0xf8, 0x9e, 0xe4, 0x5b, 0x03, 0x38, 0xfa, 0xde, 0xf8, 0xd4, 0xc9, 0x57, 0x53, 0xff, 0xe4, 0xc4, 
		0x31, 0x0d, 0x4a, 0x7f, 0x3c, 0x72, 0x4c, 0xcb, 0xd1, 0x1f, 0x8f, 0x9d, 0xa6, 0x53, 0xc1, 0xf7, 
		0xa4, 0xb8, 0x34, 0x2c, 0x0f, 0x5f, 0xf2, 0xad, 0x61, 0x31, 0xf9, 0x47, 0x46, 0x3d, 0x69, 0x8b, 
		0xf8, 0x52, 0xb9, 0xe9, 0x6b, 0x89, 0x7f, 0x26, 0x09, 0x25, 0x0a, 0xf2, 0x3d, 0xd5, 0x0d, 0x1d, 
		0x7f, 0xf9, 0xde, 0xf1, 0xd8, 0x69, 0xae, 0x35, 0xfe, 0x99, 0x6c, 0x7a, 0xd3, 0x54, 0xf0, 0x4f, 
		0x8e, 0x9d, 0x86, 0xe7, 0xc8, 0xf7, 0xbc, 0x23, 0xa7, 0x65, 0x52, 0xf9, 0xc7, 0xf2, 0x2b, 0xda, 
		0x82, 0xea, 0x9f, 0x39, 0x4d, 0xa3, 0xd6, 0x97, 0x7c, 0xaa, 0x9d, 0x42, 0xbe, 0x37, 0x72, 0x56, 
		0x21, 0x25, 0x5f, 0xaa, 0x93, 0x0e, 0x6f, 0x8a, 0xef, 0x55, 0x74, 0x13, 0x2e, 0xf9, 0x52, 0x41, 
		0x77, 0x99, 0xde, 0xbe, 0xd4, 0x78, 0x2b, 0xf1, 0x9e, 0x2f, 0x55, 0xb0, 0xe6, 0x1b, 0xf0, 0xbd, 
		0xf1, 0x89, 0xd3, 0xb2, 0xeb, 0x7c, 0xb9, 0x4e, 0x2c, 0xbe, 0xc8, 0xbe, 0x0f, 0xe5, 0x67, 0x6a, 
		0xdf, 0x98, 0xef, 0x49, 0x39, 0xd4, 0xac, 0x21, 0xff, 0x74, 0xe8, 0x18, 0x06, 0xa0, 0x7f, 0x7c, 
		0xea, 0x34, 0xdc, 0x9f, 0xbe, 0xe7, 0xb4, 0x5d, 0x90, 0xbe, 0x37, 0x1c, 0x3b, 0x4d, 0x28, 0xee, 
		0xcb, 0xa5, 0xb5, 0x72, 0x3c, 0xf8, 0x92, 0xf1, 0x5d, 0x18, 0xc2, 0x97, 0x8d, 0x56, 0x80, 0xdc, 
		0xf7, 0xa4, 0xa6, 0x33, 0x50, 0x95, 0x7f, 0x78, 0xec, 0x98, 0x2e, 0x2f, 0xdf, 0x93, 0x53, 0x5d, 
		0xb7, 0x39, 0xfd, 0x93, 0xa1, 0xd3, 0xb0, 0x51, 0xfd, 0xe3, 0x33, 0xc7, 0xf4, 0xcd, 0xf9, 0x9e, 
		0xd4, 0xfa, 0x2d, 0x3f, 0x99, 0xef, 0x49, 0xfd, 0x67, 0xa0, 0x0b, 0xff, 0x68, 0xe4, 0x74, 0xe0, 
		0x08, 0xff, 0x68, 0xec, 0x98, 0x90, 0xc3, 0x3f, 0x3a, 0x74, 0x34, 0xf7, 0x8e, 0xef, 0xc9, 0xb9, 
		0xa1, 0xa3, 0x39, 0xbf, 0x78, 0x36, 0x9c, 0xa4, 0xbe, 0x27, 0xb5, 0x87, 0x89, 0xf0, 0xfc, 0x71, 
		0x45, 0xaa, 0x27, 0x9a, 0x6c, 0x6e, 0xe9, 0xeb, 0xf0, 0xbd, 0xa3, 0x33, 0xc7, 0xf0, 0xcb, 0xfa, 
		0xde, 0xf0, 0x4c, 0xa5, 0xcf, 0x1e, 0xf8, 0xa7, 0x63, 0xa7, 0x46, 0xb9, 0xfe, 0xa1, 0xe7, 0x34, 
		0x71, 0xa6, 0x2f, 0xd7, 0x9c, 0x12, 0xe8, 0xfa, 0x72, 0x25, 0x2e, 0x5d, 0xb1, 0xbe, 0x27, 0xc5, 
		0x58, 0xb7, 0xd6, 0xfd, 0x13, 0xcf, 0x31, 0x6c, 0x66, 0xff, 0xd4, 0xa9, 0x2c, 0x4f, 0xff, 0xf4, 
		0xcc, 0xd1, 0x60, 0x9d, 0x3f, 0x2e, 0x1f, 0x65, 0x33, 0x0e, 0x47, 0x8e, 0xe1, 0x22, 0xf5, 0x3d, 
		0xa9, 0xb7, 0x1a, 0x36, 0xa9, 0x7f, 0x96, 0xd3, 0x74, 0xe8, 0xa2, 0x8e, 0x4d, 0xd7, 0x8e, 0x38, 
		0xe5, 0x8a, 0x37, 0xf1, 0xb6, 0x2f, 0xad, 0x92, 0xca, 0x4d, 0xed, 0x7b, 0xc3, 0x53, 0xa7, 0x82, 
		0xd6, 0xbe, 0xb4, 0x0e, 0x1b, 0xde, 0x2c, 0xdf, 0x93, 0xfa, 0xb3, 0x30, 0x7c, 0xfd, 0x33, 0xcf, 
		0x69, 0xa0, 0x34, 0x5f, 0x72, 0xd3, 0x80, 0x63, 0xfe, 0xb1, 0xfc, 0x41, 0xd3, 0x11, 0xef, 0x7b, 
		0x43, 0xd9, 0x29, 0xdd, 0x72, 0xf7, 0x4f, 0x8f, 0x9d, 0x86, 0x13, 0xc2, 0x3f, 0x74, 0x4a, 0xd8, 
		0xef, 0x1f, 0x9e, 0x38, 0x4d, 0x8b, 0xd7, 0x3f, 0x3b, 0x75, 0x4c, 0x3c, 0xe9, 0x4b, 0xf3, 0x4b, 
		0x81, 0x16, 0xff, 0xe4, 0xd4, 0x31, 0x7d, 0x4e, 0xbe, 0x27, 0x75, 0x51, 0xc3, 0xdf, 0xea, 0x7b, 
		0x72, 0x05, 0x34, 0x9d, 0xb6, 0xbe, 0x27, 0x57, 0xaf, 0x96, 0x07, 0xd6, 0xf7, 0xa4, 0x00, 0x74, 
		0x7b, 0xbf, 0x7c, 0xef, 0x78, 0xe8, 0x98, 0xbe, 0x59, 0xdf, 0x93, 0xc3, 0x56, 0xba, 0xeb, 0x7c, 
		0x4f, 0x0a, 0xb9, 0xe9, 0x03, 0xf4, 0x3d, 0x69, 0xd8, 0xb4, 0x3c, 0x7d, 0xbe, 0x27, 0xa5, 0xbf, 
		0xf4, 0xeb, 0xf9, 0x9e, 0x5c, 0xe7, 0x9b, 0x6e, 0x42, 0xdf, 0x93, 0x53, 0xa9, 0xe9, 0xac, 0xf5, 
		0x3d, 0x39, 0xa7, 0x0d, 0x57, 0xad, 0xef, 0x49, 0xbe, 0x49, 0x4c, 0xe0, 0x9f, 0x9d, 0xe5, 0x1b, 
		0x78, 0x8d, 0x2b, 0x40, 0x8a, 0xbb, 0x3f, 0x56, 0x6e, 0x2d, 0xf5, 0xe5, 0x6e, 0x90, 0xc3, 0x51, 
		0xd5, 0x8a, 0x93, 0xef, 0x90, 0xc6, 0x65, 0xb8, 0x49, 0xa2, 0x80, 0x1b, 0x47, 0x76, 0xad, 0xde, 
		0x97, 0x5b, 0x7b, 0x4f, 0xdd, 0x3b, 0x1d, 0x8f, 0x8f, 0x4f, 0xc6, 0xe3, 0xe1, 0xc9, 0xe1, 0xc9, 
		0xf0, 0xec, 0xe8, 0xc8, 0x3b, 0x96, 0xba, 0x7b, 0xed, 0x6d, 0xf6, 0x56, 0x5a, 0xc9, 0x15, 0xa9, 
		0x24, 0x73, 0x32, 0x2a, 0xb7, 0x5d, 0x0b, 0x24, 0x6b, 0x27, 0x74, 0x34, 0x31, 0x02, 0x47, 0x93, 
		0x76, 0x64, 0x9f, 0xde, 0x4a, 0x90, 0xb6, 0x6e, 0x69, 0xb3, 0x15, 0x52, 0xcd, 0x83, 0x65, 0x2b, 
		0xb8, 0xa9, 0xa6, 0xad, 0x0e, 0x0c, 0x2a, 0x2c, 0x98, 0x3c, 0x8e, 0x61, 0x2f, 0xdd, 0xdf, 0xf2, 
		0xa0, 0x26, 0xa4, 0x5f, 0x3d, 0x0c, 0xe1, 0x4d, 0x4f, 0x2e, 0xbc, 0x49, 0x09, 0x81, 0x19, 0x1e, 
		0x5a, 0x91, 0xb6, 0x85, 0xf3, 0xf7, 0xd3, 0x55, 0x87, 0x1b, 0xc4, 0x75, 0x56, 0x93, 0xc4, 0xe4, 
		0x94, 0x41, 0xde, 0x6d, 0x6e, 0x9d, 0x6e, 0x6e, 0x41, 0x94, 0x72, 0x84, 0x1a, 0x6c, 0x7a, 0x1c, 
		0x93, 0x42, 0xe9, 0x78, 0x12, 0x66, 0x71, 0x88, 0xe3, 0xe0, 0x5a, 0x57, 0xf2, 0x35, 0xb1, 0xa9, 
		0x29, 0x2f, 0x7f, 0x42, 0x75, 0xa9, 0x96, 0x6b, 0xca, 0xf2, 0x49, 0xcb, 0xf4, 0x7a, 0xb1, 0x20, 
		0x82, 0xd3, 0xc0, 0xe5, 0x2c, 0x13, 0x66, 0x5e, 0xff, 0x8e, 0xc2, 0x8e, 0x5e, 0xd5, 0xb5, 0x50, 
		0x51, 0xcb, 0x72, 0x9f, 0xd6, 0x35, 0xf7, 0x5e, 0xe5, 0xe6, 0x5e, 0x67, 0x17, 0x6c, 0xcf, 0xb8, 
		0xee, 0x20, 0xc2, 0x19, 0xc7, 0x22, 0xa3, 0x82, 0x65, 0x69, 0x8e, 0x84, 0xab, 0xea, 0x8d, 0x82, 
		0x8e, 0x51, 0xaa, 0x6b, 0xa0, 0xf3, 0xcb, 0x0b, 0xcb, 0x23, 0x34, 0xe3, 0x2c, 0x33, 0x9b, 0x2f, 
		0x9f, 0x6f, 0x9f, 0x31, 0x05, 0x60, 0xef, 0xcd, 0xcc, 0x69, 0xc7, 0xee, 0xb6, 0x5a, 0xff, 0x93, 
		0xec, 0x16, 0x7a, 0xb3, 0xeb, 0xea, 0x7b, 0xf4, 0xa0, 0xb7, 0xa6, 0x94, 0xd9, 0xe7, 0x39, 0xa5, 
		0xcf, 0x15, 0x5b, 0x57, 0x9c, 0xf1, 0xa9, 0x2d, 0xcf, 0xcb, 0x37, 0x6f, 0xd0, 0x94, 0xf2, 0x54, 
		0xa8, 0xc4, 0xcb, 0x59, 0x5c, 0x9f, 0xbe, 0xa1, 0x02, 0x45, 0xf9, 0xde, 0xf6, 0xb7, 0x1f, 0xf4, 
		0xd9, 0xe4, 0x7b, 0xe5, 0x55, 0x29, 0x1d, 0x77, 0xf5, 0xac, 0xbc, 0xa6, 0x47, 0x65, 0x2b, 0xcd, 
		0xfd, 0xa0, 0x28, 0x54, 0xb7, 0xca, 0x49, 0x4b, 0xda, 0x9c, 0xb6, 0x56, 0xcf, 0xfa, 0x2c, 0xd5, 
		0x7e, 0x53, 0xe3, 0x50, 0x7b, 0xb3, 0xc4, 0xd2, 0xa9, 0xf6, 0x05, 0x8d, 0x33, 0x61, 0x18, 0xf9, 
		0x25, 0xc5, 0xd2, 0xc1, 0xc1, 0x45, 0x3e, 0xaf, 0xea, 0xc6, 0xac, 0x3c, 0x99, 0xd7, 0x50, 0xcc, 
		0x85, 0x38, 0xd6, 0x77, 0xf3, 0xd0, 0x18, 0x35, 0xfb, 0xb2, 0xa3, 0x6a, 0x64, 0xbc, 0x01, 0xb6, 
		0xbf, 0x71, 0x06, 0xc5, 0xc5, 0x44, 0x5a, 0x03, 0x4b, 0x8a, 0xa5, 0x31, 0x4f, 0x49, 0x60, 0x36, 
		0xe6, 0x5b, 0xc6, 0xbc, 0xd9, 0x97, 0x1d, 0x4d, 0xa3, 0xe9, 0x8d, 0xc7, 0x9b, 0xb8, 0x74, 0xca, 
		0xa3, 0x93, 0x39, 0x08, 0x78, 0x64, 0x8b, 0x1f, 0xac, 0x96, 0x9d, 0x52, 0x37, 0x0f, 0x6f, 0xb5, 
		0xec, 0x82, 0xc9, 0xc2, 0x67, 0xed, 0x45, 0xbe, 0xa6, 0xd9, 0x4a, 0x5a, 0x43, 0x8a, 0x4b, 0xe9, 
		0xdc, 0x00, 0x1b, 0xe7, 0x90, 0x1a, 0x05, 0xb6, 0x92, 0xa7, 0x94, 0xad, 0xe8, 0x6a, 0xd9, 0x2d, 
		0x47, 0xf2, 0x8b, 0x1a, 0x70, 0xd6, 0xb9, 0x63, 0x75, 0xa7, 0x49, 0x73, 0xac, 0x4b, 0x8a, 0xa5, 
		0x41, 0x5e, 0x52, 0x2e, 0x32, 0x1c, 0xb9, 0x46, 0x12, 0x61, 0x8d, 0xd8, 0xba, 0xcd, 0xb4, 0x28, 
		0xaa, 0x33, 0x2e, 0xa0, 0x29, 0x5e, 0xd0, 0xe8, 0xda, 0x5e, 0xf6, 0x63, 0xb7, 0x68, 0x80, 0xc1, 
		0xd3, 0xaa, 0x51, 0x0d, 0x38, 0x72, 0x81, 0xce, 0xbb, 0x9b, 0x6d, 0xcb, 0x23, 0x12, 0x67, 0x0b, 
		0xd2, 0x3c, 0x05, 0xb9, 0xe2, 0x8c, 0x5c, 0x1e, 0xc8, 0x3d, 0x70, 0xd4, 0x61, 0x39, 0x9a, 0x2c, 
		0x8f, 0x8d, 0xd0, 0x4e, 0x39, 0x82, 0xc3, 0x3c, 0xb8, 0x69, 0xe0, 0x7b, 0xa5, 0xb8, 0x2d, 0xc7, 
		0x1d, 0xd7, 0x99, 0x18, 0xe4, 0x36, 0x8b, 0x96, 0xe3, 0x92, 0x49, 0xf6, 0xd2, 0x71, 0x97, 0x0a, 
		0x50, 0x69, 0xf1, 0x2e, 0xcd, 0x58, 0x2c, 0x27, 0xa0, 0x84, 0x36, 0x4d, 0xb8, 0x40, 0xbe, 0x06, 
		0x51, 0x96, 0x2a, 0x72, 0x2d, 0x85, 0x15, 0xad, 0xe5, 0x4d, 0xd4, 0x4a, 0x7a, 0xe6, 0x3a, 0x74, 
		0x3a, 0x32, 0x9f, 0x5b, 0x6d, 0x62, 0x63, 0x5a, 0x95, 0xe9, 0x21, 0x9c, 0xc1, 0x05, 0x16, 0x82, 
		0xf0, 0x78, 0xe0, 0x7f, 0x1a, 0xec, 0xed, 0x7d, 0x1a, 0xba, 0x67, 0x9f, 0xff, 0xfc, 0xe4, 0xb9, 
		0x67, 0x9f, 0xf3, 0x3f, 0x3d, 0xf5, 0x4f, 0xfe, 0xf7, 0xe8, 0xd3, 0xd0, 0x1d, 0x97, 0x7f, 0x1f, 
		0x7d, 0x1a, 0xba, 0x47, 0x9f, 0xf7, 0x7f, 0xff, 0xfd, 0x60, 0xff, 0x8f, 0xc3, 0x9b, 0xcd, 0x7f, 
		0xb8, 0xf7, 0x3f, 0x9f, 0x7e, 0xff, 0x3d, 0xf9, 0xe3, 0xfd, 0x8d, 0xfc, 0xef, 0xdb, 0x9b, 0xcf, 
		0x7f, 0xdd, 0xff, 0xfb, 0x60, 0xd5, 0x0e, 0x72, 0xf3, 0x6e, 0xc6, 0x83, 0x83, 0xe7, 0x95, 0x16, 
		0x45, 0x3f, 0xa0, 0x67, 0x34, 0x79, 0xf6, 0x2d, 0x57, 0x31, 0x76, 0xbd, 0xae, 0xf4, 0x26, 0x25, 
		0xcb, 0xe3, 0x6e, 0x1d, 0x75, 0x7c, 0x9b, 0x8e, 0x3a, 0x06, 0x1d, 0x05, 0x3a, 0x6a, 0x2b, 0x74, 
		0xd4, 0xf2, 0xd8, 0x4d, 0x5a, 0x2d, 0xd0, 0xa8, 0xf6, 0xb5, 0x56, 0xab, 0x29, 0x2d, 0xa5, 0xe5, 
		0xff, 0x29, 0x55, 0x0b, 0x76, 0xa7, 0xe7, 0xee, 0xeb, 0xcf, 0x7f, 0x0c, 0x9d, 0xf1, 0xcd, 0xbe, 
		0xbf, 0xbf, 0xd7, 0xa4, 0xf9, 0xfb, 0x7f, 0x0c, 0x9d, 0xa3, 0x9b, 0xbd, 0xbd, 0x8e, 0x92, 0xbf, 
		0x77, 0xbd, 0x63, 0xff, 0xcf, 0xbd, 0xbd, 0xbd, 0x42, 0x5d, 0x19, 0x2a, 0xec, 0xd3, 0xd0, 0xfb, 
		0xfc, 0x77, 0xf5, 0x67, 0xfe, 0xdf, 0x4a, 0x09, 0xae, 0x55, 0x79, 0x7f, 0x7f, 0xef, 0x79, 0xa1, 
		0x68, 0xf7, 0xff, 0xcc, 0xff, 0xfd, 0x63, 0x74, 0xb3, 0xff, 0xe7, 0x9e, 0xd4, 0x98, 0xde, 0xe7, 
		0xb2, 0xc0, 0x93, 0x2f, 0x39, 0x95, 0xd5, 0x07, 0x8e, 0x54, 0xcc, 0xff, 0xd7, 0xff, 0xfc, 0x57, 
		0x7f, 0xff, 0x8f, 0xe3, 0x9b, 0xf2, 0x6f, 0xf5, 0xdf, 0xfd, 0x3f, 0xf7, 0x0e, 0xfe, 0xf2, 0xfb, 
		0xef, 0x07, 0x07, 0x7f, 0xd9, 0xcf, 0xdb, 0x5b, 0xd4, 0xfb, 0x4b, 0x5e, 0xfa, 0x77, 0xdf, 0x6f, 
		0x91, 0xf6, 0xf7, 0x9e, 0x1f, 0xfc, 0x75, 0xff, 0x1b, 0x74, 0xed, 0xf2, 0xf8, 0x81, 0xb5, 0xad, 
		0x7c, 0xa1, 0xb9, 0xd5, 0xac, 0xdb, 0xc8, 0x8f, 0xe5, 0x6c, 0xb2, 0xe3, 0xe4, 0x72, 0x06, 0x9c, 
		0x52, 0x1d, 0xf7, 0x53, 0xda, 0x76, 0x10, 0x75, 0xed, 0x61, 0xe7, 0xa7, 0x9d, 0xa6, 0x94, 0x70, 
		0x44, 0x43, 0xb5, 0x6f, 0x21, 0xe6, 0x04, 0x5d, 0xfe, 0x64, 0x7d, 0xc5, 0xf9, 0x16, 0x40, 0x7e, 
		0x80, 0x3e, 0xce, 0x69, 0xaa, 0x25, 0x76, 0xcb, 0x2f, 0x33, 0x4d, 0x55, 0xdf, 0x1a, 0x75, 0x11, 
		0x9b, 0x22, 0x1c, 0x45, 0x75, 0xe2, 0xb7, 0x10, 0x29, 0xef, 0x60, 0x2f, 0xfc, 0xb7, 0xbd, 0x59, 
		0xac, 0x7a, 0x98, 0xee, 0xe8, 0x7b, 0xfa, 0xb6, 0x8f, 0x8f, 0x8e, 0x0e, 0x37, 0x71, 0x7a, 0xe4, 
		0x9b, 0x1a, 0x79, 0x24, 0x3a, 0x8d, 0x53, 0xc2, 0x73, 0xf9, 0xd4, 0x76, 0x14, 0x9a, 0x65, 0xed, 
		0x9b, 0xcc, 0x1a, 0x35, 0xd0, 0x79, 0x92, 0xbc, 0xc7, 0x4b, 0xf4, 0x22, 0x8f, 0x13, 0x8d, 0xb4, 
		0xcb, 0x0f, 0xb7, 0x04, 0xc6, 0x17, 0x47, 0x69, 0xbd, 0xfc, 0x24, 0xe8, 0x7f, 0x18, 0x31, 0xa0, 
		0x7c, 0x41, 0x92, 0x03, 0x94, 0x87, 0xaf, 0x0f, 0x0b, 0x36, 0xce, 0x33, 0x11, 0xaa, 0x80, 0xf9, 
		0x9a, 0x7b, 0x25, 0xa9, 0xc5, 0xb4, 0xa2, 0x40, 0xcd, 0xeb, 0x94, 0x44, 0x24, 0x10, 0x24, 0xac, 
		0x95, 0x9b, 0x75, 0x86, 0x75, 0xdd, 0x59, 0x5c, 0x7d, 0xa5, 0xec, 0x5c, 0x4e, 0x68, 0xe5, 0x8d, 
		0x24, 0x65, 0xfe, 0x28, 0x34, 0xe5, 0x6c, 0x81, 0x70, 0xcc, 0xc4, 0x9c, 0x70, 0x54, 0x55, 0xb7, 
		0xa2, 0x9d, 0x05, 0x59, 0x24, 0x91, 0x19, 0x4d, 0x5f, 0x91, 0xee, 0xec, 0x01, 0xd2, 0xaa, 0x5a, 
		0x6d, 0xbd, 0xdb, 0xc8, 0x35, 0x65, 0xd2, 0x2d, 0x35, 0x6e, 0x41, 0xb8, 0xb1, 0xe3, 0x90, 0x3f, 
		0x37, 0x99, 0xaa, 0xa8, 0x28, 0x3f, 0x04, 0x26, 0x57, 0xae, 0x09, 0x8d, 0xc3, 0x5e, 0xc6, 0x3c, 
		0x39, 0x1b, 0x72, 0xbb, 0x47, 0x79, 0x2e, 0x4b, 0xf3, 0xad, 0xd9, 0xd0, 0x87, 0xb3, 0xe4, 0xea, 
		0x75, 0x2c, 0x55, 0x6a, 0xbd, 0xab, 0x5f, 0x2c, 0xaf, 0xee, 0x4e, 0xae, 0xef, 0xec, 0x9b, 0x7a, 
		0x8b, 0x6c, 0x77, 0xc3, 0x36, 0x94, 0x15, 0x3b, 0x8d, 0x73, 0xed, 0xdd, 0x9a, 0x89, 0xfe, 0xa0, 
		0x8d, 0xa9, 0x97, 0x45, 0x1e, 0xe9, 0x81, 0x89, 0xea, 0xb1, 0x33, 0x80, 0x46, 0x99, 0xa3, 0x1f, 
		0xe6, 0x58, 0x5a, 0x60, 0x97, 0x34, 0xfd, 0x82, 0xde, 0xd2, 0xf8, 0x4b, 0xb1, 0xa5, 0x59, 0xe8, 
		0x91, 0x80, 0x2d, 0x16, 0x58, 0xdf, 0x5a, 0x7f, 0xec, 0xe0, 0x37, 0xc3, 0x0c, 0x9a, 0x75, 0xdd, 
		0x05, 0x7b, 0xf9, 0xb6, 0xda, 0x86, 0x7d, 0x69, 0xab, 0x99, 0xb9, 0xaf, 0x45, 0xdb, 0xea, 0x28, 
		0x7c, 0x2f, 0xb7, 0x34, 0xb5, 0x3f, 0xfe, 0x99, 0xef, 0x79, 0x0e, 0x65, 0x3c, 0x3a, 0x1b, 0x9f, 
		0x1d, 0x9f, 0x8c, 0xce, 0xd6, 0xb6, 0xed, 0x1e, 0x13, 0x37, 0xaa, 0x9b, 0x87, 0x82, 0x2f, 0x57, 
		0x34, 0x25, 0x6e, 0xb1, 0x3b, 0x65, 0x68, 0xaa, 0x66, 0xd9, 0xea, 0x03, 0x1d, 0xad, 0xba, 0x28, 
		0x92, 0x73, 0xa9, 0x71, 0x72, 0xe2, 0xb1, 0x91, 0x5d, 0x86, 0x23, 0xb7, 0xc8, 0xb1, 0x11, 0x12, 
		0x41, 0x82, 0x86, 0x8d, 0xdc, 0x5d, 0xde, 0xc3, 0x85, 0x4d, 0xf2, 0x52, 0xab, 0xa2, 0x1e, 0x7b, 
		0x30, 0x71, 0xfa, 0x10, 0x70, 0x51, 0x4a, 0x71, 0x1c, 0x4e, 0xae, 0x4d, 0xd9, 0x55, 0x94, 0xa6, 
		0xc4, 0xfe, 0xfc, 0xe1, 0xf2, 0xa2, 0x15, 0x5f, 0x93, 0x95, 0x98, 0xdd, 0xb2, 0xb2, 0x9f, 0x4c, 
		0x75, 0x65, 0x2f, 0x9f, 0x56, 0x44, 0xa1, 0xab, 0x5e, 0xfc, 0xf8, 0xfa, 0x25, 0xda, 0xfb, 0xe5, 
		0xc7, 0x0f, 0xbf, 0xbc, 0x7d, 0xf5, 0xf1, 0x95, 0xf5, 0x6b, 0xa6, 0x7b, 0x74, 0x65, 0x67, 0x95, 
		0xff, 0xc6, 0xbc, 0xad, 0x4a, 0x23, 0xde, 0xc1, 0x56, 0xf3, 0xda, 0x74, 0x75, 0x5a, 0xaf, 0x8f, 
		0xb7, 0xa6, 0x3b, 0x03, 0x15, 0xfa, 0x6b, 0xb8, 0xad, 0xe4, 0xf3, 0x0a, 0x99, 0xa7, 0x82, 0xe2, 
		0x88, 0xa6, 0xb9, 0xa8, 0x97, 0x35, 0xed, 0x00, 0x0f, 0x1a, 0xd3, 0x45, 0x8e, 0xe0, 0xeb, 0x98, 
		0x57, 0x45, 0x69, 0x36, 0xfd, 0x5d, 0x4e, 0x6f, 0x34, 0xb7, 0xf7, 0x2e, 0xa0, 0xfb, 0x9d, 0xc0, 
		0xf3, 0x36, 0x3a, 0xb1, 0xea, 0x0c, 0x38, 0x89, 0x18, 0xd6, 0x35, 0x46, 0x41, 0x68, 0x32, 0xf1, 
		0xa5, 0x0a, 0x10, 0xc7, 0x53, 0x41, 0x38, 0xaa, 0xaa, 0x00, 0x27, 0x8d, 0x15, 0x64, 0x81, 0x03, 
		0x97, 0x93, 0x29, 0x27, 0xa9, 0x7e, 0xc5, 0x86, 0x4e, 0x6d, 0xfb, 0xb6, 0x15, 0x1d, 0xbd, 0x3b, 
		0x7f, 0x81, 0x54, 0x46, 0x0d, 0xc4, 0x62, 0x94, 0xa7, 0x21, 0x42, 0x93, 0x6b, 0x94, 0x10, 0x4e, 
		0x59, 0x48, 0x03, 0x1c, 0x45, 0xd7, 0x28, 0x25, 0x0a, 0x33, 0xa3, 0x22, 0x62, 0x5f, 0x39, 0x27, 
		0x4a, 0x3b, 0x69, 0x81, 0x03, 0xa4, 0x6f, 0xc8, 0x56, 0x7a, 0xc7, 0x1b, 0x5a, 0xd7, 0x3a, 0x3d, 
		0xca, 0xf1, 0xae, 0xce, 0xd0, 0x51, 0x4e, 0x02, 0x61, 0x08, 0x7c, 0x41, 0xba, 0xc5, 0x30, 0x2d, 
		0x58, 0xcf, 0xa6, 0xe8, 0xcd, 0x8b, 0x77, 0x17, 0xe8, 0xb2, 0xf8, 0x49, 0x19, 0x47, 0x9d, 0xa2, 
		0x2b, 0x2a, 0xe6, 0x08, 0xc7, 0xb9, 0xf6, 0x2f, 0x47, 0x45, 0x0b, 0xc4, 0xc2, 0xb9, 0x13, 0x7f, 
		0x86, 0x05, 0xb9, 0xc2, 0xd7, 0x3d, 0xb8, 0x29, 0x0a, 0x87, 0x4b, 0xc2, 0x05, 0x4d, 0x9b, 0x9b, 
		0x16, 0x26, 0xbd, 0x63, 0x2f, 0x26, 0xef, 0xb8, 0x51, 0xad, 0x62, 0x83, 0xb5, 0xce, 0x64, 0x62, 
		0x4e, 0x62, 0x41, 0x03, 0xdc, 0x30, 0xce, 0x1b, 0x05, 0xcd, 0xee, 0x9c, 0x37, 0x8b, 0xed, 0xac, 
		0x64, 0xe1, 0x91, 0xae, 0x2e, 0xc2, 0xa3, 0xce, 0x1b, 0xc8, 0xde, 0xbd, 0x3c, 0x42, 0xad, 0xee, 
		0xd8, 0x6a, 0x6f, 0x3b, 0x62, 0x57, 0x23, 0x5a, 0x0a, 0xd9, 0xfd, 0x42, 0xae, 0xdd, 0x60, 0x8e, 
		0x8d, 0x63, 0x30, 0x35, 0xcd, 0x52, 0x0c, 0xe7, 0x5d, 0x8d, 0x6a, 0xee, 0xa6, 0x08, 0xf4, 0x85, 
		0x5c, 0x23, 0xb3, 0xc9, 0x3d, 0xf2, 0x31, 0xde, 0x38, 0xaa, 0xf5, 0x69, 0xb5, 0x61, 0xa2, 0x75, 
		0xa9, 0x51, 0xdf, 0x02, 0xa3, 0x6f, 0x6f, 0x56, 0x37, 0xab, 0x9b, 0xbd, 0x7c, 0xec, 0x83, 0xc3, 
		0x01, 0xbf, 0x4e, 0x74, 0xfd, 0x5b, 0x52, 0x6c, 0x23, 0xb1, 0x0d, 0x37, 0xcd, 0x86, 0xc5, 0x8e, 
		0xd9, 0x89, 0xb1, 0x59, 0x36, 0x54, 0x8d, 0x3e, 0xa9, 0x62, 0x5e, 0x5b, 0x03, 0xd4, 0xe0, 0x7e, 
		0x7f, 0x24, 0xdd, 0x19, 0x08, 0xba, 0x20, 0xe6, 0x7d, 0x30, 0x25, 0xa5, 0x4b, 0x94, 0xea, 0x32, 
		0xeb, 0xb6, 0xd6, 0xf7, 0xb4, 0x89, 0x0f, 0x47, 0x27, 0xc7, 0x6b, 0xe7, 0xf8, 0x68, 0x5c, 0x3e, 
		0x27, 0x59, 0xc4, 0xd3, 0x06, 0x3f, 0x79, 0x3b, 0x80, 0xf0, 0x3c, 0xfc, 0xdf, 0x2c, 0x15, 0xa8, 
		0x34, 0xcb, 0x50, 0x55, 0xad, 0xd7, 0x76, 0xd2, 0x96, 0x0c, 0xbb, 0x77, 0x4f, 0x2c, 0x74, 0xba, 
		0x09, 0xa6, 0x9c, 0xb3, 0x28, 0x6c, 0xec, 0x85, 0x57, 0xa4, 0xad, 0xe1, 0xd4, 0xe1, 0x3d, 0x67, 
		0xc8, 0xf1, 0x86, 0xa0, 0xb1, 0x4a, 0xb4, 0x57, 0xb7, 0xb1, 0xba, 0x03, 0x67, 0x85, 0xf1, 0x2d, 
		0x18, 0x8a, 0x59, 0xec, 0x2a, 0xac, 0xc1, 0x59, 0x26, 0xca, 0x59, 0xd4, 0x7f, 0x6f, 0x93, 0xe6, 
		0x67, 0x2d, 0xf2, 0x0e, 0x37, 0x9d, 0xad, 0xe5, 0xe5, 0x30, 0x80, 0x23, 0xee, 0xd5, 0xfa, 0x46, 
		0x9b, 0xad, 0x9d, 0x8e, 0xef, 0x80, 0x34, 0x76, 0x4e, 0xc5, 0x6f, 0x19, 0xb6, 0xfa, 0x06, 0xbc, 
		0xd0, 0x23, 0x3f, 0x7e, 0xdb, 0xa0, 0xb2, 0xe9, 0xc8, 0xff, 0x36, 0x68, 0xd0, 0xc5, 0x56, 0x40, 
		0x09, 0xdf, 0x0d, 0x25, 0xd8, 0x14, 0x94, 0xad, 0x81, 0x27, 0x36, 0x99, 0x74, 0x2f, 0x5c, 0xd4, 
		0x23, 0xdd, 0xd4, 0x2b, 0x88, 0x64, 0x6f, 0x20, 0xad, 0xca, 0x90, 0x72, 0x16, 0x36, 0xb7, 0x56, 
		0x35, 0x22, 0x38, 0x36, 0xc1, 0xb1, 0x09, 0x8e, 0x4d, 0x70, 0x6c, 0x6e, 0x87, 0xc9, 0xb2, 0x4d, 
		0x96, 0x03, 0x38, 0x36, 0xbf, 0x83, 0x63, 0x93, 0x7c, 0x35, 0xb8, 0x29, 0x1f, 0x2d, 0x29, 0x8b, 
		0xee, 0xa6, 0x98, 0xa3, 0x7a, 0x11, 0x49, 0xb0, 0x28, 0x8b, 0x56, 0x61, 0xde, 0xfe, 0x48, 0xab, 
		0xac, 0x95, 0xbf, 0xbb, 0xaa, 0x75, 0x95, 0xdf, 0x59, 0x67, 0x85, 0xbd, 0xb7, 0x35, 0xa5, 0x4f, 
		0x4c, 0xcb, 0x19, 0x37, 0x65, 0x51, 0xc4, 0xae, 0xb4, 0xba, 0x05, 0xa1, 0x29, 0x10, 0xb2, 0x14, 
		0xb1, 0x69, 0x1e, 0xbb, 0xa0, 0x0e, 0x11, 0x22, 0xc1, 0x50, 0x55, 0xb9, 0x6f, 0xdd, 0x2b, 0xd2, 
		0xa2, 0xb9, 0x71, 0xb6, 0x98, 0x10, 0xae, 0xd5, 0x35, 0xc8, 0x9d, 0xf1, 0x6b, 0x79, 0xe7, 0xf2, 
		0x1a, 0x07, 0xe8, 0x43, 0x96, 0x24, 0x8c, 0x0b, 0x12, 0x22, 0x2e, 0x75, 0x89, 0x3a, 0x45, 0x9a, 
		0xc7, 0x6f, 0x10, 0x9e, 0x52, 0x16, 0x23, 0x0f, 0xd1, 0x14, 0xfd, 0x9e, 0x0d, 0x87, 0x87, 0xc1, 
		0xd0, 0x1d, 0x1d, 0x1d, 0xa9, 0x3f, 0x89, 0x4a, 0x68, 0x55, 0x52, 0xc7, 0xc3, 0xb3, 0x92, 0xdc, 
		0xfa, 0xf9, 0xc8, 0x36, 0xf3, 0xbe, 0xb7, 0xd2, 0x94, 0x9d, 0xdf, 0xe4, 0x30, 0x66, 0x2b, 0x25, 
		0xc8, 0xea, 0x00, 0x4a, 0xc9, 0xe3, 0x54, 0x2e, 0x3f, 0x73, 0xd2, 0x15, 0x4e, 0x63, 0xdf, 0x27, 
		0xd3, 0xce, 0x8a, 0xd1, 0x0c, 0xe8, 0x81, 0x4c, 0x27, 0xb7, 0x64, 0x3a, 0xb1, 0xea, 0xe6, 0x51, 
		0x89, 0x2e, 0x31, 0x37, 0x42, 0xbd, 0x2b, 0x5a, 0x2b, 0x7a, 0x14, 0x7f, 0x21, 0x48, 0xcc, 0x69, 
		0x6a, 0x84, 0x73, 0xa1, 0xea, 0x07, 0x6b, 0x8a, 0x27, 0x44, 0x54, 0x5b, 0xb9, 0x1d, 0xc5, 0x79, 
		0x34, 0xa9, 0xca, 0xaf, 0x9b, 0x33, 0x5d, 0x1a, 0x35, 0xed, 0xfe, 0xba, 0x0e, 0x14, 0xdc, 0x56, 
		0x2a, 0x38, 0x5d, 0xcf, 0x74, 0xa4, 0x50, 0x6a, 0x97, 0xc1, 0x30, 0x6f, 0xfb, 0x30, 0x7f, 0xaf, 
		0xe5, 0xe4, 0xd1, 0x47, 0xe2, 0x1d, 0x8e, 0x43, 0x2c, 0x98, 0xec, 0x91, 0xb7, 0xce, 0x3d, 0x11, 
		0xe5, 0xc9, 0xe3, 0xba, 0xbd, 0x8f, 0x74, 0xfa, 0xd0, 0xce, 0x7d, 0x5b, 0x65, 0x22, 0x47, 0x5d, 
		0x54, 0x8f, 0x6f, 0xd5, 0xf0, 0x2a, 0x27, 0x5a, 0x7f, 0x8c, 0x82, 0x2c, 0x36, 0xbc, 0x5f, 0x67, 
		0x65, 0x85, 0x4f, 0x46, 0x8f, 0xee, 0x9e, 0x7c, 0x5b, 0x97, 0x79, 0xaa, 0x63, 0x0a, 0x3f, 0x74, 
		0x76, 0xa9, 0xff, 0x39, 0x28, 0x0c, 0x5c, 0x93, 0x97, 0x90, 0xc4, 0xeb, 0xbb, 0x24, 0xf1, 0x72, 
		0xee, 0xed, 0xd7, 0xc5, 0x99, 0x60, 0x85, 0x6d, 0x66, 0xa4, 0x77, 0xa9, 0xc9, 0x2a, 0xb3, 0x8b, 
		0x5d, 0xa4, 0xa2, 0x44, 0xa7, 0xc3, 0xaa, 0xac, 0xa9, 0x77, 0x6a, 0x9d, 0x7e, 0x1a, 0x97, 0xaa, 
		0x0b, 0x11, 0x8d, 0xbf, 0xb8, 0x11, 0x0b, 0xcc, 0xdb, 0x4a, 0x1a, 0x25, 0x9d, 0xe9, 0x25, 0xeb, 
		0x72, 0x6b, 0x6b, 0x24, 0xa8, 0x54, 0x8b, 0x2a, 0xf5, 0xbb, 0x4d, 0xf6, 0x62, 0xce, 0xfd, 0xbb, 
		0x33, 0x29, 0xe4, 0xbf, 0x9b, 0x4a, 0xfc, 0x91, 0x2f, 0x68, 0x6d, 0x7e, 0x00, 0x72, 0x54, 0xee, 
		0xfa, 0xf2, 0x56, 0x9b, 0xd6, 0x15, 0x83, 0x1f, 0xef, 0xf2, 0x91, 0x05, 0x0e, 0x3a, 0x80, 0xab, 
		0x4e, 0x5d, 0x91, 0x80, 0x5e, 0x9d, 0x66, 0xed, 0x89, 0x5e, 0xee, 0xdc, 0x3f, 0x68, 0x64, 0x76, 
		0x2a, 0xf2, 0x24, 0xad, 0xcc, 0x3a, 0x29, 0xcb, 0x9b, 0xdb, 0xe9, 0x7d, 0xea, 0x4e, 0xc2, 0x89, 
		0x04, 0x65, 0xa6, 0x66, 0x50, 0x94, 0x66, 0xa7, 0x7e, 0x59, 0x12, 0x2e, 0xe6, 0x9c, 0x5d, 0xa1, 
		0x88, 0x5d, 0x11, 0x8e, 0x12, 0x4e, 0x19, 0xa7, 0xe2, 0x1a, 0x9d, 0xab, 0xfc, 0x25, 0x5a, 0x30, 
		0xb9, 0xa5, 0x24, 0x9a, 0xeb, 0x64, 0x22, 0xf8, 0x17, 0xa6, 0x02, 0x4d, 0xc8, 0x94, 0x71, 0x82, 
		0x8a, 0x8e, 0x5a, 0x0c, 0x74, 0x58, 0x3f, 0x0d, 0x41, 0x71, 0x82, 0x5e, 0xa0, 0x88, 0xe0, 0x54, 
		0xe4, 0x3e, 0x80, 0x88, 0xd9, 0x97, 0xa9, 0xef, 0xbe, 0xb5, 0xbe, 0xc9, 0x89, 0x08, 0x48, 0x48, 
		0xf0, 0x60, 0x8c, 0x4c, 0xaf, 0x63, 0xe3, 0x76, 0x30, 0xf9, 0xd8, 0x39, 0x97, 0xa6, 0x8c, 0x4b, 
		0x48, 0xa0, 0xdd, 0x21, 0x15, 0x44, 0x74, 0xab, 0x4e, 0x35, 0x3d, 0xca, 0x51, 0x1d, 0x6b, 0xde, 
		0xa6, 0x52, 0x4b, 0x1b, 0x0a, 0xbe, 0x20, 0xb5, 0x82, 0x3b, 0x4a, 0x8d, 0x1e, 0x91, 0x25, 0x89, 
		0x9a, 0xb9, 0x20, 0x20, 0x19, 0x04, 0x24, 0x83, 0xe8, 0xde, 0x04, 0x80, 0x64, 0x10, 0x3d, 0x39, 
		0xc4, 0xf5, 0x84, 0x0e, 0x2c, 0xd9, 0x5e, 0x5f, 0xfa, 0x75, 0xae, 0x02, 0xe2, 0x7c, 0xfb, 0x1e, 
		0xe7, 0x0b, 0x47, 0x93, 0x7a, 0x3e, 0x85, 0x20, 0xb2, 0x19, 0xce, 0x23, 0xc1, 0xa7, 0xfb, 0xff, 
		0x69, 0xc8, 0x05, 0xd2, 0x0b, 0x7d, 0xf2, 0xfd, 0x73, 0x81, 0xd8, 0x14, 0x31, 0x48, 0x42, 0xd2, 
		0xf7, 0x31, 0xb2, 0x2a, 0x1e, 0x0f, 0x96, 0x76, 0x05, 0xc2, 0x7b, 0x7b, 0x30, 0x9a, 0xeb, 0xae, 
		0x27, 0x3f, 0x93, 0x28, 0x62, 0x2a, 0x26, 0x42, 0xea, 0x02, 0xcb, 0xcb, 0xc9, 0x5c, 0x36, 0xc6, 
		0x55, 0x79, 0xc4, 0x97, 0x46, 0x0c, 0x44, 0xa3, 0xa0, 0x17, 0xcd, 0x6b, 0x1f, 0x8c, 0xee, 0x2e, 
		0xb7, 0x95, 0x70, 0x26, 0x25, 0xba, 0xb3, 0x5b, 0x3d, 0xda, 0x4a, 0x39, 0xd3, 0xd9, 0x94, 0xee, 
		0x0b, 0xe0, 0x14, 0x0f, 0x51, 0xc9, 0x43, 0x44, 0x63, 0xb4, 0xa0, 0x51, 0x44, 0xf3, 0x68, 0x50, 
		0xeb, 0xda, 0x65, 0x03, 0x53, 0x62, 0x3d, 0xb7, 0x6b, 0x73, 0x9d, 0x3a, 0x3b, 0x3b, 0xdb, 0x2c, 
		0x45, 0x7f, 0xc1, 0x97, 0x66, 0xa0, 0x6d, 0x6a, 0x6b, 0xac, 0xef, 0x6e, 0x50, 0xdf, 0xfd, 0xec, 
		0xf7, 0xbd, 0x85, 0x6f, 0xbc, 0xe1, 0x61, 0xd9, 0xdc, 0x20, 0x73, 0xa5, 0xc6, 0x6d, 0x58, 0x64, 
		0x39, 0xcd, 0x96, 0x92, 0x2b, 0x1b, 0xd0, 0xa1, 0xdf, 0x9a, 0x45, 0xa0, 0xda, 0x36, 0x52, 0x6d, 
		0xe5, 0x02, 0xbb, 0xbd, 0x5a, 0xed, 0xe8, 0x9e, 0xd6, 0xf7, 0xa6, 0x79, 0xe3, 0x41, 0xad, 0xf5, 
		0x46, 0xad, 0x6d, 0x76, 0x7b, 0x66, 0x71, 0xfe, 0x9f, 0xe3, 0x40, 0xbf, 0x59, 0x27, 0x7f, 0x5e, 
		0xb9, 0x33, 0xab, 0x8a, 0x2d, 0xba, 0xec, 0x37, 0xbb, 0xaa, 0xb6, 0x6a, 0x76, 0x55, 0x65, 0xef, 
		0x25, 0x49, 0x38, 0x09, 0xb0, 0x20, 0xa1, 0x83, 0xb2, 0x94, 0xe4, 0x1d, 0x72, 0xf3, 0xcb, 0xfd, 
		0xd2, 0xe7, 0xf9, 0x53, 0x7d, 0x5b, 0x2d, 0x8d, 0x53, 0x41, 0x70, 0x68, 0xff, 0xd0, 0x43, 0x6f, 
		0x44, 0x67, 0x3d, 0xa0, 0x14, 0x56, 0x5c, 0xfe, 0x36, 0xa8, 0xa4, 0xbd, 0xa7, 0x00, 0x4b, 0xad, 
		0x83, 0xf3, 0xd5, 0x91, 0x79, 0xeb, 0x03, 0xf4, 0x3d, 0x2f, 0xc7, 0xf5, 0x36, 0xbb, 0x18, 0xe5, 
		0x5e, 0x17, 0xba, 0xaa, 0x04, 0x03, 0x6b, 0x4d, 0x90, 0xf2, 0x5d, 0xbd, 0x99, 0x1f, 0xf7, 0x74, 
		0x25, 0x7c, 0x3f, 0x31, 0x35, 0xb8, 0xd6, 0x54, 0xaf, 0x15, 0x7d, 0x55, 0x9c, 0x46, 0x7e, 0x43, 
		0x51, 0x51, 0x4b, 0x85, 0x38, 0x95, 0x09, 0x66, 0x4b, 0xf5, 0x6c, 0xc5, 0x98, 0x6b, 0x68, 0xc7, 
		0x56, 0xb7, 0x74, 0x45, 0x6c, 0x27, 0x83, 0xcc, 0x06, 0x0d, 0xbc, 0x6b, 0xa5, 0xb0, 0x2d, 0xd2, 
		0xfd, 0x51, 0xf9, 0xb5, 0x9d, 0xe0, 0x76, 0xe8, 0x95, 0x46, 0x81, 0xd5, 0x91, 0x5f, 0xa7, 0x79, 
		0xb7, 0x29, 0x3f, 0xdb, 0x63, 0xde, 0x71, 0x3c, 0xf5, 0x46, 0x8b, 0xa3, 0xaf, 0x96, 0xba, 0x47, 
		0x3b, 0xa1, 0x9a, 0x7f, 0xb7, 0x91, 0x9b, 0xe6, 0x71, 0xbe, 0xee, 0x0c, 0xb2, 0x94, 0xb8, 0x13, 
		0x8a, 0xf5, 0x39, 0x51, 0x50, 0x3a, 0xf3, 0xe3, 0x64, 0x29, 0x49, 0xeb, 0x8b, 0x0d, 0x9f, 0xa5, 
		0x68, 0x92, 0xf1, 0x58, 0x5d, 0x4d, 0x6e, 0x3b, 0x42, 0x2d, 0x0d, 0x98, 0x19, 0x78, 0xa0, 0x9e, 
		0x57, 0x61, 0x4f, 0x75, 0xaf, 0xba, 0xac, 0x81, 0xd8, 0x14, 0xd5, 0x3d, 0xb6, 0x73, 0xd4, 0xad, 
		0xba, 0xd6, 0x5d, 0xfb, 0x86, 0x76, 0xd5, 0x7b, 0x2b, 0xb8, 0x4b, 0x36, 0x16, 0xe1, 0x24, 0x89, 
		0x28, 0x49, 0x91, 0x60, 0x08, 0x47, 0x51, 0x3e, 0xb5, 0x52, 0xc4, 0xe2, 0x3c, 0x6c, 0xbc, 0xbe, 
		0x7b, 0x52, 0xae, 0x6b, 0xd9, 0xc4, 0xed, 0xf1, 0xdd, 0xf1, 0x16, 0x03, 0x67, 0x8b, 0x44, 0x4c, 
		0x5a, 0xf3, 0x4a, 0x4a, 0xa7, 0xf4, 0xeb, 0x85, 0x75, 0xd0, 0xac, 0xf5, 0x90, 0xd9, 0x4d, 0x23, 
		0x99, 0xbc, 0x22, 0x92, 0x69, 0x64, 0x44, 0x32, 0x79, 0xaa, 0xd1, 0xa3, 0x22, 0x63, 0x61, 0x1e, 
		0x52, 0xc4, 0xf8, 0xc2, 0x0d, 0x58, 0x2c, 0x38, 0x33, 0x6f, 0xec, 0xd5, 0xe9, 0x4d, 0x4e, 0xa9, 
		0x52, 0xf3, 0xca, 0x53, 0x6b, 0xdb, 0xf1, 0xcd, 0xab, 0x78, 0x71, 0xd0, 0x1d, 0xd8, 0xa9, 0xc8, 
		0x72, 0x2a, 0x09, 0xfc, 0x85, 0x14, 0xb6, 0x20, 0xe3, 0x8b, 0x83, 0x83, 0xa2, 0x93, 0x7f, 0xb3, 
		0xd5, 0x83, 0x3c, 0x48, 0xbb, 0x7e, 0x7f, 0x1d, 0xb4, 0xdd, 0x0c, 0x56, 0xca, 0xd9, 0x9e, 0x66, 
		0x89, 0x9c, 0x08, 0x2a, 0xbb, 0x98, 0xaa, 0xdb, 0xd6, 0x08, 0xb6, 0x15, 0x40, 0x48, 0x02, 0xba, 
		0xc0, 0xd1, 0xf1, 0xb8, 0xe6, 0x69, 0xc7, 0x35, 0xbc, 0xa3, 0x8d, 0xa2, 0x9c, 0x46, 0xf7, 0xbe, 
		0xac, 0xb1, 0xe3, 0x97, 0xdf, 0x80, 0xee, 0x1a, 0xba, 0x97, 0x4e, 0x11, 0x2e, 0x06, 0x86, 0x05, 
		0x41, 0xd6, 0xc3, 0xdd, 0xe0, 0xdc, 0xe8, 0x4c, 0x4c, 0x5b, 0xae, 0x9d, 0x78, 0xed, 0x03, 0x89, 
		0x43, 0xf4, 0xe1, 0xfd, 0xbb, 0x0b, 0x89, 0x54, 0x93, 0x6d, 0xe8, 0x97, 0xac, 0x34, 0xe1, 0x0c, 
		0x87, 0x01, 0x36, 0x2e, 0x11, 0xa9, 0x69, 0xcd, 0x3e, 0xfe, 0x58, 0x96, 0x54, 0x51, 0xf8, 0x95, 
		0x26, 0x2b, 0xf4, 0x9c, 0x25, 0xeb, 0x20, 0x88, 0xb2, 0xd0, 0xb4, 0x0d, 0x72, 0x8a, 0xad, 0xf8, 
		0xf3, 0x2c, 0x12, 0xb4, 0xc1, 0xd5, 0x9a, 0xd6, 0x4b, 0x41, 0xf8, 0x9e, 0x5a, 0xf4, 0xb1, 0x2f, 
		0xef, 0x4e, 0x74, 0x4f, 0x87, 0x7c, 0x6a, 0x27, 0x78, 0x10, 0x84, 0x77, 0x74, 0x81, 0xc6, 0x68, 
		0x42, 0x45, 0x8a, 0x12, 0x59, 0xaa, 0x9c, 0xf5, 0xb6, 0xfa, 0x30, 0xc5, 0x51, 0x44, 0xe3, 0x99, 
		0x2b, 0xe6, 0x9c, 0xa4, 0x73, 0x16, 0xe9, 0x67, 0xf9, 0xda, 0x65, 0xdd, 0xfd, 0x2b, 0xea, 0xa1, 
		0xaa, 0x1e, 0x72, 0xcb, 0x94, 0x9b, 0x07, 0x43, 0xe4, 0x22, 0xa5, 0xee, 0xf3, 0xff, 0x1d, 0x0c, 
		0xf3, 0xfc, 0x9b, 0x9f, 0xbe, 0xfc, 0xb9, 0xf8, 0x73, 0xf6, 0xb9, 0x48, 0xc6, 0x69, 0x5b, 0x52, 
		0x0d, 0x23, 0xaa, 0xee, 0xae, 0x2b, 0xae, 0x13, 0xb2, 0xea, 0x98, 0xbc, 0x3a, 0x57, 0xfe, 0xd7, 
		0x83, 0xfc, 0x10, 0xfa, 0x5f, 0x8a, 0xfe, 0x14, 0x49, 0xa6, 0x38, 0x4d, 0x57, 0xf1, 0xb4, 0x55, 
		0xd4, 0xcd, 0xd2, 0xbc, 0xda, 0xbd, 0x39, 0xba, 0x5b, 0x0c, 0x55, 0xc7, 0xea, 0x8c, 0xb9, 0x96, 
		0x6c, 0x36, 0xd7, 0xf2, 0x4b, 0x98, 0x61, 0xba, 0xc1, 0x44, 0x7b, 0xb8, 0x89, 0xb6, 0x5b, 0xac, 
		0x54, 0xc6, 0x67, 0x07, 0x17, 0x57, 0xb3, 0xaf, 0xa7, 0x26, 0xda, 0x77, 0x99, 0x60, 0xb6, 0xc7, 
		0x7a, 0x4b, 0x60, 0xda, 0xc3, 0xcf, 0x46, 0x60, 0xfc, 0x1a, 0x8c, 0x2f, 0x5d, 0x44, 0x6a, 0xb9, 
		0x73, 0xd3, 0x39, 0xe6, 0x24, 0x6c, 0x1a, 0xd8, 0x25, 0xb9, 0x95, 0xe0, 0x92, 0x7e, 0x25, 0x21, 
		0x92, 0x3a, 0x23, 0x45, 0x6c, 0x8a, 0x62, 0x22, 0xae, 0x18, 0xff, 0x22, 0x91, 0xe5, 0x74, 0x4a, 
		0x83, 0x7e, 0x4c, 0xe9, 0x9d, 0x87, 0x8e, 0x8d, 0x9c, 0x69, 0x39, 0x5d, 0x36, 0x9f, 0x4a, 0x12, 
		0x8e, 0x56, 0x8e, 0x4f, 0x5f, 0x61, 0x67, 0x77, 0x87, 0xaa, 0x1a, 0x30, 0x32, 0xdf, 0xad, 0x33, 
		0x59, 0xdc, 0x1c, 0x97, 0x92, 0xb2, 0xaa, 0x33, 0x45, 0x39, 0x8c, 0xc9, 0x77, 0x1c, 0x13, 0x75, 
		0x54, 0xc5, 0xed, 0x1a, 0x1b, 0xb3, 0x64, 0xf5, 0x18, 0x19, 0xf5, 0xfa, 0x35, 0x56, 0x3b, 0xe4, 
		0xd0, 0xc9, 0x97, 0xca, 0x56, 0x6c, 0xb1, 0x41, 0xb6, 0x14, 0x8a, 0x32, 0x49, 0x52, 0x37, 0xc0, 
		0x29, 0x31, 0x1d, 0x4e, 0x39, 0xc9, 0x52, 0x08, 0x02, 0xb8, 0xbf, 0xd6, 0xc3, 0xe3, 0xe3, 0x21, 
		0xf8, 0xbf, 0x1e, 0x18, 0x96, 0xdf, 0xc9, 0xd2, 0xdd, 0xe2, 0x68, 0xe5, 0x02, 0x6b, 0xaa, 0x80, 
		0xc4, 0xb2, 0x0a, 0x00, 0xaf, 0xdc, 0x43, 0x68, 0x01, 0x98, 0xff, 0x0f, 0x38, 0xff, 0x77, 0x8b, 
		0x97, 0x0d, 0xcf, 0x5c, 0x73, 0xfe, 0x37, 0x0a, 0x6c, 0xc5, 0x22, 0x82, 0xe3, 0x10, 0x1c, 0x87, 
		0xe0, 0x38, 0xdc, 0x3a, 0xc6, 0x9b, 0x17, 0xa3, 0x02, 0x8e, 0x03, 0x1c, 0x07, 0x38, 0x0e, 0x70, 
		0x5c, 0x4f, 0xec, 0x38, 0xc0, 0x71, 0x80, 0xe3, 0xb6, 0x4c, 0x0b, 0xc0, 0xfc, 0x07, 0x1c, 0x07, 
		0x38, 0x0e, 0x70, 0xdc, 0x13, 0x85, 0x13, 0x80, 0xe3, 0xac, 0xe3, 0x38, 0x67, 0xd7, 0x37, 0x1b, 
		0x77, 0x6c, 0x63, 0x78, 0x27, 0x36, 0xeb, 0xc1, 0x71, 0x00, 0x8e, 0x03, 0x70, 0x1c, 0x80, 0xe3, 
		0xa0, 0x27, 0xc0, 0x01, 0x1c, 0x07, 0xe0, 0x38, 0xd8, 0x32, 0x2d, 0x00, 0xf3, 0x1f, 0x1c, 0x07, 
		0xe0, 0x38, 0x00, 0xc7, 0xc1, 0x13, 0xc5, 0xaf, 0xe0, 0x38, 0xb0, 0xee, 0x38, 0x80, 0x0d, 0x60, 
		0xc0, 0x71, 0x80, 0xe3, 0x00, 0xc7, 0xf5, 0xc8, 0x8e, 0x03, 0x1c, 0x07, 0x38, 0x6e, 0xcb, 0xb4, 
		0x00, 0xcc, 0x7f, 0xc0, 0x71, 0x80, 0xe3, 0x00, 0xc7, 0x3d, 0x51, 0x38, 0x01, 0x38, 0x0e, 0x70, 
		0x1c, 0xe0, 0x38, 0xc0, 0x71, 0xbd, 0xd3, 0xde, 0x80, 0xe3, 0x00, 0xc7, 0x01, 0x8e, 0x03, 0x1c, 
		0x07, 0x38, 0x0e, 0x70, 0x1c, 0xe0, 0x38, 0xc0, 0x71, 0x00, 0x27, 0x00, 0xc7, 0xf5, 0x91, 0xf1, 
		0x66, 0x20, 0xef, 0x4e, 0x04, 0x87, 0xee, 0x54, 0xc0, 0x2e, 0xe4, 0x3d, 0xeb, 0xeb, 0xc8, 0xec, 
		0x78, 0xd8, 0x3b, 0xb8, 0x74, 0xc0, 0xa5, 0x03, 0x2e, 0x1d, 0x70, 0xe9, 0xf4, 0x04, 0xd2, 0x81, 
		0x4b, 0x07, 0x5c, 0x3a, 0x5b, 0xa6, 0x05, 0x60, 0xfe, 0x83, 0x4b, 0x07, 0x5c, 0x3a, 0xe0, 0xd2, 
		0x79, 0xa2, 0x9e, 0x05, 0x70, 0xe9, 0x58, 0x77, 0xe9, 0xc0, 0xd6, 0x3c, 0xe0, 0x38, 0xc0, 0x71, 
		0x80, 0xe3, 0x7a, 0x64, 0xc7, 0x01, 0x8e, 0x03, 0x1c, 0xb7, 0x65, 0x5a, 0x00, 0xe6, 0x3f, 0xe0, 
		0x38, 0xc0, 0x71, 0x80, 0xe3, 0x9e, 0x28, 0x9c, 0x00, 0x1c, 0x67, 0x1d, 0xc7, 0x41, 0x8e, 0xad, 
		0x6d, 0xda, 0x18, 0xde, 0xa9, 0x2d, 0x7b, 0x70, 0x1f, 0x80, 0xfb, 0x00, 0xdc, 0x07, 0xe0, 0x3e, 
		0xe8, 0x09, 0x7c, 0x00, 0xf7, 0x01, 0xb8, 0x0f, 0xb6, 0x4c, 0x0b, 0xc0, 0xfc, 0x07, 0xf7, 0x01, 
		0xb8, 0x0f, 0xc0, 0x7d, 0xf0, 0x44, 0x51, 0x2c, 0xb8, 0x0f, 0xac, 0xbb, 0x0f, 0x60, 0x1b, 0x18, 
		0x70, 0x1c, 0xe0, 0x38, 0xc0, 0x71, 0x3d, 0xb2, 0xe3, 0x00, 0xc7, 0x01, 0x8e, 0xdb, 0x32, 0x2d, 
		0x00, 0xf3, 0x1f, 0x70, 0x1c, 0xe0, 0x38, 0xc0, 0x71, 0x4f, 0x14, 0x4e, 0x00, 0x8e, 0x03, 0x1c, 
		0x07, 0x38, 0x0e, 0x70, 0x5c, 0xef, 0xb4, 0x37, 0xe0, 0x38, 0xc0, 0x71, 0x80, 0xe3, 0x00, 0xc7, 
		0x01, 0x8e, 0x03, 0x1c, 0x07, 0x38, 0x0e, 0x70, 0x1c, 0xc0, 0x09, 0xc0, 0x71, 0x7d, 0x64, 0x3c, 
		0x84, 0xf3, 0x42, 0x38, 0x2f, 0x8c, 0x0c, 0x5c, 0x66, 0x0c, 0x21, 0xd6, 0xe0, 0xd2, 0x01, 0x97, 
		0x0e, 0xb8, 0x74, 0xfa, 0x0a, 0xe9, 0xc0, 0xa5, 0x03, 0x2e, 0x9d, 0x2d, 0xd3, 0x02, 0x30, 0xff, 
		0xc1, 0xa5, 0x03, 0x2e, 0x1d, 0x70, 0xe9, 0x3c, 0x51, 0xcf, 0x02, 0xb8, 0x74, 0xac, 0xbb, 0x74, 
		0x60, 0x6b, 0x1e, 0x70, 0x1c, 0xe0, 0x38, 0xc0, 0x71, 0x3d, 0xb2, 0xe3, 0x00, 0xc7, 0x01, 0x8e, 
		0xdb, 0x32, 0x2d, 0x00, 0xf3, 0x1f, 0x70, 0x1c, 0xe0, 0x38, 0xc0, 0x71, 0x4f, 0x14, 0x4e, 0x00, 
		0x8e, 0xb3, 0x8e, 0xe3, 0xe0, 0x12, 0xac, 0x3e, 0x6e, 0xf4, 0xee, 0xd4, 0x16, 0x3c, 0xb8, 0x09, 
		0xc0, 0x4d, 0x00, 0x6e, 0x02, 0x70, 0x13, 0xf4, 0x04, 0x26, 0x80, 0x9b, 0x00, 0xdc, 0x04, 0x5b, 
		0xa6, 0x05, 0x60, 0xfe, 0x83, 0x9b, 0x00, 0xdc, 0x04, 0xe0, 0x26, 0x78, 0xa2, 0x68, 0x15, 0xdc, 
		0x04, 0xd6, 0xdd, 0x04, 0xb0, 0xdd, 0x0b, 0x38, 0x0e, 0x70, 0x1c, 0xe0, 0xb8, 0x1e, 0xd9, 0x71, 
		0x80, 0xe3, 0x00, 0xc7, 0x6d, 0x99, 0x16, 0x80, 0xf9, 0x0f, 0x38, 0x0e, 0x70, 0x1c, 0xe0, 0xb8, 
		0x27, 0x0a, 0x27, 0x00, 0xc7, 0x01, 0x8e, 0x03, 0x1c, 0x07, 0x38, 0xae, 0x77, 0xda, 0x1b, 0x70, 
		0x1c, 0xe0, 0x38, 0xc0, 0x71, 0x80, 0xe3, 0x00, 0xc7, 0x01, 0x8e, 0x03, 0x1c, 0x07, 0x38, 0x0e, 
		0xe0, 0x04, 0xe0, 0xb8, 0x3e, 0x32, 0x1e, 0x70, 0x1c, 0xe0, 0x38, 0xc0, 0x71, 0x80, 0xe3, 0x7a, 
		0x69, 0xc7, 0x01, 0x8e, 0x03, 0x1c, 0xb7, 0x65, 0x5a, 0x00, 0xe6, 0x3f, 0xe0, 0x38, 0xc0, 0x71, 
		0x80, 0xe3, 0x9e, 0x28, 0x9c, 0x00, 0x1c, 0x67, 0x1d, 0xc7, 0x39, 0x1b, 0x1e, 0xf5, 0x7b, 0xd7, 
		0xcf, 0x23, 0x7e, 0x3b, 0x75, 0xf8, 0x72, 0x52, 0xea, 0x49, 0x1d, 0x64, 0x55, 0xb4, 0x55, 0x1d, 
		0x9a, 0xf4, 0x53, 0xbb, 0xee, 0xd4, 0xc8, 0xc0, 0x51, 0xe5, 0x3e, 0x8e, 0xc9, 0x4e, 0x67, 0x76, 
		0x07, 0x27, 0x1b, 0x38, 0xd9, 0xc0, 0xc9, 0x06, 0x4e, 0xb6, 0x9e, 0x80, 0x6c, 0x70, 0xb2, 0x81, 
		0x93, 0x6d, 0xcb, 0xb4, 0x00, 0xcc, 0x7f, 0x70, 0xb2, 0x81, 0x93, 0x0d, 0x9c, 0x6c, 0x4f, 0xd4, 
		0xd7, 0x03, 0x4e, 0x36, 0xeb, 0x4e, 0x36, 0x08, 0x96, 0x00, 0x1c, 0x07, 0x38, 0x0e, 0x70, 0x5c, 
		0x8f, 0xec, 0x38, 0xc0, 0x71, 0x80, 0xe3, 0xb6, 0x4c, 0x0b, 0xc0, 0xfc, 0x07, 0x1c, 0x07, 0x38, 
		0x0e, 0x70, 0xdc, 0x13, 0x85, 0x13, 0x80, 0xe3, 0xac, 0xe3, 0x38, 0xb8, 0x46, 0x7a, 0xbb, 0x36, 
		0x86, 0x77, 0x62, 0xb3, 0x1e, 0x1c, 0x07, 0xe0, 0x38, 0x00, 0xc7, 0x01, 0x38, 0x0e, 0x7a, 0x02, 
		0x1c, 0xc0, 0x71, 0x00, 0x8e, 0x83, 0x2d, 0xd3, 0x02, 0x30, 0xff, 0xc1, 0x71, 0x00, 0x8e, 0x03, 
		0x70, 0x1c, 0x3c, 0x51, 0xfc, 0x0a, 0x8e, 0x03, 0xeb, 0x8e, 0x03, 0xd8, 0x00, 0x06, 0x1c, 0x07, 
		0x38, 0x0e, 0x70, 0x5c, 0x8f, 0xec, 0x38, 0xc0, 0x71, 0x80, 0xe3, 0xb6, 0x4c, 0x0b, 0xc0, 0xfc, 
		0x07, 0x1c, 0x07, 0x38, 0x0e, 0x70, 0xdc, 0x13, 0x85, 0x13, 0x80, 0xe3, 0x00, 0xc7, 0x01, 0x8e, 
		0x03, 0x1c, 0xd7, 0x3b, 0xed, 0x0d, 0x38, 0x0e, 0x70, 0x1c, 0xe0, 0x38, 0xc0, 0x71, 0x80, 0xe3, 
		0x00, 0xc7, 0x01, 0x8e, 0x03, 0x1c, 0x07, 0x70, 0x02, 0x70, 0x5c, 0x1f, 0x19, 0x6f, 0x06, 0xf2, 
		0xee, 0x44, 0x70, 0xe8, 0x4e, 0x05, 0xec, 0x42, 0xde, 0xb3, 0xbe, 0x8e, 0xcc, 0x8e, 0x87, 0xbd, 
		0x83, 0x4b, 0x07, 0x5c, 0x3a, 0xe0, 0xd2, 0x01, 0x97, 0x4e, 0x4f, 0x20, 0x1d, 0xb8, 0x74, 0xc0, 
		0xa5, 0xb3, 0x65, 0x5a, 0x00, 0xe6, 0x3f, 0xb8, 0x74, 0xc0, 0xa5, 0x03, 0x2e, 0x9d, 0x27, 0xea, 
		0x59, 0x00, 0x97, 0x8e, 0x75, 0x97, 0x0e, 0x6c, 0xcd, 0x03, 0x8e, 0x03, 0x1c, 0x07, 0x38, 0xae, 
		0x47, 0x76, 0x1c, 0xe0, 0x38, 0xc0, 0x71, 0x5b, 0xa6, 0x05, 0x60, 0xfe, 0x03, 0x8e, 0x03, 0x1c, 
		0x07, 0x38, 0xee, 0x89, 0xc2, 0x09, 0xc0, 0x71, 0xd6, 0x71, 0x1c, 0xe4, 0xd8, 0xda, 0xa6, 0x8d, 
		0xe1, 0x9d, 0xda, 0xb2, 0x07, 0xf7, 0x01, 0xb8, 0x0f, 0xc0, 0x7d, 0x00, 0xee, 0x83, 0x9e, 0xc0, 
		0x07, 0x70, 0x1f, 0x80, 0xfb, 0x60, 0xcb, 0xb4, 0x00, 0xcc, 0x7f, 0x70, 0x1f, 0x80, 0xfb, 0x00, 
		0xdc, 0x07, 0x4f, 0x14, 0xc5, 0x82, 0xfb, 0xc0, 0xba, 0xfb, 0x00, 0xb6, 0x81, 0x01, 0xc7, 0x01, 
		0x8e, 0x03, 0x1c, 0xd7, 0x23, 0x3b, 0x0e, 0x70, 0x1c, 0xe0, 0xb8, 0x2d, 0xd3, 0x02, 0x30, 0xff, 
		0x01, 0xc7, 0x01, 0x8e, 0x03, 0x1c, 0xf7, 0x44, 0xe1, 0x04, 0xe0, 0x38, 0xc0, 0x71, 0x80, 0xe3, 
		0x00, 0xc7, 0xf5, 0x4e, 0x7b, 0x03, 0x8e, 0x03, 0x1c, 0x07, 0x38, 0x0e, 0x70, 0x1c, 0xe0, 0x38, 
		0xc0, 0x71, 0x80, 0xe3, 0x00, 0xc7, 0x01, 0x9c, 0x00, 0x1c, 0xd7, 0x47, 0xc6, 0x43, 0x38, 0x2f, 
		0x84, 0xf3, 0xc2, 0xc8, 0xc0, 0x65, 0xc6, 0x10, 0x62, 0x0d, 0x2e, 0x1d, 0x70, 0xe9, 0x80, 0x4b, 
		0xa7, 0xaf, 0x90, 0x0e, 0x5c, 0x3a, 0xe0, 0xd2, 0xd9, 0x32, 0x2d, 0x00, 0xf3, 0x1f, 0x5c, 0x3a, 
		0xe0, 0xd2, 0x01, 0x97, 0xce, 0x13, 0xf5, 0x2c, 0x80, 0x4b, 0xc7, 0xba, 0x4b, 0x07, 0xb6, 0xe6, 
		0x01, 0xc7, 0x01, 0x8e, 0x03, 0x1c, 0xd7, 0x23, 0x3b, 0x0e, 0x70, 0x1c, 0xe0, 0xb8, 0x2d, 0xd3, 
		0x02, 0x30, 0xff, 0x01, 0xc7, 0x01, 0x8e, 0x03, 0x1c, 0xf7, 0x44, 0xe1, 0x04, 0xe0, 0x38, 0xeb, 
		0x38, 0x0e, 0x2e, 0xc1, 0xea, 0xe3, 0x46, 0xef, 0x4e, 0x6d, 0xc1, 0x83, 0x9b, 0x00, 0xdc, 0x04, 
		0xe0, 0x26, 0x00, 0x37, 0x41, 0x4f, 0x60, 0x02, 0xb8, 0x09, 0xc0, 0x4d, 0xb0, 0x65, 0x5a, 0x00, 
		0xe6, 0x3f, 0xb8, 0x09, 0xc0, 0x4d, 0x00, 0x6e, 0x82, 0x27, 0x8a, 0x56, 0xc1, 0x4d, 0x60, 0xdd, 
		0x4d, 0x00, 0xdb, 0xbd, 0x80, 0xe3, 0x00, 0xc7, 0x01, 0x8e, 0xeb, 0x91, 0x1d, 0x07, 0x38, 0x0e, 
		0x70, 0xdc, 0x96, 0x69, 0x01, 0x98, 0xff, 0x80, 0xe3, 0x00, 0xc7, 0x01, 0x8e, 0x7b, 0xa2, 0x70, 
		0x02, 0x70, 0x1c, 0xe0, 0x38, 0xc0, 0x71, 0x80, 0xe3, 0x7a, 0xa7, 0xbd, 0x01, 0xc7, 0x01, 0x8e, 
		0x03, 0x1c, 0x07, 0x38, 0x0e, 0x70, 0x1c, 0xe0, 0x38, 0xc0, 0x71, 0x80, 0xe3, 0x00, 0x4e, 0x00, 
		0x8e, 0xeb, 0x23, 0xe3, 0x01, 0xc7, 0x01, 0x8e, 0x03, 0x1c, 0x07, 0x38, 0xae, 0x97, 0x76, 0x1c, 
		0xe0, 0x38, 0xc0, 0x71, 0x5b, 0xa6, 0x05, 0x60, 0xfe, 0x03, 0x8e, 0x03, 0x1c, 0x07, 0x38, 0xee, 
		0x89, 0xc2, 0x09, 0xc0, 0x71, 0xd6, 0x71, 0xdc, 0x26, 0xc7, 0x2f, 0x7f, 0x85, 0x63, 0x97, 0x70, 
		0xec, 0xf2, 0x89, 0x8e, 0xcc, 0x22, 0x8b, 0x44, 0x73, 0x9e, 0xd4, 0xb4, 0x55, 0x1d, 0xaa, 0x6a, 
		0xc0, 0xc8, 0x7c, 0xb7, 0xce, 0xec, 0x78, 0x66, 0x77, 0x70, 0xb2, 0x81, 0x93, 0x0d, 0x9c, 0x6c, 
		0xe0, 0x64, 0xeb, 0x09, 0xc8, 0x06, 0x27, 0x1b, 0x38, 0xd9, 0xb6, 0x4c, 0x0b, 0xc0, 0xfc, 0x07, 
		0x27, 0x1b, 0x38, 0xd9, 0xc0, 0xc9, 0xf6, 0x44, 0x7d, 0x3d, 0xe0, 0x64, 0xb3, 0xee, 0x64, 0x83, 
		0x60, 0x09, 0xc0, 0x71, 0x80, 0xe3, 0x00, 0xc7, 0xf5, 0xc8, 0x8e, 0x03, 0x1c, 0x07, 0x38, 0x6e, 
		0xcb, 0xb4, 0x00, 0xcc, 0x7f, 0xc0, 0x71, 0x80, 0xe3, 0x00, 0xc7, 0x3d, 0x51, 0x38, 0x01, 0x38, 
		0xce, 0x3a, 0x8e, 0x83, 0x6b, 0xa4, 0xb7, 0x69, 0x63, 0x78, 0xa7, 0xb6, 0xec, 0xc1, 0x7d, 0x00, 
		0xee, 0x03, 0x70, 0x1f, 0x80, 0xfb, 0xa0, 0x27, 0xf0, 0x01, 0xdc, 0x07, 0xe0, 0x3e, 0xd8, 0x32, 
		0x2d, 0x00, 0xf3, 0x1f, 0xdc, 0x07, 0xe0, 0x3e, 0x00, 0xf7, 0xc1, 0x13, 0x45, 0xb1, 0xe0, 0x3e, 
		0xb0, 0xee, 0x3e, 0x80, 0x6d, 0x60, 0xc0, 0x71, 0x80, 0xe3, 0x00, 0xc7, 0xf5, 0xc8, 0x8e, 0x03, 
		0x1c, 0x07, 0x38, 0x6e, 0xcb, 0xb4, 0x00, 0xcc, 0x7f, 0xc0, 0x71, 0x80, 0xe3, 0x00, 0xc7, 0x3d, 
		0x51, 0x38, 0x01, 0x38, 0x0e, 0x70, 0x1c, 0xe0, 0x38, 0xc0, 0x71, 0xbd, 0xd3, 0xde, 0x80, 0xe3, 
		0x00, 0xc7, 0x01, 0x8e, 0x03, 0x1c, 0x07, 0x38, 0x0e, 0x70, 0x1c, 0xe0, 0x38, 0xc0, 0x71, 0x00, 
		0x27, 0x00, 0xc7, 0xf5, 0x91, 0xf1, 0x3a, 0x8a, 0xdb, 0xa9, 0x10, 0xd1, 0x9d, 0x0a, 0xde, 0x85, 
		0x4c, 0x68, 0x7d, 0x1d, 0x99, 0x1d, 0x0f, 0x81, 0x07, 0xc7, 0x0e, 0x38, 0x76, 0xc0, 0xb1, 0x03, 
		0x8e, 0x9d, 0x9e, 0x00, 0x3b, 0x70, 0xec, 0x80, 0x63, 0x67, 0xcb, 0xb4, 0x00, 0xcc, 0x7f, 0x70, 
		0xec, 0x80, 0x63, 0x07, 0x1c, 0x3b, 0x4f, 0xd4, 0xbf, 0x00, 0x8e, 0x1d, 0xeb, 0x8e, 0x1d, 0xd8, 
		0xa0, 0x07, 0x1c, 0x07, 0x38, 0x0e, 0x70, 0x5c, 0x8f, 0xec, 0x38, 0xc0, 0x71, 0x80, 0xe3, 0xb6, 
		0x4c, 0x0b, 0xc0, 0xfc, 0x07, 0x1c, 0x07, 0x38, 0x0e, 0x70, 0xdc, 0x13, 0x85, 0x13, 0x80, 0xe3, 
		0xac, 0xe3, 0xb8, 0x32, 0xdf, 0xd6, 0xca, 0xbd, 0xc6, 0xed, 0xde, 0x6a, 0xdc, 0xa9, 0x6d, 0xe1, 
		0x9d, 0xda, 0xb0, 0x07, 0xe7, 0x01, 0x38, 0x0f, 0xc0, 0x79, 0x00, 0xce, 0x83, 0x9e, 0x80, 0x07, 
		0x70, 0x1e, 0x80, 0xf3, 0x60, 0xcb, 0xb4, 0x00, 0xcc, 0x7f, 0x70, 0x1e, 0x80, 0xf3, 0x00, 0x9c, 
		0x07, 0x4f, 0x14, 0xc3, 0x82, 0xf3, 0xc0, 0xba, 0xf3, 0x00, 0x36, 0x81, 0x01, 0xc7, 0x01, 0x8e, 
		0x03, 0x1c, 0xd7, 0x23, 0x3b, 0x0e, 0x70, 0x1c, 0xe0, 0xb8, 0x2d, 0xd3, 0x02, 0x30, 0xff, 0x01, 
		0xc7, 0x01, 0x8e, 0x03, 0x1c, 0xf7, 0x44, 0xe1, 0x04, 0xe0, 0x38, 0xc0, 0x71, 0x80, 0xe3, 0x00, 
		0xc7, 0xf5, 0x4e, 0x7b, 0x03, 0x8e, 0x03, 0x1c, 0x07, 0x38, 0x0e, 0x70, 0x1c, 0xe0, 0x38, 0xc0, 
		0x71, 0x80, 0xe3, 0x00, 0xc7, 0x01, 0x9c, 0x00, 0x1c, 0xd7, 0x47, 0xc6, 0xb7, 0x83, 0x79, 0x77, 
		0x36, 0x73, 0x10, 0x84, 0xf3, 0xf6, 0x35, 0x9c, 0x77, 0xa7, 0x46, 0x66, 0xa7, 0x72, 0xd6, 0x81, 
		0x63, 0x07, 0x1c, 0x3b, 0xe0, 0xd8, 0x01, 0xc7, 0x4e, 0x4f, 0x80, 0x1d, 0x38, 0x76, 0xc0, 0xb1, 
		0xb3, 0x65, 0x5a, 0x00, 0xe6, 0x3f, 0x38, 0x76, 0xc0, 0xb1, 0x03, 0x8e, 0x9d, 0x27, 0xea, 0x5f, 
		0x00, 0xc7, 0x8e, 0x75, 0xc7, 0x0e, 0x6c, 0xd0, 0x03, 0x8e, 0x03, 0x1c, 0x07, 0x38, 0xae, 0x47, 
		0x76, 0x1c, 0xe0, 0x38, 0xc0, 0x71, 0x5b, 0xa6, 0x05, 0x60, 0xfe, 0x03, 0x8e, 0x03, 0x1c, 0x07, 
		0x38, 0xee, 0x89, 0xc2, 0x09, 0xc0, 0x71, 0xd6, 0x71, 0x1c, 0x5c, 0x87, 0xd5, 0xdf, 0x4d, 0xdf, 
		0x9d, 0xda, 0x8e, 0x07, 0x67, 0x01, 0x38, 0x0b, 0xc0, 0x59, 0x00, 0xce, 0x82, 0x9e, 0x80, 0x05, 
		0x70, 0x16, 0x80, 0xb3, 0x60, 0xcb, 0xb4, 0x00, 0xcc, 0x7f, 0x70, 0x16, 0x80, 0xb3, 0x00, 0x9c, 
		0x05, 0x4f, 0x14, 0xb3, 0x82, 0xb3, 0xc0, 0xba, 0xb3, 0x00, 0x36, 0x7d, 0x01, 0xc7, 0x01, 0x8e, 
		0x03, 0x1c, 0xd7, 0x23, 0x3b, 0x0e, 0x70, 0x1c, 0xe0, 0xb8, 0x2d, 0xd3, 0x02, 0x30, 0xff, 0x01, 
		0xc7, 0x01, 0x8e, 0x03, 0x1c, 0xf7, 0x44, 0xe1, 0x04, 0xe0, 0x38, 0xc0, 0x71, 0x80, 0xe3, 0x00, 
		0xc7, 0xf5, 0x4e, 0x7b, 0x03, 0x8e, 0x03, 0x1c, 0x07, 0x38, 0x0e, 0x70, 0x1c, 0xe0, 0x38, 0xc0, 
		0x71, 0x80, 0xe3, 0x00, 0xc7, 0x01, 0x9c, 0x00, 0x1c, 0xd7, 0x47, 0xc6, 0x03, 0x8e, 0x03, 0x1c, 
		0x07, 0x38, 0x0e, 0x70, 0x5c, 0x2f, 0xed, 0x38, 0xc0, 0x71, 0x80, 0xe3, 0xb6, 0x4c, 0x0b, 0xc0, 
		0xfc, 0x07, 0x1c, 0x07, 0x38, 0x0e, 0x70, 0xdc, 0x13, 0x85, 0x13, 0x80, 0xe3, 0xac, 0xe3, 0xb8, 
		0x6f, 0xc9, 0x92, 0xfc, 0x6b, 0x51, 0xfe, 0x2b, 0x64, 0x47, 0x86, 0xe3, 0x98, 0x4f, 0x74, 0x64, 
		0xe0, 0x08, 0x73, 0x5f, 0x47, 0xa6, 0x4b, 0x9f, 0xdd, 0x95, 0xed, 0xbd, 0x87, 0x63, 0x02, 0x4e, 
		0x36, 0x70, 0xb2, 0x81, 0x93, 0x0d, 0x9c, 0x6c, 0x3d, 0x01, 0xd9, 0xe0, 0x64, 0x03, 0x27, 0xdb, 
		0x96, 0x69, 0x01, 0x98, 0xff, 0xe0, 0x64, 0x03, 0x27, 0x1b, 0x38, 0xd9, 0x9e, 0xa8, 0xaf, 0x07, 
		0x9c, 0x6c, 0xd6, 0x9d, 0x6c, 0x10, 0x2c, 0x01, 0x38, 0x0e, 0x70, 0x1c, 0xe0, 0xb8, 0x1e, 0xd9, 
		0x71, 0x80, 0xe3, 0x00, 0xc7, 0x6d, 0x99, 0x16, 0x80, 0xf9, 0x0f, 0x38, 0x0e, 0x70, 0x1c, 0xe0, 
		0xb8, 0x27, 0x0a, 0x27, 0x00, 0xc7, 0x59, 0xc7, 0x71, 0xce, 0xae, 0x6c, 0x2a, 0xee, 0xd4, 0x46, 
		0xef, 0x4e, 0x6d, 0xc1, 0x83, 0x9b, 0x00, 0xdc, 0x04, 0xe0, 0x26, 0x00, 0x37, 0x41, 0x4f, 0x60, 
		0x02, 0xb8, 0x09, 0xc0, 0x4d, 0xb0, 0x65, 0x5a, 0x00, 0xe6, 0x3f, 0xb8, 0x09, 0xc0, 0x4d, 0x00, 
		0x6e, 0x82, 0x27, 0x8a, 0x56, 0xc1, 0x4d, 0x60, 0xdd, 0x4d, 0x00, 0xdb, 0xbd, 0x80, 0xe3, 0x00, 
		0xc7, 0x01, 0x8e, 0xeb, 0x91, 0x1d, 0x07, 0x38, 0x0e, 0x70, 0xdc, 0x96, 0x69, 0x01, 0x98, 0xff, 
		0x80, 0xe3, 0x00, 0xc7, 0x01, 0x8e, 0x7b, 0xa2, 0x70, 0x02, 0x70, 0x1c, 0xe0, 0x38, 0xc0, 0x71, 
		0x80, 0xe3, 0x7a, 0xa7, 0xbd, 0x01, 0xc7, 0x01, 0x8e, 0x03, 0x1c, 0x07, 0x38, 0x0e, 0x70, 0x1c, 
		0xe0, 0x38, 0xc0, 0x71, 0x80, 0xe3, 0x00, 0x4e, 0x00, 0x8e, 0xeb, 0x23, 0xe3, 0x75, 0x14, 0xb7, 
		0x53, 0x21, 0xa2, 0x3b, 0x15, 0xbc, 0x0b, 0x99, 0xcd, 0xfa, 0x3a, 0x32, 0x3b, 0x12, 0xea, 0x0e, 
		0x0e, 0x1c, 0x70, 0xe0, 0x80, 0x03, 0x07, 0x1c, 0x38, 0x3d, 0x01, 0x70, 0xe0, 0xc0, 0x01, 0x07, 
		0xce, 0x96, 0x69, 0x01, 0x98, 0xff, 0xe0, 0xc0, 0x01, 0x07, 0x0e, 0x38, 0x70, 0x9e, 0xa8, 0x1f, 
		0x01, 0x1c, 0x38, 0xd6, 0x1d, 0x38, 0xb0, 0x11, 0x0f, 0x38, 0x0e, 0x70, 0x1c, 0xe0, 0xb8, 0x1e, 
		0xd9, 0x71, 0x80, 0xe3, 0x00, 0xc7, 0x6d, 0x99, 0x16, 0x80, 0xf9, 0x0f, 0x38, 0x0e, 0x70, 0x1c, 
		0xe0, 0xb8, 0x27, 0x0a, 0x27, 0x00, 0xc7, 0x59, 0xc7, 0x71, 0x90, 0x3f, 0xab, 0x8f, 0x1b, 0xbd, 
		0x3b, 0xb5, 0x05, 0x0f, 0x6e, 0x02, 0x70, 0x13, 0x80, 0x9b, 0x00, 0xdc, 0x04, 0x3d, 0x81, 0x09, 
		0xe0, 0x26, 0x00, 0x37, 0xc1, 0x96, 0x69, 0x01, 0x98, 0xff, 0xe0, 0x26, 0x00, 0x37, 0x01, 0xb8, 
		0x09, 0x9e, 0x28, 0x5a, 0x05, 0x37, 0x81, 0x75, 0x37, 0x01, 0x6c, 0xf7, 0x02, 0x8e, 0x03, 0x1c, 
		0x07, 0x38, 0xae, 0x47, 0x76, 0x1c, 0xe0, 0x38, 0xc0, 0x71, 0x5b, 0xa6, 0x05, 0x60, 0xfe, 0x03, 
		0x8e, 0x03, 0x1c, 0x07, 0x38, 0xee, 0x89, 0xc2, 0x09, 0xc0, 0x71, 0x80, 0xe3, 0x00, 0xc7, 0x01, 
		0x8e, 0xeb, 0x9d, 0xf6, 0x06, 0x1c, 0x07, 0x38, 0x0e, 0x70, 0x1c, 0xe0, 0x38, 0xc0, 0x71, 0x80, 
		0xe3, 0x00, 0xc7, 0x01, 0x8e, 0x03, 0x38, 0x01, 0x38, 0xae, 0x8f, 0x8c, 0x87, 0xb0, 0x5d, 0x08, 
		0xdb, 0x85, 0x91, 0xb9, 0x4f, 0x67, 0x76, 0x2a, 0xdb, 0x1c, 0x38, 0x70, 0xc0, 0x81, 0x03, 0x0e, 
		0x1c, 0x70, 0xe0, 0xf4, 0x04, 0xc0, 0x81, 0x03, 0x07, 0x1c, 0x38, 0x5b, 0xa6, 0x05, 0x60, 0xfe, 
		0x83, 0x03, 0x07, 0x1c, 0x38, 0xe0, 0xc0, 0x79, 0xa2, 0x7e, 0x04, 0x70, 0xe0, 0x58, 0x77, 0xe0, 
		0xc0, 0x46, 0x3c, 0xe0, 0x38, 0xc0, 0x71, 0x80, 0xe3, 0x7a, 0x64, 0xc7, 0x01, 0x8e, 0x03, 0x1c, 
		0xb7, 0x65, 0x5a, 0x00, 0xe6, 0x3f, 0xe0, 0x38, 0xc0, 0x71, 0x80, 0xe3, 0x9e, 0x28, 0x9c, 0x00, 
		0x1c, 0x67, 0x1d, 0xc7, 0xc1, 0x45, 0x56, 0xfd, 0xdd, 0xf4, 0xdd, 0xa9, 0xed, 0x78, 0x70, 0x16, 
		0x80, 0xb3, 0x00, 0x9c, 0x05, 0xe0, 0x2c, 0xe8, 0x09, 0x58, 0x00, 0x67, 0x01, 0x38, 0x0b, 0xb6, 
		0x4c, 0x0b, 0xc0, 0xfc, 0x07, 0x67, 0x01, 0x38, 0x0b, 0xc0, 0x59, 0xf0, 0x44, 0x31, 0x2b, 0x38, 
		0x0b, 0xac, 0x3b, 0x0b, 0x60, 0xd3, 0x17, 0x70, 0x1c, 0xe0, 0x38, 0xc0, 0x71, 0x3d, 0xb2, 0xe3, 
		0x00, 0xc7, 0x01, 0x8e, 0xdb, 0x32, 0x2d, 0x00, 0xf3, 0x1f, 0x70, 0x1c, 0xe0, 0x38, 0xc0, 0x71, 
		0x4f, 0x14, 0x4e, 0x00, 0x8e, 0x03, 0x1c, 0x07, 0x38, 0x0e, 0x70, 0x5c, 0xef, 0xb4, 0x37, 0xe0, 
		0x38, 0xc0, 0x71, 0x80, 0xe3, 0x00, 0xc7, 0x01, 0x8e, 0x03, 0x1c, 0x07, 0x38, 0x0e, 0x70, 0x1c, 
		0xc0, 0x09, 0xc0, 0x71, 0x7d, 0x64, 0x3c, 0xe0, 0x38, 0xc0, 0x71, 0x80, 0xe3, 0x00, 0xc7, 0xf5, 
		0xd2, 0x8e, 0x03, 0x1c, 0x07, 0x38, 0x6e, 0xcb, 0xb4, 0x00, 0xcc, 0x7f, 0xc0, 0x71, 0x80, 0xe3, 
		0x00, 0xc7, 0x3d, 0x51, 0x38, 0x01, 0x38, 0xce, 0x3e, 0x8e, 0x73, 0x06, 0xe4, 0xab, 0xe0, 0xd8, 
		0xcd, 0xe2, 0x54, 0xe0, 0x49, 0xa4, 0xba, 0x42, 0xa7, 0xee, 0x94, 0x60, 0x91, 0xf1, 0xbc, 0x7d, 
		0x35, 0xc7, 0x4a, 0x72, 0xea, 0xa7, 0x81, 0x9b, 0x83, 0xa3, 0x74, 0x8e, 0x39, 0x09, 0x57, 0xb0, 
		0x52, 0x7b, 0xd1, 0x1a, 0xec, 0x5c, 0xfd, 0xf6, 0x42, 0x5a, 0x36, 0x3b, 0x2f, 0xfa, 0xae, 0x9f, 
		0xe7, 0x44, 0x77, 0x08, 0x35, 0x03, 0x0e, 0x5c, 0xcf, 0x02, 0xf4, 0x00, 0x06, 0x3e, 0xb0, 0x19, 
		0x78, 0x17, 0x47, 0x77, 0x8b, 0xa1, 0x05, 0x06, 0x04, 0xc0, 0xf5, 0xad, 0xd3, 0x0d, 0x26, 0xda, 
		0xc3, 0x4d, 0xb4, 0xdd, 0x62, 0xa5, 0x01, 0xb6, 0x00, 0xcd, 0x00, 0x9a, 0x01, 0x34, 0xb3, 0x35, 
		0x8c, 0xdf, 0xfc, 0x5e, 0x97, 0x5f, 0xfb, 0x78, 0x9f, 0x0b, 0x00, 0x03, 0x00, 0x06, 0x00, 0x0c, 
		0x00, 0x18, 0x00, 0x30, 0x00, 0x60, 0xb0, 0xcd, 0x13, 0x6d, 0xb7, 0x58, 0x09, 0xc0, 0x00, 0x80, 
		0x01, 0x00, 0x83, 0xed, 0x64, 0x7c, 0x0d, 0x0c, 0xbe, 0xc4, 0xec, 0x2a, 0x76, 0xbb, 0x00, 0x82, 
		0x59, 0xd2, 0x06, 0x0a, 0x79, 0x39, 0x00, 0x06, 0x00, 0x0c, 0xfd, 0xb6, 0x60, 0x00, 0x30, 0x00, 
		0x60, 0x00, 0xc0, 0x00, 0x80, 0x61, 0x0b, 0x27, 0xda, 0x6e, 0xb1, 0x12, 0x00, 0x03, 0x00, 0x06, 
		0x00, 0x0c, 0xdb, 0xc9, 0xf8, 0x1a, 0x32, 0xa4, 0xd9, 0x44, 0xf2, 0x74, 0x42, 0xb8, 0xae, 0x28, 
		0x6a, 0x62, 0xcb, 0xca, 0xae, 0x8a, 0x10, 0x8d, 0xe5, 0xb7, 0x96, 0x54, 0x5c, 0x23, 0x41, 0x17, 
		0x84, 0x65, 0x02, 0x2d, 0x65, 0x63, 0x0e, 0x6c, 0x4d, 0x64, 0x3c, 0xa3, 0xf1, 0x4c, 0x7b, 0x7f, 
		0xfe, 0xdc, 0xec, 0xc1, 0x2f, 0x13, 0x81, 0x69, 0xbc, 0xb2, 0xf5, 0x68, 0xca, 0xd9, 0x02, 0x89, 
		0x39, 0x41, 0x29, 0xe1, 0x4b, 0xc5, 0x01, 0x2b, 0x9d, 0x91, 0x8d, 0xe2, 0x6e, 0xc2, 0xd9, 0xc4, 
		0x08, 0x87, 0xd5, 0xa8, 0x96, 0xce, 0xe9, 0xd4, 0x8c, 0x73, 0x55, 0x6b, 0xf4, 0x4f, 0x35, 0x8b, 
		0x2c, 0x85, 0xeb, 0x6e, 0xd6, 0xc4, 0x66, 0x8e, 0xff, 0x6e, 0xb9, 0xb0, 0x25, 0x07, 0x4d, 0x09, 
		0x28, 0xc7, 0xde, 0x6c, 0xf5, 0xf9, 0xe5, 0x05, 0x32, 0xa5, 0xc2, 0x92, 0xfa, 0x23, 0x8b, 0x44, 
		0x5c, 0xd7, 0xbc, 0x3a, 0x94, 0x55, 0x72, 0xfe, 0xd5, 0x75, 0x4a, 0x7e, 0x76, 0xa9, 0x73, 0x5c, 
		0xcc, 0xc2, 0x09, 0x11, 0x57, 0x84, 0xc4, 0x68, 0x88, 0x70, 0x1c, 0xa2, 0xe3, 0xa3, 0xa3, 0xc3, 
		0x23, 0x69, 0x96, 0xe7, 0xa6, 0x78, 0x6e, 0xc9, 0x4f, 0x71, 0x16, 0x09, 0x69, 0xa3, 0x0c, 0x07, 
		0x9f, 0x2d, 0xf7, 0x3a, 0xa3, 0xb1, 0xf0, 0x8e, 0xab, 0x6e, 0x1f, 0x6f, 0xa4, 0xdd, 0x87, 0x77, 
		0x6b, 0x77, 0xd5, 0xff, 0xb5, 0x7e, 0x79, 0x53, 0x1f, 0xa6, 0x59, 0x21, 0x38, 0x76, 0x8e, 0xd1, 
		0x6c, 0xbb, 0x14, 0x6b, 0x2b, 0xe6, 0x15, 0x15, 0xc1, 0x3c, 0x61, 0x5c, 0xf7, 0xaf, 0x69, 0xc4, 
		0x4e, 0xbf, 0x94, 0x2a, 0x96, 0x76, 0xca, 0x82, 0x85, 0x04, 0x05, 0x73, 0x2c, 0x47, 0x92, 0x70, 
		0x9a, 0x0a, 0x1a, 0xa4, 0x68, 0xef, 0x97, 0x1f, 0x3f, 0xfc, 0xf2, 0xf6, 0xd5, 0xc7, 0x57, 0xfb, 
		0x8f, 0xae, 0x65, 0xee, 0x17, 0x14, 0x5d, 0x76, 0xc7, 0x4d, 0x22, 0x2c, 0xa6, 0x8c, 0x2f, 0x1e, 
		0x3a, 0x2e, 0xba, 0xfd, 0x81, 0x9b, 0x9b, 0xcf, 0xce, 0x20, 0x15, 0x58, 0x64, 0xa9, 0xde, 0x2e, 
		0x36, 0x49, 0x59, 0x44, 0x04, 0x59, 0xd1, 0x80, 0xe2, 0x07, 0x77, 0x7d, 0xbc, 0x7a, 0x4b, 0x61, 
		0x96, 0xd6, 0xc3, 0x29, 0xe1, 0xd2, 0xb4, 0x73, 0xa0, 0xf3, 0x12, 0x4b, 0xab, 0xc2, 0xdd, 0x42, 
		0x68, 0x75, 0xfe, 0x4c, 0x18, 0x8b, 0x08, 0x8e, 0x6b, 0xee, 0x78, 0xcd, 0xb9, 0xa3, 0xb8, 0x47, 
		0x67, 0xab, 0x39, 0x4b, 0x67, 0xfd, 0xe5, 0xed, 0xa6, 0x13, 0x1c, 0x66, 0xf5, 0x2d, 0xb3, 0xba, 
		0xf0, 0x24, 0xf0, 0xcc, 0xd8, 0xb0, 0xc8, 0x9f, 0xbb, 0x58, 0xad, 0x4a, 0x4a, 0x5b, 0x9d, 0x71, 
		0x65, 0xaa, 0x5b, 0xf7, 0xeb, 0x87, 0x64, 0x69, 0x9e, 0xa8, 0x2f, 0x08, 0xcd, 0x0e, 0xa8, 0xc6, 
		0x93, 0x10, 0xe5, 0xc5, 0x28, 0x88, 0x70, 0x9a, 0xda, 0x9e, 0xac, 0x24, 0xce, 0x16, 0x84, 0x63, 
		0xd5, 0xc2, 0x8a, 0x7d, 0x63, 0x67, 0xf0, 0x2a, 0xce, 0x16, 0xb2, 0xda, 0x47, 0xf6, 0x41, 0xf0, 
		0x02, 0x59, 0x0d, 0x07, 0xfe, 0x20, 0xa0, 0x69, 0xc0, 0xdc, 0x64, 0xce, 0x62, 0xd9, 0x3f, 0x4f, 
		0x52, 0x84, 0x6c, 0xd9, 0x48, 0x7e, 0x22, 0x71, 0x03, 0x2c, 0xdf, 0x36, 0x70, 0x06, 0x87, 0x03, 
		0x7f, 0xb0, 0x20, 0x21, 0xc5, 0x72, 0xb8, 0xaf, 0x09, 0x1f, 0xc8, 0x4f, 0xb3, 0x37, 0xb1, 0x1a, 
		0x66, 0xfd, 0x25, 0xb2, 0xb7, 0xf2, 0x15, 0x72, 0xd0, 0xea, 0x17, 0x48, 0xec, 0x6a, 0xfc, 0xdc, 
		0x3f, 0xac, 0xf6, 0xb9, 0x92, 0x88, 0xc6, 0x5f, 0x74, 0xfb, 0x2b, 0x27, 0xd8, 0xda, 0xd4, 0xc1, 
		0xc1, 0x97, 0x2c, 0xd1, 0xd5, 0x5f, 0x4e, 0x68, 0x0e, 0xfe, 0x4b, 0x92, 0xd2, 0x59, 0x8c, 0x05, 
		0x69, 0x6c, 0x46, 0x21, 0x9c, 0x22, 0x8c, 0xf2, 0x1f, 0xa1, 0x46, 0x57, 0x7a, 0x64, 0x00, 0x39, 
		0x83, 0x25, 0x9f, 0xb6, 0x73, 0x47, 0x68, 0x44, 0x5b, 0x88, 0x34, 0x71, 0x97, 0x5c, 0x5f, 0xa4, 
		0x0b, 0x82, 0x2d, 0xf4, 0x79, 0x47, 0x73, 0x1e, 0xfb, 0xbe, 0xbe, 0xc4, 0x68, 0x8a, 0xad, 0x66, 
		0x98, 0x2c, 0xb1, 0xc8, 0x8f, 0x29, 0xe3, 0x57, 0x98, 0x87, 0xa6, 0xab, 0x48, 0x23, 0x36, 0x67, 
		0x6d, 0xde, 0xb6, 0x8c, 0xab, 0xd5, 0xa6, 0xa8, 0x84, 0xf2, 0x75, 0xd5, 0xba, 0x3f, 0x9f, 0xe7, 
		0x0d, 0x2e, 0x3d, 0xf7, 0x3a, 0x4c, 0x59, 0xcd, 0xef, 0x47, 0x9e, 0x0e, 0x5d, 0x0d, 0x31, 0x39, 
		0xfc, 0xdb, 0xc5, 0x7b, 0x74, 0xc9, 0x32, 0x41, 0xe3, 0xd9, 0xf3, 0xd7, 0x35, 0x8f, 0x13, 0xcc, 
		0xf1, 0x82, 0x08, 0xc2, 0xd3, 0x7c, 0xff, 0xbe, 0x0f, 0xcb, 0x3c, 0xbb, 0x8a, 0x53, 0xc1, 0x09, 
		0x5e, 0xe8, 0x4b, 0x7d, 0x4d, 0x5c, 0x2d, 0x3b, 0x21, 0x9d, 0x4e, 0x09, 0x27, 0xb1, 0x40, 0xbf, 
		0x5d, 0xbe, 0x56, 0x76, 0x4b, 0xfd, 0xb3, 0xd6, 0x25, 0x98, 0xbd, 0x91, 0xa7, 0x2e, 0x4b, 0x72, 
		0xa1, 0x0c, 0xb5, 0xda, 0x86, 0x7c, 0x4e, 0x59, 0xea, 0xc7, 0xca, 0x09, 0xa1, 0xfe, 0x5c, 0xf2, 
		0xa9, 0xfa, 0x37, 0x24, 0x53, 0x1a, 0xab, 0x7b, 0x3f, 0x3f, 0xe5, 0x35, 0x16, 0xe4, 0x87, 0x20, 
		0xe3, 0x92, 0x07, 0x7b, 0xfb, 0x9f, 0x07, 0xce, 0xe0, 0x15, 0xe7, 0x8c, 0xbf, 0x23, 0x69, 0x8a, 
		0x67, 0x7a, 0x2b, 0x24, 0x7f, 0xe4, 0x37, 0xd0, 0x84, 0xa0, 0x80, 0x13, 0x2c, 0xcd, 0x25, 0x2f, 
		0x15, 0x0e, 0x0a, 0x89, 0x84, 0x68, 0x21, 0x8a, 0xf2, 0x00, 0x96, 0xae, 0xfe, 0x13, 0xf9, 0x4a, 
		0x77, 0x51, 0xbc, 0xf3, 0x2e, 0x36, 0xac, 0xf7, 0xa5, 0x1b, 0x85, 0x3c, 0xaf, 0xe6, 0x24, 0xd6, 
		0x7b, 0x7d, 0x70, 0xf0, 0xdc, 0xd0, 0x19, 0x5d, 0xad, 0x51, 0xbf, 0xb9, 0xab, 0x11, 0xe6, 0x8b, 
		0x0a, 0xfc, 0xb9, 0xcb, 0x3a, 0x0a, 0x64, 0x4a, 0xc9, 0x94, 0x53, 0x35, 0x2e, 0x66, 0x62, 0xef, 
		0xe0, 0xe0, 0xf9, 0xc1, 0xc1, 0x73, 0x9a, 0x3c, 0x2f, 0x76, 0x46, 0xf7, 0x11, 0xe3, 0xe8, 0x7e, 
		0x5c, 0x50, 0x55, 0x8a, 0xd7, 0xb8, 0x53, 0xbc, 0xa0, 0xd1, 0xb5, 0x22, 0xd1, 0x64, 0x39, 0x5e, 
		0xcd, 0xa1, 0x73, 0xe3, 0x07, 0x48, 0x56, 0x46, 0x34, 0x46, 0x8f, 0xc7, 0xb8, 0x6f, 0x6a, 0x40, 
		0x93, 0x9f, 0xa8, 0x60, 0x68, 0xc3, 0xa7, 0xa0, 0x3d, 0x2b, 0x06, 0xdf, 0x59, 0x0b, 0xfd, 0x80, 
		0x9e, 0x29, 0xbf, 0xea, 0xb3, 0xfd, 0xd5, 0xac, 0xfb, 0xc8, 0x50, 0x50, 0xcd, 0xbf, 0x25, 0x9f, 
		0x6a, 0x73, 0xd0, 0x41, 0x69, 0xe5, 0x1c, 0x50, 0xef, 0x13, 0x0c, 0xa9, 0xf7, 0xc9, 0x3e, 0xfc, 
		0x0d, 0xc9, 0x5f, 0xce, 0x71, 0x3c, 0x23, 0x7a, 0x15, 0xb5, 0xff, 0x94, 0x57, 0x12, 0x0c, 0x29, 
		0x3e, 0x15, 0x9d, 0x6d, 0xbc, 0x5c, 0xbe, 0xe3, 0x41, 0x58, 0x6f, 0xb5, 0x03, 0x37, 0xfa, 0x86, 
		0xa4, 0x23, 0xfb, 0x20, 0x87, 0x50, 0x72, 0xd6, 0x19, 0xbc, 0xa5, 0xa9, 0x38, 0x17, 0x42, 0x2d, 
		0xbd, 0xef, 0x68, 0xfc, 0x2a, 0x22, 0xb2, 0xc5, 0xb9, 0xe3, 0xfb, 0x1d, 0xfe, 0x5a, 0x3f, 0x7b, 
		0xa7, 0xe3, 0xf1, 0xf1, 0xc9, 0x78, 0x3c, 0x3c, 0x39, 0x3c, 0x19, 0x9e, 0x1d, 0x1d, 0x79, 0xc7, 
		0xde, 0x91, 0x33, 0xf8, 0x85, 0x87, 0x84, 0x93, 0xf0, 0xc7, 0xeb, 0x81, 0x1f, 0x67, 0x51, 0xa4, 
		0x11, 0x7e, 0x4d, 0x25, 0x9e, 0x2c, 0x3c, 0xe6, 0x37, 0x37, 0xff, 0x2f, 0x00, 0x00, 0xff, 0xff, 
		0x6b, 0xd0, 0x4f, 0x61, 0x6d, 0xbf, 0x07, 0x00, 
	}
