// Code generated by cisco-vk-yang-sync. DO NOT EDIT.
// Per-family goyang schema: terminal entries extracted from the Cisco-IOS-XE
// native YANG tree for the paths declared in this family's yang_paths.
// The UnzipSchema function is API-compatible with the ygot-generated version
// so register.go works unchanged.

package cfgval_class_map_1716

import (
	"bytes"
	"compress/gzip"
	"encoding/json"
	"fmt"
	"io"

	"github.com/openconfig/goyang/pkg/yang"
)

// FamilyRoot is a placeholder kept for compatibility with any code that
// references this type by name. The real schema lives in ySchema / UnzipSchema.
type FamilyRoot struct{}

// UnzipSchema decompresses ySchema, reconstructs the yang.Entry tree, and
// returns the map[string]*yang.Entry that register.go and ValidateBody use.
func UnzipSchema() (map[string]*yang.Entry, error) {
	r, err := gzip.NewReader(bytes.NewReader(ySchema))
	if err != nil {
		return nil, fmt.Errorf("gzip reader: %w", err)
	}
	raw, err := io.ReadAll(r)
	if err != nil {
		return nil, fmt.Errorf("gzip read: %w", err)
	}
	var root yang.Entry
	if err := json.Unmarshal(raw, &root); err != nil {
		return nil, fmt.Errorf("unmarshal schema: %w", err)
	}
	// Rebuild parent pointers recursively.
	var setParents func(e *yang.Entry)
	setParents = func(e *yang.Entry) {
		for _, child := range e.Dir {
			child.Parent = e
			setParents(child)
		}
	}
	setParents(&root)
	return map[string]*yang.Entry{"FamilyRoot": &root}, nil
}

var ySchema = []byte{
		0x1f, 0x8b, 0x08, 0x00, 0x00, 0x00, 0x00, 0x00, 0x00, 0xff, 0xec, 0xbd, 0x0d, 0x6f, 0xdb, 0x38, 
		0xb6, 0x37, 0xfe, 0x55, 0x08, 0x03, 0x17, 0x9b, 0xec, 0x5a, 0x9d, 0xc4, 0x76, 0xd2, 0xd6, 0xc0, 
		0x1f, 0x8b, 0x4e, 0x9b, 0x79, 0x6e, 0x9f, 0x3b, 0x9d, 0xcd, 0x6d, 0x3a, 0xb3, 0xc0, 0xd3, 0xf4, 
		0x5e, 0xd0, 0x32, 0xed, 0x70, 0x2b, 0x4b, 0x1e, 0x89, 0xca, 0xcb, 0xce, 0xe4, 0xbb, 0xff, 0x41, 
		0xea, 0xc5, 0x14, 0x25, 0x3b, 0x72, 0x9a, 0xda, 0xc7, 0xf1, 0x6f, 0xb1, 0xe8, 0x44, 0x24, 0x2d, 
		0xf1, 0xbc, 0xf0, 0xf0, 0x90, 0xfc, 0x9d, 0xc3, 0x3f, 0x3a, 0xbf, 0xf0, 0x99, 0xe8, 0x0c, 0x3b, 
		0x3f, 0xf1, 0x99, 0x0c, 0xee, 0x3e, 0x46, 0x91, 0xea, 0x74, 0x3b, 0xff, 0x25, 0xc3, 0x71, 0x67, 
		0x78, 0xd4, 0xed, 0xbc, 0x8d, 0xc2, 0x89, 0x9c, 0x9a, 0x3f, 0xdf, 0xc9, 0xb8, 0x33, 0xfc, 0xa3, 
		0xe3, 0x07, 0x3c, 0x49, 0xbc, 0x19, 0x9f, 0xeb, 0x87, 0xfc, 0xb7, 0x8b, 0xb2, 0x6e, 0xe7, 0x9d, 
		0x48, 0xfc, 0x58, 0xce, 0x95, 0x8c, 0x42, 0x5d, 0x63, 0x7e, 0x9f, 0xc6, 0x82, 0xfd, 0x1e, 0x25, 
		0xcc, 0xb4, 0x63, 0x59, 0xbb, 0xec, 0x13, 0xc7, 0x95, 0x4f, 0x9c, 0xc7, 0x62, 0x22, 0x6f, 0xad, 
		0x17, 0xcb, 0x28, 0xf1, 0xe6, 0x51, 0x20, 0xfd, 0xbb, 0x4e, 0xb7, 0x73, 0x11, 0xa5, 0xb1, 0x2f, 
		0x74, 0xed, 0x7f, 0x89, 0xbb, 0x9b, 0x28, 0x1e, 0x77, 0x86, 0x9d, 0x79, 0xf6, 0x8b, 0x6e, 0xe7, 
		0x3f, 0x79, 0xf2, 0x26, 0x9e, 0xa6, 0x33, 0x11, 0xaa, 0xce, 0x50, 0xc5, 0xa9, 0xe8, 0x76, 0x16, 
		0xcf, 0xf6, 0x7b, 0xee, 0xef, 0x4b, 0x52, 0xc6, 0x76, 0x57, 0xcb, 0x6f, 0xda, 0xa5, 0x2e, 0x39, 
		0x6f, 0x0d, 0xa1, 0x1f, 0xf8, 0x9c, 0x55, 0x5b, 0x35, 0xf1, 0x6b, 0x53, 0xc4, 0x7c, 0xba, 0x9b, 
		0x0b, 0xeb, 0x2b, 0x89, 0x8a, 0x65, 0x38, 0x5d, 0x30, 0xf8, 0x55, 0xb7, 0xf3, 0xb3, 0x08, 0xa7, 
		0xea, 0xaa, 0x33, 0xfc, 0xfc, 0x47, 0xe7, 0x83, 0x34, 0xa4, 0xfe, 0xc6, 0x83, 0x54, 0x18, 0xee, 
		0xff, 0x14, 0x73, 0x5f, 0x13, 0xf1, 0x4e, 0x4e, 0xa5, 0x4a, 0x4c, 0xc7, 0x7f, 0x11, 0x53, 0xae, 
		0xe4, 0xb5, 0xe8, 0x0c, 0x27, 0x3c, 0x48, 0xc4, 0x7d, 0xb7, 0xf3, 0x81, 0xdf, 0x5a, 0xbf, 0xea, 
		0x1d, 0x1d, 0xb5, 0xfa, 0xdd, 0xfd, 0x17, 0xdd, 0xbd, 0x19, 0x57, 0xfe, 0x95, 0xd5, 0xbf, 0xec, 
		0xb9, 0xa6, 0x27, 0x9a, 0xb1, 0x72, 0x22, 0x7d, 0xae, 0x0b, 0x98, 0x1f, 0x4b, 0x25, 0x62, 0xc9, 
		0x69, 0xe8, 0x09, 0xf7, 0x7d, 0x91, 0x24, 0xde, 0x34, 0x8e, 0x52, 0x5b, 0xeb, 0x2b, 0xc5, 0x2e, 
		0x41, 0x6f, 0x4c, 0x25, 0x2b, 0x2a, 0x09, 0x50, 0x21, 0xc3, 0xb1, 0xa8, 0x7c, 0xcd, 0x3c, 0xbb, 
		0xfd, 0xfe, 0x25, 0x9d, 0x8d, 0x44, 0x2c, 0xc6, 0x2c, 0x27, 0xe0, 0x67, 0x99, 0x28, 0x76, 0xf0, 
		0xee, 0xec, 0xfc, 0xe3, 0xd9, 0xdb, 0x37, 0x9f, 0xce, 0xde, 0x1d, 0xd2, 0xd2, 0xf6, 0x5c, 0x06, 
		0x81, 0x4c, 0x94, 0xa7, 0x74, 0x55, 0xc9, 0xea, 0xd7, 0x45, 0xdb, 0xcf, 0x65, 0xe3, 0x54, 0x86, 
		0xea, 0xf8, 0xb4, 0x6c, 0x72, 0xda, 0xed, 0x7c, 0xe4, 0xe1, 0x54, 0x3c, 0xd9, 0xc0, 0x38, 0x7e, 
		0xfd, 0xba, 0xed, 0xc0, 0xe8, 0x3e, 0xa6, 0x53, 0xfd, 0x96, 0x03, 0xaf, 0x36, 0x60, 0x4f, 0xdb, 
		0x77, 0xec, 0xcb, 0x7d, 0xb7, 0x23, 0x6e, 0x55, 0xcc, 0xbd, 0x34, 0x4c, 0x14, 0x1f, 0x05, 0x86, 
		0xdb, 0x89, 0xe2, 0x2a, 0x4d, 0x6c, 0x5e, 0x8e, 0xc5, 0x3c, 0x16, 0x3e, 0x57, 0x62, 0xbc, 0x44, 
		0xbc, 0xf9, 0x4f, 0x1e, 0x12, 0xaf, 0xf5, 0x9e, 0xdc, 0x60, 0x18, 0xbd, 0xfc, 0x5f, 0x2d, 0x51, 
		0x57, 0x59, 0xb3, 0xc2, 0x36, 0x1a, 0x0b, 0x25, 0x7d, 0xf6, 0x4a, 0xaa, 0xc5, 0xfc, 0x46, 0x29, 
		0x63, 0xda, 0x3e, 0xc8, 0xf0, 0x2c, 0x10, 0x5a, 0x16, 0xd9, 0x4f, 0x3e, 0xf0, 0xdb, 0xc5, 0xf3, 
		0xf1, 0xab, 0xc1, 0xe0, 0xf4, 0xe5, 0x60, 0x70, 0xf4, 0xb2, 0xff, 0xf2, 0xe8, 0xf5, 0xc9, 0xc9, 
		0xf1, 0xe9, 0xf1, 0x49, 0xb7, 0xf3, 0x8f, 0x78, 0xac, 0x95, 0xe6, 0xc7, 0x3b, 0x4b, 0x4e, 0x69, 
		0x22, 0xe2, 0x25, 0x7a, 0x10, 0x65, 0xcd, 0xbd, 0xd1, 0xdd, 0x83, 0xba, 0x60, 0xde, 0xa2, 0xb5, 
		0xa0, 0xfc, 0xc4, 0xaf, 0xba, 0xc4, 0x34, 0xcc, 0xf4, 0x7b, 0x9e, 0x56, 0x55, 0x5b, 0x3f, 0xbb, 
		0x5a, 0xfd, 0x5e, 0x97, 0x32, 0x15, 0xf3, 0xc9, 0x44, 0xfa, 0xb9, 0xe3, 0x34, 0xe7, 0x31, 0x9f, 
		0x09, 0x25, 0xe2, 0x84, 0xca, 0x8c, 0x32, 0x4f, 0x95, 0xe7, 0x5f, 0x45, 0xd2, 0x17, 0x2e, 0x41, 
		0x45, 0x71, 0xd1, 0xd1, 0x13, 0x8a, 0x53, 0x5f, 0xd6, 0xb5, 0x01, 0xc5, 0xae, 0xed, 0x9a, 0x8d, 
		0xd3, 0x16, 0xa2, 0xdf, 0x2b, 0xfb, 0xf4, 0xf2, 0xa9, 0xcd, 0x56, 0xef, 0x65, 0x7b, 0xf3, 0x70, 
		0xaf, 0xfb, 0x17, 0x9a, 0x7e, 0x95, 0xfd, 0x33, 0x8f, 0x24, 0x24, 0xde, 0xdc, 0x31, 0x47, 0xde, 
		0x7c, 0x46, 0x59, 0xd8, 0xdf, 0x7f, 0x8d, 0xf1, 0xaa, 0xfd, 0x12, 0x23, 0xfb, 0xdf, 0x32, 0x81, 
		0x83, 0xaf, 0x15, 0xbe, 0x9e, 0x0e, 0x5a, 0x4f, 0xfe, 0xbb, 0x3b, 0xc3, 0x46, 0xa9, 0xaa, 0x4e, 
		0xb1, 0x79, 0x81, 0xab, 0x0d, 0xff, 0x30, 0xc5, 0x98, 0x64, 0x31, 0xc9, 0x62, 0x92, 0xc5, 0x24, 
		0x4b, 0x4d, 0xd8, 0x04, 0x27, 0x59, 0xdd, 0x4b, 0xdd, 0xfc, 0x5a, 0xaf, 0xd7, 0xbd, 0x44, 0xc4, 
		0xd7, 0xd2, 0x17, 0x9e, 0x12, 0xb3, 0x79, 0xc0, 0x55, 0x75, 0xc5, 0xbb, 0xb4, 0x91, 0x2b, 0x05, 
		0xb3, 0x1f, 0xc8, 0xb4, 0x80, 0x58, 0x34, 0x61, 0x79, 0x73, 0x56, 0x34, 0x67, 0xe5, 0x9b, 0x58, 
		0x14, 0xb2, 0x44, 0x24, 0x89, 0xbd, 0xe1, 0xba, 0x55, 0xc3, 0x5c, 0x50, 0xe6, 0xa8, 0x5a, 0xa5, 
		0xd8, 0x25, 0xf6, 0x2c, 0x54, 0x22, 0x2e, 0x89, 0xac, 0x0c, 0x17, 0x9a, 0x3a, 0x67, 0x44, 0xfe, 
		0x5f, 0xe2, 0xae, 0x4e, 0xd8, 0xd3, 0x79, 0x07, 0x61, 0x1a, 0x04, 0xb5, 0xb9, 0x3c, 0x57, 0xbd, 
		0x6e, 0x87, 0x87, 0xb6, 0x03, 0xa1, 0x9f, 0x6a, 0x5b, 0xad, 0xe1, 0x1d, 0x9b, 0x73, 0xff, 0xab, 
		0x50, 0x09, 0x2d, 0x6e, 0x8a, 0xd9, 0x5c, 0xdd, 0x2d, 0x98, 0xd9, 0x37, 0xe4, 0xcc, 0xe7, 0x41, 
		0xbe, 0xcb, 0x6d, 0x93, 0x65, 0x95, 0xd6, 0xc8, 0x5b, 0xd4, 0x31, 0x15, 0xb1, 0x62, 0xff, 0x9c, 
		0xc0, 0x08, 0xb0, 0x7a, 0x5d, 0xdf, 0x1c, 0xaf, 0xd5, 0xad, 0xa2, 0xeb, 0xff, 0xe8, 0x16, 0xc4, 
		0xa8, 0x53, 0x22, 0x10, 0xf3, 0x58, 0x24, 0x22, 0xf4, 0x45, 0x8d, 0xbc, 0x86, 0x4a, 0x97, 0xbe, 
		0x4f, 0x56, 0x93, 0x8c, 0x40, 0xe2, 0xda, 0xd9, 0x6e, 0xe3, 0x37, 0x1a, 0x25, 0x51, 0x20, 0x8c, 
		0x21, 0xff, 0x86, 0x6d, 0xdf, 0xf2, 0x2d, 0xf9, 0xa6, 0xef, 0xf5, 0xec, 0x86, 0xc7, 0x75, 0x36, 
		0x57, 0x8a, 0x5d, 0x06, 0xff, 0xf6, 0xe1, 0x9f, 0x6f, 0x3e, 0x9e, 0x81, 0xb5, 0x0f, 0xb0, 0xf6, 
		0x46, 0x8c, 0xc4, 0x6d, 0x8d, 0xb3, 0x76, 0xa9, 0xcb, 0xd8, 0x7f, 0x8a, 0xd1, 0xd9, 0x2d, 0xf8, 
		0xba, 0x92, 0xaf, 0x5b, 0x15, 0x29, 0x57, 0x2a, 0x96, 0xa3, 0xb4, 0xea, 0x72, 0x95, 0x65, 0xab, 
		0x0c, 0x6d, 0xd9, 0x8a, 0x98, 0xb1, 0x9d, 0x89, 0xb1, 0xe4, 0xd9, 0xe1, 0x88, 0x75, 0x54, 0xbc, 
		0x28, 0x74, 0x69, 0xfa, 0xa0, 0xab, 0x98, 0xae, 0x5a, 0x45, 0x12, 0x0d, 0xa5, 0x0d, 0xd3, 0x99, 
		0x88, 0x79, 0x05, 0x29, 0x70, 0x3c, 0xe8, 0x76, 0xce, 0xc2, 0x74, 0xa6, 0x9b, 0x7d, 0x8a, 0x2e, 
		0x32, 0xaf, 0x6b, 0xf8, 0x47, 0xe7, 0x48, 0x0b, 0x32, 0x1d, 0xcb, 0xa8, 0xd3, 0xed, 0x1c, 0x17, 
		0x7f, 0x7b, 0xd7, 0x72, 0x2c, 0x74, 0x49, 0x2f, 0x03, 0x54, 0xa8, 0x38, 0x0a, 0x3a, 0xdd, 0x4e, 
		0xbf, 0x33, 0xec, 0x8c, 0xb9, 0xe2, 0x9d, 0x6e, 0x67, 0xa0, 0x4d, 0xa5, 0x69, 0xa4, 0x3f, 0x1f, 
		0xbd, 0x0f, 0xcd, 0xe6, 0x47, 0xf6, 0x22, 0x4d, 0xb9, 0xfd, 0x1a, 0x2d, 0xe7, 0xe2, 0x25, 0xc3, 
		0x5e, 0x37, 0x7b, 0xc5, 0xb0, 0xdf, 0xcd, 0x5f, 0x30, 0x1c, 0x6c, 0x55, 0xb7, 0xb7, 0x3a, 0xac, 
		0x7c, 0x99, 0xf8, 0x91, 0x37, 0xbf, 0x8a, 0x42, 0x5b, 0x7e, 0x76, 0x69, 0x0d, 0x0f, 0xa2, 0xeb, 
		0xd8, 0xfb, 0x73, 0x76, 0xae, 0xab, 0x13, 0xc6, 0xc3, 0x31, 0x3b, 0x7f, 0xeb, 0x8d, 0x78, 0x22, 
		0xc6, 0xec, 0xd7, 0x50, 0x4e, 0xa4, 0x18, 0xb3, 0xb7, 0xd1, 0x6c, 0x96, 0x86, 0x7a, 0x04, 0x46, 
		0x31, 0x75, 0x0f, 0x95, 0x08, 0xfb, 0x3d, 0x3f, 0x0a, 0x27, 0xcd, 0x32, 0xc8, 0xaa, 0xbe, 0x5d, 
		0x10, 0xac, 0x80, 0x26, 0x39, 0x23, 0x73, 0x9b, 0x56, 0x70, 0xa3, 0x0a, 0xb8, 0x5d, 0x7b, 0x9f, 
		0x06, 0x4a, 0xce, 0x03, 0x71, 0x5b, 0xb3, 0xf9, 0xd5, 0x8a, 0x9a, 0xdd, 0x2f, 0xaa, 0xd9, 0xa7, 
		0xca, 0x41, 0xfa, 0x76, 0x37, 0x02, 0x54, 0x65, 0xfd, 0x5f, 0xdf, 0x68, 0x5e, 0xf4, 0xfa, 0x42, 
		0x10, 0xdb, 0x65, 0x22, 0x65, 0x01, 0xd2, 0xb0, 0xca, 0xcb, 0xec, 0x79, 0x39, 0x37, 0x7f, 0xcd, 
		0xeb, 0xc1, 0x4f, 0x72, 0x73, 0x69, 0x22, 0xa7, 0x21, 0x0f, 0x64, 0x38, 0x75, 0x07, 0xb8, 0x53, 
		0xe1, 0x0a, 0xf7, 0xa2, 0xa8, 0x26, 0x34, 0xc0, 0x47, 0x13, 0xdf, 0x5e, 0x3a, 0x99, 0x47, 0xb7, 
		0xdf, 0x3f, 0xca, 0x90, 0xc7, 0x77, 0x6c, 0x12, 0x44, 0x51, 0xcc, 0x72, 0xff, 0x8a, 0xcd, 0xe3, 
		0x48, 0x45, 0x7e, 0x14, 0xb0, 0x92, 0x68, 0x56, 0xc1, 0xff, 0x40, 0x63, 0x5d, 0xb5, 0xb9, 0xea, 
		0xf7, 0xfa, 0x56, 0xdf, 0xcc, 0xa3, 0xcb, 0x6a, 0x5d, 0x08, 0x8e, 0xb6, 0xe5, 0xe8, 0x6c, 0x5a, 
		0x51, 0x5e, 0xf3, 0xd8, 0xbc, 0x9a, 0x9a, 0x72, 0x25, 0x6e, 0xf8, 0x1d, 0xb4, 0xf7, 0x1b, 0x8c, 
		0xde, 0xbc, 0x62, 0xe9, 0xea, 0x9c, 0xbe, 0x78, 0x7f, 0x0e, 0x76, 0xb6, 0x66, 0xe7, 0x57, 0x19, 
		0x56, 0x76, 0xff, 0xf3, 0x82, 0x1a, 0x53, 0x4d, 0x31, 0xf8, 0xba, 0x0b, 0x6e, 0x41, 0xf9, 0xaa, 
		0x42, 0xa4, 0x59, 0x01, 0x89, 0x79, 0xde, 0xe7, 0xbe, 0xbd, 0xec, 0xe2, 0xfe, 0xca, 0xad, 0xb4, 
		0xac, 0xe7, 0xec, 0x2d, 0x0f, 0x02, 0xf6, 0x66, 0x3c, 0x93, 0xe6, 0x68, 0x92, 0xbd, 0x2d, 0xf7, 
		0x67, 0x28, 0x6b, 0x9f, 0x5e, 0x6d, 0x07, 0xd2, 0x26, 0x36, 0x90, 0xad, 0x88, 0x8d, 0x66, 0x33, 
		0xbd, 0xc4, 0x0c, 0x64, 0x28, 0x98, 0x0c, 0x95, 0x88, 0x27, 0xdc, 0xa7, 0x3e, 0xd4, 0x34, 0xb1, 
		0xe9, 0xa8, 0xb2, 0xa2, 0xd6, 0x8f, 0x6d, 0xc8, 0x35, 0xab, 0xeb, 0x62, 0x19, 0xfd, 0xa3, 0x81, 
		0x28, 0xb1, 0xfc, 0x64, 0x93, 0x3e, 0xd1, 0xb3, 0xa4, 0x32, 0xf1, 0x27, 0xab, 0x8f, 0xe0, 0x72, 
		0x92, 0xb3, 0x66, 0xc4, 0x29, 0x0b, 0x47, 0x3c, 0xb6, 0x9a, 0x98, 0xc7, 0x16, 0xb4, 0xfd, 0x22, 
		0xd4, 0x4d, 0x14, 0x7f, 0x65, 0x3f, 0x9a, 0xdd, 0x11, 0xbb, 0xc1, 0x47, 0xe1, 0x47, 0xd3, 0x50, 
		0xd2, 0x8b, 0xe6, 0x6a, 0xa2, 0x3e, 0x9e, 0xcc, 0xc6, 0x56, 0x13, 0xf3, 0xd8, 0x82, 0xfa, 0x8f, 
		0xe2, 0x5a, 0xc4, 0x89, 0x60, 0x3f, 0x05, 0xd1, 0x0d, 0x9b, 0x09, 0xc5, 0xf3, 0xcd, 0x63, 0xea, 
		0xd4, 0x26, 0xd7, 0xb6, 0x1a, 0x9b, 0xc7, 0x56, 0xd4, 0x2e, 0xfe, 0x10, 0xf1, 0x75, 0x56, 0x77, 
		0x9e, 0x7b, 0xb4, 0xd4, 0xa9, 0xd6, 0x8d, 0x72, 0x54, 0xa2, 0xbb, 0x7c, 0xae, 0x14, 0xd7, 0x8e, 
		0x9c, 0x73, 0x24, 0x23, 0x9d, 0xa5, 0x73, 0x79, 0xd2, 0xb0, 0xb0, 0xbd, 0xe5, 0x04, 0xe9, 0xec, 
		0x64, 0xe6, 0xab, 0x8e, 0x02, 0x8d, 0x09, 0x1f, 0x8e, 0xaa, 0x0f, 0xa7, 0x62, 0x1e, 0x26, 0xf3, 
		0x28, 0x56, 0x0d, 0xba, 0x69, 0x57, 0x34, 0x68, 0x67, 0x56, 0x4d, 0x48, 0x3f, 0x63, 0x55, 0x59, 
		0x1d, 0x9b, 0x47, 0xb7, 0xdf, 0x1f, 0x05, 0x0f, 0x98, 0x92, 0x33, 0xc1, 0x4a, 0x02, 0x8b, 0x35, 
		0xf2, 0x65, 0x58, 0x2e, 0x92, 0x17, 0x75, 0xd0, 0xdc, 0x95, 0xea, 0x13, 0xab, 0x2a, 0xc7, 0xdb, 
		0x31, 0x1c, 0x7c, 0xde, 0x21, 0x0b, 0x71, 0x2d, 0xc2, 0x71, 0x14, 0xbb, 0x87, 0x78, 0x76, 0x29, 
		0x89, 0xc1, 0x9f, 0x75, 0xa8, 0xd6, 0xc3, 0x55, 0xee, 0x45, 0xc2, 0xca, 0x36, 0x64, 0x08, 0x30, 
		0x88, 0x4c, 0x2f, 0x73, 0x77, 0x3c, 0x27, 0x6e, 0x76, 0x59, 0x0b, 0x97, 0x44, 0x13, 0xe6, 0x1d, 
		0x4d, 0x98, 0x05, 0xdb, 0xcb, 0x29, 0x2d, 0x1c, 0x2a, 0x82, 0xc7, 0xa5, 0xcb, 0x37, 0x13, 0x56, 
		0xc8, 0xcf, 0xd9, 0x70, 0x20, 0x61, 0x37, 0x2c, 0xae, 0xff, 0xaf, 0xbb, 0x21, 0xb2, 0x02, 0x29, 
		0x92, 0x2d, 0xda, 0x8f, 0x17, 0x0b, 0xda, 0x5e, 0xb9, 0xce, 0xeb, 0x2f, 0x96, 0x45, 0x83, 0xc5, 
		0x1a, 0xe1, 0x64, 0xe1, 0x40, 0x9f, 0xe6, 0x3b, 0x1c, 0x36, 0x60, 0xc4, 0xec, 0x7f, 0x9c, 0xe6, 
		0x5b, 0x03, 0x47, 0xc5, 0xaa, 0xf9, 0x38, 0x5f, 0x49, 0xf6, 0x8a, 0x75, 0x57, 0xbf, 0x58, 0x82, 
		0x0c, 0x0a, 0xef, 0xfc, 0x24, 0x73, 0x59, 0x73, 0x65, 0x4b, 0x54, 0xec, 0x82, 0xa2, 0xdd, 0x9a, 
		0x07, 0x46, 0x58, 0x9c, 0x90, 0x5b, 0x88, 0xd9, 0x22, 0xca, 0xa8, 0x49, 0x5a, 0xc9, 0xe8, 0xcd, 
		0xad, 0x4c, 0x72, 0x21, 0x99, 0xdd, 0x84, 0x5c, 0x4a, 0xe7, 0x3c, 0xe4, 0x49, 0x14, 0x4a, 0x3f, 
		0x97, 0xd5, 0xc7, 0x68, 0x24, 0x62, 0xe5, 0xfd, 0x18, 0x25, 0x06, 0xbe, 0xa4, 0x65, 0xf6, 0x9b, 
		0xe4, 0xbf, 0xd5, 0x30, 0x3d, 0xe6, 0x75, 0x86, 0x23, 0xe6, 0x65, 0x5a, 0x38, 0x8b, 0x57, 0x69, 
		0x11, 0x55, 0x5e, 0xa4, 0x45, 0x55, 0xbe, 0xc6, 0x20, 0x7b, 0x16, 0x70, 0x6e, 0x47, 0x24, 0x8b, 
		0x71, 0xb1, 0x29, 0x60, 0xb7, 0x6d, 0x9a, 0x72, 0x91, 0xaf, 0xb2, 0x5e, 0x95, 0x26, 0xcb, 0xcc, 
		0x57, 0x6e, 0xb2, 0xf2, 0xb6, 0x14, 0x6d, 0xd6, 0x93, 0x8c, 0x91, 0x82, 0x4e, 0x7a, 0x01, 0x04, 
		0xcf, 0x65, 0x98, 0x68, 0xf5, 0xcc, 0xac, 0x90, 0x2d, 0xa0, 0xc2, 0x2e, 0xed, 0x9a, 0xf1, 0xda, 
		0x40, 0x4e, 0xa0, 0x57, 0xed, 0x43, 0x89, 0x96, 0x59, 0xa0, 0x05, 0xeb, 0xb6, 0x69, 0x82, 0x1e, 
		0xf6, 0xa3, 0x9a, 0x5a, 0x2e, 0x33, 0x48, 0x0d, 0x83, 0x36, 0xff, 0xf9, 0x65, 0x08, 0xc7, 0x0a, 
		0x8e, 0xd5, 0x5a, 0x8e, 0x55, 0xf3, 0x84, 0xd1, 0xc6, 0xa1, 0xaa, 0x2c, 0x59, 0xc8, 0x49, 0x06, 
		0x13, 0x05, 0x15, 0xa9, 0x90, 0x9e, 0x28, 0xec, 0x49, 0x62, 0xd3, 0xee, 0x6a, 0x45, 0xd4, 0xf5, 
		0x8d, 0x0d, 0xab, 0xb8, 0x16, 0xa5, 0x44, 0xd9, 0x17, 0x7d, 0x12, 0xcd, 0xa5, 0x40, 0x43, 0x36, 
		0x33, 0xd7, 0x26, 0x6d, 0xb7, 0xae, 0x71, 0x9a, 0x9e, 0x44, 0xb1, 0xb3, 0xef, 0x41, 0x5d, 0x62, 
		0xf5, 0x99, 0xc0, 0x2a, 0x5e, 0xa6, 0x80, 0xce, 0xd8, 0xde, 0x13, 0x7b, 0x73, 0xd2, 0x7b, 0x8c, 
		0xbd, 0xa9, 0xb0, 0x73, 0x73, 0xde, 0xa8, 0xa5, 0xae, 0xcb, 0xdc, 0xd0, 0x25, 0x4d, 0xd6, 0x52, 
		0x6c, 0x1e, 0x8e, 0xb1, 0xab, 0x07, 0xe7, 0xb3, 0xb5, 0xf3, 0x99, 0x2f, 0x77, 0x9a, 0xb6, 0x2c, 
		0x9c, 0x2a, 0xd8, 0x1e, 0xdb, 0xf6, 0x0c, 0xd6, 0xc8, 0xaf, 0xe1, 0xda, 0x9e, 0x6d, 0xed, 0xcb, 
		0xe5, 0x9e, 0xce, 0x5e, 0x1e, 0x5b, 0xf9, 0x52, 0xc5, 0x15, 0x45, 0xcc, 0x0b, 0xea, 0x41, 0x57, 
		0xba, 0xd8, 0x5e, 0xdb, 0xd3, 0xd2, 0x6c, 0x42, 0xc7, 0x90, 0x05, 0x53, 0xeb, 0x01, 0x7d, 0x8b, 
		0xd2, 0x87, 0xd9, 0x5b, 0x9d, 0xa6, 0x88, 0x84, 0xb0, 0x3d, 0x81, 0xb6, 0x10, 0x9d, 0x67, 0x09, 
		0x74, 0x0e, 0x50, 0x5c, 0x40, 0x71, 0x01, 0xc5, 0x05, 0x14, 0x97, 0x38, 0xf5, 0x80, 0xe2, 0x02, 
		0x8a, 0xbb, 0x2b, 0x50, 0xdc, 0x11, 0xf7, 0xbf, 0x4e, 0xe3, 0x28, 0x0d, 0x6d, 0x8d, 0xb5, 0x0a, 
		0x6b, 0x11, 0xad, 0x65, 0x15, 0x30, 0xb9, 0xed, 0x5c, 0xdd, 0x51, 0x1a, 0x7c, 0xb5, 0x79, 0xab, 
		0x1f, 0x6b, 0x5c, 0x4d, 0x83, 0xaf, 0xe0, 0x67, 0x3b, 0x7e, 0x8e, 0x45, 0xf2, 0x55, 0x45, 0xb6, 
		0xc9, 0x29, 0x4a, 0x5c, 0xae, 0xbe, 0xcb, 0xca, 0xc1, 0xd8, 0x76, 0x8c, 0x35, 0xee, 0xa2, 0xc9, 
		0xac, 0x69, 0x77, 0xd1, 0x2e, 0xad, 0x5f, 0x47, 0x50, 0xd6, 0x81, 0xc9, 0x2d, 0x71, 0xce, 0x82, 
		0x07, 0x4a, 0x56, 0xf6, 0xcb, 0xca, 0xa2, 0x26, 0xc4, 0x73, 0x01, 0x78, 0x06, 0x6f, 0x5b, 0x84, 
		0x91, 0xe6, 0x89, 0x60, 0xad, 0xc5, 0x6b, 0x99, 0x1a, 0xd6, 0x89, 0x0d, 0xce, 0xca, 0xc1, 0xd8, 
		0x96, 0x8c, 0x55, 0xb1, 0xe0, 0xb3, 0x7c, 0x37, 0x7a, 0xb1, 0x51, 0x9a, 0x97, 0xd5, 0x98, 0x5b, 
		0xd4, 0x80, 0xbd, 0x2d, 0x43, 0x67, 0xd2, 0x30, 0x14, 0x76, 0x34, 0x54, 0x5e, 0x50, 0xf3, 0x1e, 
		0x4d, 0x31, 0xb8, 0x4a, 0x7e, 0xcb, 0xf8, 0x39, 0xc5, 0x42, 0x49, 0x9f, 0xdb, 0xdf, 0xf2, 0x79, 
		0x83, 0x17, 0x30, 0x16, 0x73, 0x11, 0x8e, 0x45, 0xa8, 0x98, 0x1f, 0xcd, 0xe6, 0xa9, 0x92, 0xe1, 
		0xf4, 0x32, 0xe4, 0xb1, 0x7f, 0x25, 0x95, 0xf0, 0x55, 0x1a, 0x0b, 0xc4, 0xe7, 0xb4, 0xf6, 0x0f, 
		0xc6, 0x95, 0xc5, 0xf4, 0xb8, 0x29, 0x0e, 0x6a, 0x16, 0x29, 0xc1, 0x72, 0xa7, 0xb7, 0x0c, 0x81, 
		0xba, 0x0c, 0xc1, 0x63, 0xfa, 0x96, 0x01, 0x31, 0x50, 0x88, 0x81, 0x02, 0x5a, 0x62, 0x0f, 0xd1, 
		0x12, 0x88, 0x81, 0xa2, 0x8e, 0xd9, 0x45, 0x0c, 0x14, 0x09, 0x93, 0x8d, 0x18, 0x28, 0xda, 0xc3, 
		0x04, 0xd0, 0x76, 0xc4, 0x40, 0x21, 0x06, 0x0a, 0x8e, 0x15, 0x29, 0xc7, 0x0a, 0x31, 0x50, 0x98, 
		0x28, 0xf6, 0x78, 0xa2, 0x40, 0x0c, 0x14, 0x62, 0xa0, 0x10, 0x03, 0x85, 0x18, 0x28, 0xc4, 0x40, 
		0x21, 0x06, 0x0a, 0xce, 0x27, 0x62, 0xa0, 0xc8, 0xdb, 0x1e, 0xc4, 0x40, 0xed, 0xd6, 0xb1, 0x55, 
		0xeb, 0x0b, 0x38, 0x76, 0x04, 0xc0, 0xbb, 0x6d, 0x5e, 0xba, 0x7e, 0xf2, 0xa2, 0x6c, 0x25, 0x57, 
		0xd9, 0x5b, 0x7a, 0x93, 0xd2, 0xe3, 0x55, 0x83, 0xe8, 0x5c, 0x4a, 0xa0, 0x73, 0x88, 0x73, 0x42, 
		0x9c, 0x13, 0xe2, 0x9c, 0x10, 0xe7, 0x44, 0x9c, 0x7a, 0xc4, 0x39, 0xed, 0x43, 0x9c, 0x13, 0x20, 
		0x4b, 0x80, 0x2c, 0x61, 0x73, 0x63, 0x0f, 0x37, 0x37, 0x00, 0x59, 0xa2, 0x7e, 0xc4, 0x06, 0xc8, 
		0x12, 0x09, 0x93, 0x0d, 0xc8, 0x12, 0xed, 0x61, 0x82, 0x93, 0x68, 0x40, 0x96, 0x00, 0x59, 0x82, 
		0x63, 0x45, 0xca, 0xb1, 0x02, 0x64, 0x09, 0x13, 0xc5, 0x1e, 0x4f, 0x14, 0x80, 0x2c, 0x01, 0xb2, 
		0x04, 0xc8, 0x12, 0x20, 0x4b, 0x80, 0x2c, 0x01, 0xb2, 0x04, 0xe7, 0x13, 0x90, 0x25, 0xf2, 0xb6, 
		0x07, 0x90, 0xa5, 0xdd, 0x82, 0x2c, 0xc9, 0xb9, 0xe7, 0xf3, 0x99, 0x88, 0x2b, 0xd9, 0x2b, 0xca, 
		0xb2, 0xc6, 0x4c, 0x56, 0xa1, 0x50, 0x0b, 0xa8, 0x8d, 0x59, 0x17, 0xb0, 0x8b, 0x34, 0xbe, 0x16, 
		0x32, 0x08, 0x78, 0x68, 0x10, 0x16, 0xf9, 0x6f, 0x09, 0x29, 0x3e, 0x29, 0x68, 0x53, 0xc9, 0x5f, 
		0xd7, 0xa9, 0x76, 0x2a, 0x1e, 0xc3, 0xfd, 0xcb, 0x30, 0x63, 0x3f, 0xc9, 0xac, 0xcf, 0xdf, 0x5f, 
		0xd9, 0xb6, 0x4a, 0xde, 0x2c, 0x0d, 0x94, 0x9c, 0x07, 0xe2, 0xd6, 0xcd, 0x67, 0xe3, 0x54, 0xb8, 
		0x84, 0x7e, 0x28, 0xaa, 0x09, 0xe5, 0xb3, 0x49, 0x84, 0xed, 0x83, 0xe9, 0xa7, 0xe5, 0xbd, 0xbe, 
		0x10, 0xd4, 0xd1, 0x35, 0xdb, 0x1c, 0xed, 0x69, 0x58, 0xe5, 0x65, 0xf6, 0xbc, 0x9c, 0x9b, 0xbf, 
		0xe6, 0xf5, 0xe0, 0x27, 0xb9, 0xc9, 0x32, 0x91, 0xd3, 0x90, 0x07, 0x32, 0x9c, 0xba, 0x03, 0xdc, 
		0xa9, 0xa8, 0xa5, 0x7a, 0x2b, 0xaa, 0x09, 0x0d, 0xf0, 0x58, 0x25, 0xd5, 0xab, 0xe4, 0x1b, 0xf0, 
		0x66, 0xe6, 0x2e, 0xf9, 0x4f, 0x72, 0x26, 0x58, 0x99, 0xac, 0xee, 0x32, 0x2c, 0xad, 0x71, 0x46, 
		0xb4, 0x21, 0x0b, 0x99, 0x94, 0xc8, 0xaa, 0x2c, 0x00, 0xbc, 0x14, 0xb4, 0x0f, 0x00, 0x5e, 0x00, 
		0x78, 0x01, 0xe0, 0x05, 0x80, 0x97, 0xfa, 0xb2, 0x78, 0x8f, 0x01, 0xbc, 0xcf, 0xe3, 0xa2, 0x02, 
		0x24, 0xce, 0x7e, 0x96, 0x6e, 0xdc, 0x73, 0x4a, 0x95, 0x1b, 0xab, 0xea, 0xc2, 0x63, 0xd5, 0xba, 
		0xa3, 0x5c, 0x6c, 0x20, 0x6b, 0x2b, 0x7d, 0x25, 0x45, 0x08, 0x04, 0x42, 0x20, 0x70, 0x58, 0xba, 
		0x87, 0x87, 0xa5, 0x08, 0x81, 0xa0, 0x0e, 0xd9, 0x43, 0x08, 0x04, 0x09, 0x93, 0x8d, 0x10, 0x08, 
		0xda, 0xc3, 0x04, 0xc8, 0x56, 0x84, 0x40, 0x20, 0x04, 0x02, 0x8e, 0x15, 0x29, 0xc7, 0x0a, 0x21, 
		0x10, 0x98, 0x28, 0xf6, 0x78, 0xa2, 0x40, 0x08, 0x04, 0x42, 0x20, 0x10, 0x02, 0x81, 0x10, 0x08, 
		0x84, 0x40, 0x20, 0x04, 0x02, 0xce, 0x27, 0x42, 0x20, 0xc8, 0xdb, 0x1e, 0x84, 0x40, 0xec, 0xd6, 
		0xb1, 0xd5, 0xbf, 0xf8, 0x68, 0x24, 0xec, 0xf3, 0xa0, 0xbc, 0xc0, 0xd5, 0xea, 0xff, 0x6b, 0x8a, 
		0x77, 0x05, 0xd3, 0xb0, 0x7d, 0x8e, 0xba, 0xfe, 0xb2, 0x5d, 0xfa, 0x00, 0x6f, 0x49, 0x46, 0x2f, 
		0x7c, 0xab, 0x9e, 0x10, 0x9d, 0x5e, 0x09, 0x74, 0x0e, 0x38, 0x50, 0xe0, 0x40, 0x81, 0x03, 0x05, 
		0x0e, 0x94, 0x38, 0xf5, 0xc0, 0x81, 0xee, 0x03, 0x0e, 0x14, 0x28, 0x26, 0xa0, 0x98, 0xb0, 0xdf, 
		0xb1, 0x87, 0xfb, 0x1d, 0x40, 0x31, 0x51, 0x3f, 0x75, 0x03, 0x8a, 0x89, 0x84, 0xc9, 0x06, 0x8a, 
		0x89, 0xf6, 0x30, 0xc1, 0xe1, 0x34, 0x50, 0x4c, 0x40, 0x31, 0xc1, 0xb1, 0x22, 0xe5, 0x58, 0x01, 
		0xc5, 0x84, 0x89, 0x62, 0x8f, 0x27, 0x0a, 0xa0, 0x98, 0x80, 0x62, 0x02, 0x8a, 0x09, 0x28, 0x26, 
		0xa0, 0x98, 0x80, 0x62, 0x82, 0xf3, 0x09, 0x14, 0x13, 0x79, 0xdb, 0x03, 0x14, 0xd3, 0x6e, 0xa1, 
		0x98, 0x1e, 0x93, 0x55, 0x81, 0x96, 0x4e, 0x93, 0x82, 0x30, 0xc5, 0x6a, 0xee, 0x7a, 0xca, 0x65, 
		0x51, 0x8b, 0x74, 0x15, 0x14, 0xf1, 0x4b, 0xdf, 0xa4, 0x21, 0x44, 0x67, 0x55, 0x02, 0x9d, 0x03, 
		0x78, 0x09, 0xe0, 0x25, 0x80, 0x97, 0x00, 0x5e, 0x22, 0x4e, 0x3d, 0xc0, 0x4b, 0x00, 0x2f, 0x01, 
		0xbc, 0x04, 0xf0, 0x12, 0xb6, 0x39, 0x9e, 0xe5, 0x36, 0x07, 0xc0, 0x4b, 0xd4, 0x0f, 0xdb, 0x00, 
		0x5e, 0x22, 0x61, 0xb2, 0x01, 0x5e, 0xa2, 0x3d, 0x4c, 0x70, 0x26, 0x0d, 0xf0, 0x12, 0xc0, 0x4b, 
		0x70, 0xac, 0x48, 0x39, 0x56, 0x00, 0x2f, 0x61, 0xa2, 0xd8, 0xe3, 0x89, 0x02, 0xe0, 0x25, 0x80, 
		0x97, 0x00, 0x5e, 0x02, 0x78, 0x09, 0xe0, 0x25, 0x80, 0x97, 0xe0, 0x7c, 0x02, 0xbc, 0x44, 0xde, 
		0xf6, 0x00, 0xbc, 0xb4, 0x6b, 0xe0, 0xa5, 0x47, 0x5d, 0x46, 0xb9, 0x2b, 0x47, 0x73, 0xdb, 0x66, 
		0x6d, 0x1d, 0xc9, 0x94, 0x3c, 0x08, 0x65, 0xaa, 0x33, 0x99, 0x28, 0xa8, 0xe9, 0x89, 0x34, 0x87, 
		0xe8, 0xcc, 0x4b, 0xa0, 0x73, 0x00, 0x38, 0x01, 0xe0, 0x04, 0x80, 0x13, 0x00, 0x4e, 0xc4, 0xa9, 
		0x07, 0xc0, 0x09, 0x00, 0x27, 0x00, 0x9c, 0x00, 0x70, 0xc2, 0x56, 0xc8, 0xb3, 0xdc, 0x0a, 0x01, 
		0xc0, 0x89, 0xfa, 0x81, 0x1c, 0x00, 0x4e, 0x24, 0x4c, 0x36, 0x00, 0x4e, 0xb4, 0x87, 0x09, 0xce, 
		0xad, 0x01, 0x70, 0x02, 0xc0, 0x09, 0x8e, 0x15, 0x29, 0xc7, 0x0a, 0x00, 0x27, 0x4c, 0x14, 0x7b, 
		0x3c, 0x51, 0x00, 0xe0, 0x04, 0x80, 0x13, 0x00, 0x4e, 0x00, 0x38, 0x01, 0xe0, 0x04, 0x80, 0x13, 
		0x9c, 0x4f, 0x00, 0x9c, 0xc8, 0xdb, 0x1e, 0x00, 0x9c, 0x76, 0x0b, 0xe0, 0x94, 0x48, 0xfb, 0xb4, 
		0x4e, 0x3f, 0xb9, 0xfa, 0x7c, 0x21, 0x32, 0xa4, 0xc4, 0xfb, 0x50, 0x2a, 0xb9, 0x53, 0xe7, 0x72, 
		0x5b, 0xe6, 0xab, 0xeb, 0x32, 0x97, 0x45, 0x6b, 0x70, 0x98, 0x24, 0xb4, 0xe9, 0x69, 0x74, 0x86, 
		0xe8, 0x84, 0x4b, 0xa0, 0x73, 0xc0, 0x35, 0x01, 0xd7, 0x04, 0x5c, 0x13, 0x70, 0x4d, 0xc4, 0xa9, 
		0x07, 0xae, 0x09, 0xb8, 0x26, 0xe0, 0x9a, 0x80, 0x6b, 0xc2, 0x0e, 0xc8, 0xb3, 0xdc, 0x01, 0x01, 
		0xae, 0x89, 0xfa, 0x39, 0x1c, 0x70, 0x4d, 0x24, 0x4c, 0x36, 0x70, 0x4d, 0xb4, 0x87, 0x09, 0x8e, 
		0xab, 0x81, 0x6b, 0x02, 0xae, 0x09, 0x8e, 0x15, 0x29, 0xc7, 0x0a, 0xb8, 0x26, 0x4c, 0x14, 0x7b, 
		0x3c, 0x51, 0x00, 0xd7, 0x04, 0x5c, 0x13, 0x70, 0x4d, 0xc0, 0x35, 0x01, 0xd7, 0x04, 0x5c, 0x13, 
		0x9c, 0x4f, 0xe0, 0x9a, 0xc8, 0xdb, 0x1e, 0xe0, 0x9a, 0x76, 0x0c, 0xd7, 0x94, 0xc6, 0xd7, 0x42, 
		0x06, 0x01, 0x0f, 0x7d, 0xe1, 0x8d, 0xa5, 0x56, 0x90, 0x51, 0xaa, 0xaa, 0x1e, 0xd2, 0xf2, 0x36, 
		0x35, 0x3c, 0x8b, 0xd5, 0x92, 0xbd, 0xab, 0xb6, 0x24, 0x34, 0x0c, 0x68, 0x21, 0xa0, 0x96, 0x71, 
		0xb7, 0x86, 0x8b, 0x5a, 0xdd, 0xb0, 0xb5, 0x2c, 0x68, 0x62, 0xa5, 0x36, 0xac, 0x87, 0x5b, 0x25, 
		0x76, 0x96, 0x06, 0x4a, 0xce, 0x03, 0x71, 0xeb, 0xa9, 0xaa, 0x62, 0x3a, 0x15, 0x2e, 0x59, 0x1f, 
		0x8a, 0x6a, 0xf6, 0x29, 0xab, 0x26, 0x40, 0x4b, 0x22, 0x6c, 0x67, 0x4d, 0x3f, 0x2d, 0xef, 0xf5, 
		0x85, 0xa0, 0x0e, 0xc3, 0xd9, 0xa6, 0x21, 0x48, 0xc3, 0x2a, 0x2f, 0xb3, 0xe7, 0xe5, 0xdc, 0xfc, 
		0x35, 0xaf, 0x07, 0x3f, 0xe9, 0xcd, 0xaa, 0x72, 0x1a, 0xf2, 0x40, 0x86, 0x53, 0x77, 0x80, 0x3b, 
		0x15, 0x35, 0xbb, 0x55, 0x54, 0x13, 0x1a, 0xe0, 0xdf, 0x9a, 0xa0, 0x8f, 0x65, 0x34, 0x1b, 0xaa, 
		0x94, 0x4d, 0x15, 0x34, 0x96, 0x92, 0xc6, 0x02, 0xe8, 0x4b, 0x41, 0xfb, 0x00, 0xf4, 0x05, 0xd0, 
		0x17, 0x40, 0x5f, 0x00, 0x7d, 0x01, 0xf4, 0x25, 0x49, 0xb5, 0x6e, 0xa4, 0x62, 0x3e, 0x99, 0x48, 
		0xdf, 0xf5, 0xec, 0x2a, 0xc5, 0x2e, 0x1f, 0x3e, 0x65, 0x95, 0x94, 0xbc, 0x3a, 0xc1, 0x03, 0x25, 
		0x2b, 0x3b, 0x9b, 0x65, 0x51, 0x93, 0x77, 0xa7, 0x2b, 0x58, 0x4e, 0x23, 0xdc, 0xb8, 0x07, 0x7c, 
		0xa9, 0xc2, 0x07, 0xae, 0xee, 0xbc, 0xe6, 0x65, 0x35, 0x9f, 0xbf, 0xf4, 0x98, 0xc1, 0x5e, 0xea, 
		0x5e, 0xb2, 0x8a, 0x79, 0x98, 0xcc, 0xa3, 0x58, 0x35, 0x8c, 0x7e, 0xbb, 0xa2, 0x61, 0xfc, 0x67, 
		0xd5, 0x94, 0x2c, 0x80, 0xaa, 0x2e, 0xeb, 0x56, 0xad, 0xea, 0xca, 0xb5, 0x5c, 0x49, 0x27, 0x94, 
		0x94, 0xac, 0x92, 0x22, 0x12, 0x05, 0x91, 0x28, 0x38, 0xb3, 0xde, 0xc3, 0x33, 0x6b, 0x44, 0xa2, 
		0x50, 0x47, 0x4e, 0x22, 0x12, 0x85, 0x84, 0xc9, 0x46, 0x24, 0x0a, 0xed, 0x61, 0x02, 0x80, 0x31, 
		0x22, 0x51, 0x10, 0x89, 0x02, 0xc7, 0x8a, 0x94, 0x63, 0x85, 0x48, 0x14, 0x4c, 0x14, 0x7b, 0x3c, 
		0x51, 0x20, 0x12, 0x05, 0x91, 0x28, 0x88, 0x44, 0x41, 0x24, 0x0a, 0x22, 0x51, 0x10, 0x89, 0x02, 
		0xe7, 0x13, 0x91, 0x28, 0xe4, 0x6d, 0x0f, 0x22, 0x51, 0x76, 0xeb, 0xd8, 0x4a, 0x89, 0x40, 0xcc, 
		0x63, 0x91, 0x88, 0xd0, 0x17, 0xda, 0x99, 0x33, 0x68, 0x3d, 0xeb, 0x84, 0xb5, 0xa9, 0xba, 0x76, 
		0xce, 0xda, 0xd0, 0x88, 0x65, 0x47, 0xef, 0xb4, 0xd4, 0x9f, 0xd0, 0x59, 0x65, 0x33, 0xe7, 0x5d, 
		0x2f, 0x7b, 0x79, 0x9b, 0x35, 0x64, 0x40, 0x32, 0xf2, 0x64, 0x53, 0x7a, 0xb7, 0xe5, 0x54, 0xc4, 
		0xcf, 0x07, 0x90, 0x3e, 0x9a, 0xf8, 0x36, 0x72, 0xc1, 0x3c, 0xba, 0xfd, 0xfe, 0x51, 0x86, 0x3c, 
		0xbe, 0x63, 0x93, 0x20, 0x8a, 0x62, 0x56, 0x08, 0x64, 0x5e, 0x45, 0xa4, 0x03, 0x90, 0xfe, 0xa0, 
		0x65, 0xf0, 0x2b, 0x9c, 0xf6, 0x1b, 0x18, 0xed, 0xfb, 0x73, 0xb0, 0xb3, 0x35, 0x3b, 0x8d, 0x63, 
		0x62, 0x61, 0xbb, 0xd3, 0xfa, 0x88, 0x7b, 0x1b, 0xa4, 0x02, 0x1c, 0x6d, 0xcb, 0xd1, 0xab, 0x7e, 
		0xaf, 0x6f, 0xf5, 0xcd, 0x3c, 0xba, 0x1c, 0xd5, 0x85, 0xe0, 0x68, 0x5b, 0x8e, 0xce, 0x12, 0xbf, 
		0x8a, 0x4e, 0x6f, 0x18, 0xf4, 0x26, 0x06, 0xcd, 0xe7, 0x89, 0x62, 0x17, 0x57, 0x51, 0xac, 0xfc, 
		0x54, 0x5d, 0x86, 0x79, 0x7c, 0x85, 0x1b, 0xf6, 0x03, 0x8e, 0x3f, 0xc5, 0xd5, 0x12, 0xef, 0xcf, 
		0xc1, 0xce, 0xb6, 0xec, 0xbc, 0xad, 0x4e, 0x5a, 0xb7, 0x4d, 0xb3, 0xd6, 0xd9, 0xad, 0x12, 0xe1, 
		0x58, 0x8c, 0x99, 0xcf, 0x83, 0xc0, 0xf6, 0x0f, 0xae, 0xe5, 0x58, 0xc4, 0x97, 0x21, 0x98, 0x4d, 
		0x7f, 0xbd, 0x88, 0x88, 0x35, 0x12, 0xda, 0x87, 0x88, 0x35, 0x44, 0xac, 0x21, 0x62, 0x0d, 0x11, 
		0x6b, 0x88, 0x58, 0x23, 0x49, 0x35, 0x02, 0x02, 0x10, 0x10, 0x80, 0xa3, 0xc3, 0x3d, 0x3d, 0x3a, 
		0x44, 0x40, 0x00, 0x75, 0x00, 0x1b, 0x02, 0x02, 0x48, 0x98, 0x6c, 0x04, 0x04, 0xd0, 0x1e, 0x26, 
		0xc0, 0x79, 0x22, 0x20, 0x00, 0x01, 0x01, 0x70, 0xac, 0x48, 0x39, 0x56, 0x08, 0x08, 0xc0, 0x44, 
		0xb1, 0xc7, 0x13, 0x05, 0x02, 0x02, 0x10, 0x10, 0x80, 0x80, 0x00, 0x04, 0x04, 0x20, 0x20, 0x00, 
		0x01, 0x01, 0x70, 0x3e, 0x11, 0x10, 0x40, 0xde, 0xf6, 0x20, 0x20, 0x60, 0xb7, 0x00, 0x1e, 0x15, 
		0xe4, 0xb5, 0x39, 0x61, 0x5c, 0x82, 0xca, 0xce, 0x4f, 0x1f, 0x57, 0x40, 0xb2, 0x75, 0x0b, 0xc4, 
		0x01, 0xac, 0xcd, 0xf0, 0x95, 0x41, 0x00, 0x8b, 0x06, 0x6d, 0x59, 0x4f, 0x1f, 0xfe, 0xff, 0xf4, 
		0x5a, 0x46, 0x74, 0xee, 0x26, 0xd0, 0x39, 0x40, 0xa4, 0x00, 0x91, 0x02, 0x44, 0x0a, 0x10, 0x29, 
		0xe2, 0xd4, 0x03, 0x22, 0x05, 0x88, 0x14, 0x20, 0x52, 0x80, 0x48, 0x61, 0x33, 0xe5, 0x59, 0x6e, 
		0xa6, 0x00, 0x22, 0x45, 0xfd, 0x48, 0x0f, 0x10, 0x29, 0x12, 0x26, 0x1b, 0x10, 0x29, 0xda, 0xc3, 
		0x04, 0x27, 0xdf, 0x80, 0x48, 0x01, 0x22, 0x05, 0xc7, 0x8a, 0x94, 0x63, 0x05, 0x88, 0x14, 0x26, 
		0x8a, 0x3d, 0x9e, 0x28, 0x00, 0x91, 0x02, 0x44, 0x0a, 0x10, 0x29, 0x40, 0xa4, 0x00, 0x91, 0x02, 
		0x44, 0x0a, 0xce, 0x27, 0x20, 0x52, 0xe4, 0x6d, 0x0f, 0x20, 0x52, 0x3b, 0x0c, 0x91, 0x9a, 0x89, 
		0xb1, 0x5c, 0x8a, 0x5e, 0xc9, 0x2a, 0x57, 0xc2, 0x57, 0x4c, 0x13, 0xa0, 0xa4, 0xd6, 0xe7, 0xf9, 
		0x4a, 0x98, 0x94, 0xd5, 0xa2, 0x35, 0xf7, 0xe9, 0x03, 0xa5, 0xbe, 0x8b, 0xae, 0x6d, 0x95, 0xbc, 
		0x59, 0x1a, 0x28, 0x39, 0x0f, 0xc4, 0xad, 0x9b, 0x21, 0xd5, 0xa9, 0x68, 0xcc, 0x85, 0xa7, 0xab, 
		0x09, 0x65, 0x48, 0x4d, 0x84, 0xed, 0x82, 0xe9, 0xa7, 0xe5, 0xbd, 0xbe, 0x10, 0xd4, 0xc1, 0x35, 
		0xdb, 0x1c, 0xec, 0x69, 0x58, 0xe5, 0x65, 0xf6, 0xbc, 0x9c, 0x9b, 0xbf, 0xe6, 0xf5, 0xe0, 0x27, 
		0xb9, 0xb9, 0x12, 0x60, 0x48, 0x12, 0xda, 0x07, 0x30, 0x24, 0xc0, 0x90, 0x00, 0x43, 0x02, 0x0c, 
		0x09, 0x30, 0x24, 0x49, 0xaa, 0xcd, 0x0a, 0x27, 0xe6, 0x93, 0x89, 0xf4, 0x5d, 0x47, 0xb8, 0x52, 
		0x5c, 0xf3, 0xee, 0xb3, 0x4a, 0x42, 0x4e, 0x70, 0xfd, 0x2a, 0x87, 0x65, 0xb7, 0x37, 0x14, 0xa9, 
		0xab, 0x73, 0x02, 0x91, 0xf3, 0x97, 0xac, 0x0f, 0xa7, 0x62, 0x1e, 0x26, 0xf3, 0x28, 0x56, 0x0d, 
		0xba, 0x69, 0x57, 0x34, 0x68, 0x67, 0x56, 0x4d, 0x48, 0x3f, 0x63, 0x55, 0xc9, 0x53, 0x6d, 0x1e, 
		0xdd, 0x7e, 0x7f, 0x14, 0x3c, 0x60, 0x9f, 0xe4, 0x4c, 0xb0, 0x92, 0xc0, 0xc2, 0xcd, 0xbb, 0x0c, 
		0xcb, 0x4c, 0xeb, 0x8b, 0x3a, 0x68, 0xee, 0x4a, 0xf5, 0x89, 0x55, 0x95, 0xe3, 0xab, 0x18, 0x0e, 
		0xee, 0xee, 0x90, 0x5d, 0x00, 0x7c, 0x1f, 0xf0, 0x7d, 0x1c, 0xf4, 0xed, 0xe1, 0x41, 0x1f, 0xe0, 
		0xfb, 0xd4, 0xe1, 0x66, 0x80, 0xef, 0x93, 0x30, 0xd9, 0x80, 0xef, 0xd3, 0x1e, 0x26, 0x40, 0x65, 
		0x02, 0xbe, 0x0f, 0xf8, 0x3e, 0x1c, 0x2b, 0x52, 0x8e, 0x15, 0xe0, 0xfb, 0x98, 0x28, 0xf6, 0x78, 
		0xa2, 0x00, 0x7c, 0x1f, 0xf0, 0x7d, 0xc0, 0xf7, 0x01, 0xdf, 0x07, 0x7c, 0x1f, 0xf0, 0x7d, 0x38, 
		0x9f, 0x80, 0xef, 0x93, 0xb7, 0x3d, 0x80, 0xef, 0xef, 0xd8, 0xb1, 0xd5, 0xec, 0x86, 0xc7, 0xc2, 
		0xbb, 0x96, 0xe2, 0xc6, 0x56, 0x72, 0xab, 0xd4, 0xd5, 0xef, 0xac, 0x8e, 0xe5, 0x75, 0x84, 0x94, 
		0x9b, 0xd0, 0x49, 0x64, 0x85, 0xaf, 0x35, 0xd7, 0xd9, 0xad, 0x5a, 0xc1, 0x61, 0x92, 0x30, 0xfc, 
		0xa7, 0xd1, 0x19, 0xa2, 0x13, 0x2e, 0x81, 0xce, 0x01, 0x89, 0x0b, 0x24, 0x2e, 0x90, 0xb8, 0x40, 
		0xe2, 0x12, 0xa7, 0x1e, 0x48, 0x5c, 0x20, 0x71, 0x77, 0x05, 0x89, 0x3b, 0x16, 0xc9, 0x57, 0x15, 
		0xd9, 0x02, 0x2c, 0x4a, 0xdc, 0xbe, 0xbf, 0xcb, 0xca, 0x81, 0xc4, 0x6d, 0xe7, 0xe7, 0xe6, 0x6c, 
		0xf4, 0x26, 0x42, 0x8c, 0x47, 0xdc, 0xff, 0x5a, 0xe7, 0xf0, 0xa2, 0x6a, 0x09, 0xab, 0xcb, 0x06, 
		0xe0, 0x79, 0xcb, 0x30, 0x32, 0x91, 0x38, 0x7b, 0xd8, 0x45, 0x89, 0xcb, 0xe1, 0x8b, 0xac, 0x1c, 
		0x8c, 0x6d, 0xc9, 0x58, 0x13, 0x0c, 0x9c, 0xef, 0x4b, 0x2d, 0xb6, 0x4c, 0xf2, 0xb2, 0x1a, 0x73, 
		0x8b, 0x1a, 0xb0, 0xb7, 0x25, 0x74, 0x3e, 0x0d, 0x43, 0x61, 0x47, 0x43, 0xe4, 0x05, 0xb5, 0xe9, 
		0xc3, 0x14, 0x83, 0xab, 0xed, 0xb8, 0x9a, 0x26, 0x23, 0x2f, 0x16, 0x63, 0x19, 0x0b, 0x5f, 0x55, 
		0xad, 0x82, 0x5b, 0xe3, 0xf2, 0xf9, 0xd7, 0x6a, 0x3d, 0x18, 0x4e, 0x7e, 0xb7, 0xee, 0x39, 0x05, 
		0x9f, 0xcc, 0xfd, 0x48, 0xda, 0x0e, 0x59, 0xf6, 0xec, 0xf6, 0x9c, 0x9d, 0xfb, 0x2c, 0xba, 0x16, 
		0x31, 0x93, 0x73, 0x84, 0x41, 0xb4, 0x0e, 0x32, 0x19, 0x57, 0x96, 0x2a, 0xe3, 0xa6, 0x20, 0x93, 
		0x59, 0xa4, 0x04, 0xcb, 0x3d, 0x30, 0x04, 0xf2, 0xec, 0x94, 0x15, 0x40, 0xa8, 0x09, 0x42, 0x4d, 
		0x70, 0x28, 0xbd, 0x87, 0x87, 0xd2, 0x08, 0x35, 0xa1, 0x0e, 0x8d, 0x44, 0xa8, 0x09, 0x09, 0x93, 
		0x8d, 0x50, 0x13, 0xda, 0xc3, 0x04, 0x08, 0x62, 0x84, 0x9a, 0x20, 0xd4, 0x04, 0x8e, 0x15, 0x29, 
		0xc7, 0x0a, 0xa1, 0x26, 0x98, 0x28, 0xf6, 0x78, 0xa2, 0x40, 0xa8, 0x09, 0x42, 0x4d, 0x10, 0x6a, 
		0x82, 0x50, 0x13, 0x84, 0x9a, 0x20, 0xd4, 0x04, 0xce, 0x27, 0x42, 0x4d, 0xc8, 0xdb, 0x1e, 0x84, 
		0x9a, 0xec, 0xd6, 0xb1, 0xd5, 0x8d, 0x18, 0x89, 0x5b, 0x6f, 0x26, 0x84, 0xaa, 0x22, 0x6c, 0xaa, 
		0xe5, 0xae, 0x8e, 0xff, 0xd3, 0xae, 0xc5, 0xd5, 0x10, 0x6b, 0x31, 0xd9, 0xf5, 0xa4, 0x1b, 0x2a, 
		0x5d, 0x76, 0xdf, 0x34, 0xb0, 0x9b, 0x64, 0x10, 0xca, 0xe3, 0xb4, 0xa9, 0x89, 0x3c, 0x1a, 0xf4, 
		0x20, 0x22, 0x85, 0xc4, 0xd8, 0x45, 0x44, 0x0a, 0x22, 0x52, 0x10, 0x91, 0x82, 0x88, 0x14, 0x44, 
		0xa4, 0x90, 0xa4, 0xfa, 0xf9, 0x44, 0xa4, 0x20, 0x37, 0xfc, 0xf7, 0x02, 0xf1, 0x5f, 0xf1, 0xd8, 
		0x81, 0xf0, 0xe7, 0x25, 0x35, 0x00, 0x7f, 0x56, 0x0e, 0xc6, 0x22, 0x3a, 0x62, 0xeb, 0xec, 0x05, 
		0xac, 0xfc, 0x89, 0xec, 0xea, 0x95, 0xaa, 0x64, 0xd8, 0x37, 0x8f, 0x6e, 0xbf, 0xff, 0xf3, 0x6e, 
		0x2e, 0x62, 0xa6, 0xc4, 0xad, 0x5a, 0xe0, 0x9d, 0x2f, 0xc3, 0x39, 0x30, 0xd0, 0xbb, 0xa3, 0xb2, 
		0xc0, 0x40, 0x03, 0x03, 0x8d, 0xd3, 0x92, 0x3d, 0x3c, 0x2d, 0x01, 0x06, 0x9a, 0x3a, 0x66, 0x07, 
		0x18, 0x68, 0x12, 0x26, 0x1b, 0x18, 0x68, 0xda, 0xc3, 0x04, 0xd0, 0x36, 0x60, 0xa0, 0x81, 0x81, 
		0x86, 0x63, 0x45, 0xca, 0xb1, 0x02, 0x06, 0x1a, 0x13, 0xc5, 0x1e, 0x4f, 0x14, 0xc0, 0x40, 0x03, 
		0x03, 0x0d, 0x0c, 0x34, 0x30, 0xd0, 0xc0, 0x40, 0x03, 0x03, 0x0d, 0xe7, 0x13, 0x18, 0x68, 0xf2, 
		0xb6, 0x07, 0x18, 0xe8, 0xdd, 0x3a, 0xb6, 0xba, 0xb9, 0xfb, 0xb7, 0xf0, 0xfe, 0x2d, 0xe2, 0xc8, 
		0xf3, 0x03, 0x29, 0x42, 0xdb, 0xf0, 0xd6, 0xaa, 0x5c, 0x4d, 0xff, 0x7f, 0x22, 0x8e, 0x58, 0x59, 
		0x47, 0x48, 0xcd, 0x09, 0x9d, 0x49, 0xd6, 0x39, 0x5c, 0xc3, 0x40, 0x37, 0xd6, 0xaf, 0xe0, 0x35, 
		0x4d, 0xf4, 0xf3, 0x13, 0xeb, 0x11, 0xd1, 0xe9, 0x98, 0x40, 0xe7, 0x00, 0x7d, 0x06, 0xf4, 0x19, 
		0xd0, 0x67, 0x40, 0x9f, 0x89, 0x53, 0x0f, 0xe8, 0x33, 0xa0, 0xcf, 0xbb, 0x02, 0x7d, 0x06, 0x90, 
		0xf4, 0xb9, 0x2e, 0x6f, 0x80, 0xca, 0x03, 0x2a, 0x0f, 0xfb, 0x77, 0x7b, 0xb8, 0x7f, 0x07, 0x54, 
		0x1e, 0xf5, 0x53, 0x64, 0xa0, 0xf2, 0x48, 0x98, 0x6c, 0xa0, 0xf2, 0x68, 0x0f, 0x13, 0x80, 0x2d, 
		0x80, 0xca, 0x03, 0x2a, 0x0f, 0x8e, 0x15, 0x29, 0xc7, 0x0a, 0xa8, 0x3c, 0x4c, 0x14, 0x7b, 0x3c, 
		0x51, 0x00, 0x95, 0x07, 0x54, 0x1e, 0x50, 0x79, 0x40, 0xe5, 0x01, 0x95, 0x07, 0x54, 0x1e, 0x9c, 
		0x4f, 0xa0, 0xf2, 0xc8, 0xdb, 0x1e, 0xa0, 0xf2, 0x76, 0xeb, 0xd8, 0xea, 0x76, 0x36, 0x9f, 0xd7, 
		0x81, 0x54, 0x76, 0xa9, 0xab, 0xdf, 0x67, 0xb7, 0x4a, 0x84, 0x89, 0x1c, 0x05, 0x82, 0x7d, 0x10, 
		0x49, 0xc2, 0xa7, 0x32, 0x9c, 0x1a, 0xf3, 0x7a, 0x1e, 0x8b, 0x44, 0x84, 0xbe, 0xd8, 0x95, 0x63, 
		0x65, 0x22, 0x6c, 0x77, 0x3d, 0xeb, 0x5a, 0xd5, 0xe3, 0x05, 0x70, 0x19, 0x52, 0x04, 0xf0, 0x6d, 
		0x44, 0xe5, 0x88, 0x4e, 0xe7, 0x04, 0x3a, 0x07, 0x54, 0x1f, 0x50, 0x7d, 0x40, 0xf5, 0x01, 0xd5, 
		0x47, 0x9c, 0x7a, 0xa0, 0xfa, 0xf6, 0x01, 0xd5, 0x07, 0xd4, 0x14, 0x50, 0x53, 0xd8, 0x5f, 0xd9, 
		0xc3, 0xfd, 0x15, 0xa0, 0xa6, 0xa8, 0x9f, 0xf2, 0x01, 0x35, 0x45, 0xc2, 0x64, 0x03, 0x35, 0x45, 
		0x7b, 0x98, 0xe0, 0x30, 0x1c, 0xa8, 0x29, 0xa0, 0xa6, 0xe0, 0x58, 0x91, 0x72, 0xac, 0x80, 0x9a, 
		0xc2, 0x44, 0xb1, 0xc7, 0x13, 0x05, 0x50, 0x53, 0x40, 0x4d, 0x01, 0x35, 0x05, 0xd4, 0x14, 0x50, 
		0x53, 0x40, 0x4d, 0xc1, 0xf9, 0x04, 0x6a, 0x8a, 0xbc, 0xed, 0x01, 0x6a, 0x6a, 0x97, 0x50, 0x53, 
		0x5b, 0x45, 0x0e, 0xf1, 0x54, 0x5d, 0x45, 0xb1, 0xfc, 0xb7, 0xb1, 0x16, 0xde, 0x84, 0xcb, 0x20, 
		0x8d, 0x2b, 0xb6, 0xa4, 0xb1, 0xde, 0x1d, 0x6e, 0x33, 0xae, 0xfc, 0x2b, 0xa6, 0xae, 0x84, 0xc9, 
		0x28, 0x61, 0xce, 0x73, 0xec, 0xdf, 0xb1, 0xfc, 0x77, 0x6c, 0x12, 0x47, 0x33, 0xc6, 0xc3, 0x86, 
		0x5a, 0x31, 0x66, 0xe2, 0x9a, 0x1e, 0x42, 0x20, 0x4c, 0x67, 0xc2, 0x9d, 0xa3, 0x56, 0x98, 0xd0, 
		0x71, 0x34, 0xe3, 0x32, 0xf4, 0xfc, 0x2b, 0x1e, 0x4e, 0x85, 0x97, 0xd1, 0x95, 0xdb, 0xd4, 0x40, 
		0x86, 0x5f, 0x13, 0xe1, 0x2f, 0x0a, 0xb5, 0x75, 0x55, 0x69, 0x18, 0x8a, 0xc0, 0x8b, 0x85, 0x4a, 
		0xe3, 0xb0, 0x62, 0x3c, 0x1b, 0xdf, 0xa4, 0x39, 0xe1, 0xbc, 0x47, 0x5b, 0x88, 0xea, 0x5b, 0x86, 
		0x3d, 0xa3, 0x52, 0x9b, 0x72, 0x1e, 0xaa, 0x0a, 0x52, 0xa8, 0xed, 0x12, 0xfd, 0x29, 0x95, 0x74, 
		0x99, 0xfa, 0x54, 0x15, 0x23, 0x6b, 0xae, 0xd5, 0x49, 0xd7, 0x25, 0x22, 0xa1, 0xe3, 0xfe, 0x17, 
		0x1d, 0x15, 0xe3, 0x06, 0x62, 0x45, 0x1d, 0x5b, 0x50, 0xa9, 0xa2, 0xa4, 0xe1, 0x0d, 0xe8, 0x81, 
		0x34, 0x6c, 0xa4, 0xae, 0x52, 0xec, 0xd2, 0xe7, 0x54, 0x92, 0xa6, 0xd0, 0x56, 0x5b, 0x19, 0x4e, 
		0xbd, 0x99, 0x50, 0x57, 0xd1, 0xd8, 0x9b, 0xc7, 0x32, 0x8a, 0xa5, 0xba, 0x6b, 0x10, 0x68, 0x53, 
		0xab, 0xe5, 0x4a, 0x5c, 0x34, 0x61, 0x7c, 0xca, 0x65, 0x98, 0xa8, 0x8a, 0x66, 0xcb, 0x70, 0xca, 
		0xb2, 0x57, 0xfd, 0x25, 0x61, 0xd6, 0xcb, 0x08, 0xe8, 0xb4, 0xf8, 0xdd, 0x66, 0xdb, 0xef, 0x35, 
		0x0a, 0xc5, 0xef, 0x29, 0x0f, 0x98, 0x8a, 0x58, 0xf7, 0x1f, 0x3f, 0x5e, 0xfc, 0xe3, 0xe7, 0xb3, 
		0x4f, 0x67, 0xb4, 0x24, 0x9d, 0xca, 0x50, 0xbd, 0x2a, 0xbb, 0x74, 0xd2, 0xed, 0x7c, 0xd4, 0xc6, 
		0xf3, 0xe9, 0x76, 0x90, 0x4e, 0x06, 0x6d, 0xdd, 0xaa, 0x6d, 0xce, 0xe8, 0x46, 0x4a, 0x15, 0x41, 
		0xea, 0x67, 0x57, 0x96, 0x41, 0x7e, 0x4e, 0x50, 0xc8, 0x14, 0x92, 0x5c, 0x26, 0xc9, 0x4d, 0x4d, 
		0xa4, 0xd3, 0x58, 0x70, 0x25, 0x62, 0x4f, 0x5d, 0x71, 0x7b, 0x67, 0xac, 0x52, 0xec, 0x4a, 0x31, 
		0xaf, 0x64, 0x79, 0x25, 0x24, 0xb8, 0x5d, 0x09, 0xda, 0x3b, 0x26, 0xd3, 0xfa, 0xde, 0x88, 0x2d, 
		0xad, 0x2e, 0x83, 0x0d, 0xa5, 0x6b, 0x43, 0x03, 0x91, 0x24, 0xee, 0x40, 0x5c, 0x94, 0xd5, 0x6c, 
		0xa9, 0x48, 0x12, 0x0c, 0x41, 0x12, 0x43, 0x30, 0xb0, 0x87, 0x60, 0x50, 0x1f, 0x82, 0xa5, 0xa8, 
		0x30, 0xfe, 0xe8, 0x8e, 0xbf, 0x2c, 0xd2, 0x82, 0x27, 0x89, 0x37, 0xe3, 0x36, 0x8c, 0x79, 0x51, 
		0x56, 0xbb, 0xd8, 0x5f, 0xd7, 0xb0, 0xac, 0x86, 0x90, 0x30, 0x03, 0xc1, 0x27, 0xb1, 0xb0, 0x40, 
		0xc7, 0x2f, 0xbb, 0x9d, 0x73, 0xae, 0xae, 0x3a, 0xc3, 0xce, 0x0f, 0x32, 0x4a, 0x86, 0xa1, 0xe1, 
		0xb9, 0xf9, 0x33, 0x7b, 0xc9, 0x0f, 0x8b, 0xf7, 0x0d, 0x4b, 0x6a, 0xed, 0x42, 0xb3, 0xd9, 0xb9, 
		0xc1, 0xf1, 0x94, 0x07, 0x8e, 0x39, 0x59, 0x52, 0xed, 0xd2, 0x87, 0xb7, 0x82, 0xc6, 0xe2, 0x5a, 
		0xfa, 0x8b, 0xbd, 0x1f, 0xb3, 0xcd, 0x43, 0x75, 0xf8, 0xad, 0xbd, 0xe1, 0x93, 0x85, 0x03, 0x1c, 
		0x6b, 0x55, 0xbf, 0x91, 0xca, 0x9c, 0xf9, 0xf7, 0x3a, 0xc3, 0xce, 0xb5, 0x39, 0xa9, 0xcf, 0x36, 
		0xce, 0xaf, 0x23, 0xe9, 0x8b, 0xea, 0xe6, 0x8e, 0xfe, 0x95, 0xa6, 0x32, 0xff, 0x8d, 0x1e, 0xcc, 
		0xd9, 0x2f, 0x86, 0xbd, 0x6e, 0xde, 0x7e, 0xd8, 0xdf, 0xf2, 0xce, 0xa0, 0x25, 0x64, 0xf7, 0x34, 
		0xa8, 0x56, 0xf5, 0x38, 0x25, 0x80, 0xe8, 0x57, 0x8a, 0x7e, 0x63, 0x63, 0x3c, 0xb2, 0x37, 0xec, 
		0xf4, 0x93, 0x2b, 0xce, 0xf7, 0x67, 0x67, 0x67, 0xec, 0xd5, 0x51, 0xef, 0xc5, 0xf1, 0x7f, 0xff, 
		0xf0, 0xfe, 0xe2, 0x67, 0x66, 0x4c, 0x93, 0x96, 0x6a, 0x22, 0x62, 0x2d, 0xd6, 0x1f, 0xd2, 0x44, 
		0xc4, 0x8b, 0x6d, 0x8f, 0x6b, 0x3d, 0xd7, 0x24, 0xb4, 0xa4, 0xdb, 0x7a, 0x5e, 0x6d, 0x77, 0x74, 
		0xe2, 0xce, 0xab, 0x2f, 0xe9, 0xb9, 0x42, 0x7e, 0x1a, 0xc7, 0x7a, 0x94, 0x2e, 0xdf, 0xdd, 0x5a, 
		0xd6, 0x62, 0xcd, 0x9d, 0xad, 0xfc, 0x35, 0xbb, 0xbe, 0xab, 0x45, 0x75, 0x4a, 0x82, 0x47, 0xd8, 
		0x7e, 0x57, 0x0b, 0xbb, 0x59, 0x54, 0xac, 0x0f, 0x76, 0xb3, 0x76, 0x5e, 0x82, 0xd8, 0xcd, 0x7a, 
		0x26, 0xb6, 0x13, 0xbb, 0x59, 0x3b, 0x3a, 0x04, 0xb1, 0x9b, 0xf5, 0x0c, 0xc6, 0x9f, 0x66, 0xcb, 
		0x98, 0xdb, 0x7e, 0xb7, 0x7e, 0x6a, 0xf6, 0xb1, 0xc7, 0xfc, 0x4e, 0x2f, 0xab, 0x6e, 0x84, 0xf8, 
		0x4a, 0x4b, 0x90, 0xeb, 0x2e, 0x8e, 0xdf, 0x71, 0x19, 0xdc, 0xe5, 0xab, 0xe3, 0x9f, 0x62, 0x99, 
		0x2f, 0x8d, 0x3f, 0x98, 0x5f, 0xeb, 0x85, 0xf1, 0x05, 0x57, 0x39, 0x96, 0xf0, 0x22, 0x0d, 0x73, 
		0x28, 0xe1, 0xa7, 0xab, 0xd4, 0xc4, 0x62, 0x9c, 0xea, 0xbf, 0x53, 0x2d, 0x83, 0x97, 0x9d, 0x61, 
		0xe7, 0x9f, 0x06, 0x4f, 0xf0, 0xca, 0xfc, 0x25, 0xbe, 0x8e, 0xf9, 0x9d, 0x6e, 0xf2, 0x3a, 0x7f, 
		0x14, 0xe1, 0x38, 0xa9, 0x2c, 0xaf, 0xb3, 0xef, 0x66, 0x8b, 0x38, 0x69, 0xd4, 0x4a, 0x7f, 0x53, 
		0x2f, 0xad, 0xf5, 0x17, 0x87, 0xfd, 0xae, 0xf9, 0xde, 0x70, 0xd0, 0xcd, 0xbf, 0xa6, 0x75, 0x52, 
		0x7f, 0x6b, 0x78, 0xda, 0x35, 0x5f, 0xd2, 0x0b, 0xb9, 0xf2, 0x3b, 0xc3, 0x57, 0xdd, 0xc5, 0x57, 
		0x86, 0xaf, 0x37, 0xba, 0x28, 0x1f, 0x8b, 0x44, 0xc9, 0x30, 0x43, 0xcd, 0xf0, 0xf1, 0x38, 0x16, 
		0x89, 0xbd, 0x48, 0x6f, 0xaa, 0x75, 0x35, 0xea, 0xdd, 0xa2, 0x0d, 0x5b, 0xb4, 0x21, 0xb0, 0x20, 
		0x9b, 0x55, 0x32, 0x06, 0xcd, 0x1a, 0x32, 0x06, 0x7d, 0x78, 0xf3, 0xb6, 0xd6, 0x65, 0x12, 0xc3, 
		0x60, 0xc6, 0x7d, 0xaf, 0xc6, 0xcb, 0x57, 0x66, 0x53, 0x57, 0x89, 0x38, 0xec, 0x0c, 0x3f, 0x77, 
		0x3e, 0x1f, 0x79, 0xaf, 0xb9, 0x37, 0x79, 0xe3, 0xfd, 0xf4, 0xe5, 0x8f, 0xde, 0xfd, 0xc1, 0xb0, 
		0xfa, 0x7c, 0xf8, 0xc7, 0xc9, 0x7d, 0x67, 0x73, 0x53, 0x48, 0xa6, 0x49, 0xd7, 0xd2, 0x17, 0xee, 
		0x16, 0xae, 0x5d, 0xda, 0x6c, 0x8b, 0x0c, 0x08, 0x34, 0x87, 0x5e, 0x59, 0xad, 0xd9, 0x41, 0x31, 
		0xd5, 0xb0, 0x34, 0xa9, 0xd4, 0x78, 0xa1, 0xb8, 0x61, 0x32, 0x4c, 0x94, 0xe0, 0xe3, 0x43, 0x5a, 
		0x72, 0xab, 0x41, 0x6e, 0xb7, 0xea, 0x8f, 0xd9, 0x3c, 0x73, 0x76, 0x56, 0x6b, 0x55, 0xfb, 0x29, 
		0x9b, 0x8d, 0x8c, 0x0e, 0x2a, 0x2a, 0x10, 0x8a, 0x9b, 0x25, 0x1a, 0xa0, 0x6b, 0x96, 0x05, 0xf8, 
		0xda, 0x62, 0x57, 0x11, 0xcb, 0xf5, 0x22, 0x8a, 0x67, 0x3c, 0xc8, 0x51, 0xef, 0x09, 0xe3, 0xe1, 
		0xf8, 0x87, 0x28, 0x2e, 0x1f, 0x6f, 0xa4, 0xba, 0x62, 0xb1, 0x98, 0xa6, 0x01, 0x8f, 0x99, 0xb8, 
		0x9d, 0xc7, 0x19, 0xa0, 0x92, 0xc8, 0xb4, 0xe0, 0x40, 0xfc, 0x1b, 0x61, 0xfd, 0x2b, 0xb5, 0x9f, 
		0xba, 0x5a, 0xdf, 0x77, 0x3b, 0xb1, 0x98, 0x0a, 0xbb, 0x2b, 0xd9, 0x73, 0x33, 0x95, 0x75, 0x41, 
		0x91, 0xa7, 0xb9, 0x01, 0x6a, 0x59, 0x84, 0x17, 0x6c, 0x38, 0xa4, 0x69, 0x2c, 0x13, 0x9f, 0xc7, 
		0x63, 0xcf, 0x9c, 0x54, 0xd8, 0xa3, 0xab, 0x52, 0x5e, 0x73, 0x99, 0xb2, 0x5a, 0x36, 0x12, 0x57, 
		0xfc, 0x5a, 0x46, 0x31, 0x93, 0x63, 0x11, 0x2a, 0x39, 0x91, 0x82, 0x58, 0x10, 0xf3, 0xfe, 0x9d, 
		0x66, 0x8c, 0x13, 0xdf, 0x86, 0x02, 0x98, 0xc7, 0x9a, 0xdb, 0x68, 0xc6, 0xcd, 0xbb, 0x8b, 0xb7, 
		0xe7, 0x4c, 0x86, 0xec, 0xfd, 0xf9, 0xc1, 0xf5, 0xe0, 0xd0, 0xc4, 0x9c, 0xbd, 0x3f, 0xbf, 0x3e, 
		0x65, 0x73, 0xee, 0x7f, 0x15, 0x8a, 0x98, 0x43, 0xa9, 0xe9, 0xa8, 0x0e, 0xe4, 0xe3, 0xd7, 0x45, 
		0xa3, 0xcf, 0x9b, 0x12, 0xf7, 0x69, 0xbf, 0xb5, 0xbc, 0x1f, 0x7f, 0x5a, 0x2a, 0x26, 0x3c, 0x35, 
		0x5b, 0x18, 0xc7, 0xfa, 0x91, 0x4f, 0x8e, 0x8f, 0xf5, 0xdf, 0xbd, 0xec, 0xef, 0x9e, 0xfe, 0x7b, 
		0x90, 0xfd, 0xdd, 0xd7, 0x7f, 0x9b, 0x78, 0xb2, 0xc4, 0x14, 0xbf, 0x32, 0xc5, 0x3d, 0xdd, 0xbc, 
		0x97, 0xfd, 0xb4, 0xa7, 0xcb, 0x7b, 0xd9, 0x4f, 0x7b, 0xba, 0x79, 0x6f, 0x60, 0x9a, 0x9b, 0x3f, 
		0x4f, 0x4d, 0x71, 0xdf, 0x34, 0xcf, 0x7e, 0xda, 0xd7, 0xcd, 0xfb, 0xd9, 0x4f, 0xfb, 0xba, 0x4d, 
		0xbf, 0x67, 0x9a, 0x0f, 0xf4, 0x9f, 0xd9, 0x47, 0x07, 0xba, 0x79, 0x3f, 0xfb, 0xe9, 0xc0, 0x34, 
		0xcf, 0x7e, 0x3a, 0xd0, 0xcd, 0x07, 0x26, 0x38, 0x2e, 0x39, 0xd1, 0x7f, 0xea, 0x26, 0x06, 0xd0, 
		0x31, 0x78, 0x65, 0x0a, 0x4f, 0xf5, 0xda, 0x35, 0xeb, 0xec, 0x4b, 0xfd, 0xe7, 0xcb, 0x85, 0x6e, 
		0x9e, 0xbc, 0xca, 0x94, 0xc4, 0x17, 0x63, 0x11, 0x9a, 0x40, 0xaa, 0xec, 0x27, 0xc7, 0x95, 0x05, 
		0xab, 0x61, 0xc4, 0xf0, 0xf8, 0xa8, 0x9b, 0xb1, 0x61, 0x78, 0xdc, 0xeb, 0x66, 0x4c, 0x30, 0xdc, 
		0x34, 0x74, 0x9b, 0x15, 0x86, 0xa1, 0x7a, 0xd8, 0x33, 0xed, 0x7a, 0xfd, 0xce, 0xb0, 0x67, 0xda, 
		0xf5, 0x8f, 0x3b, 0xc3, 0xde, 0x69, 0x37, 0x23, 0xd2, 0x84, 0xb8, 0x1b, 0x12, 0x87, 0x7d, 0xd3, 
		0x6e, 0x70, 0xdc, 0x19, 0xf6, 0xcd, 0x5b, 0x06, 0xbd, 0xce, 0xb0, 0x6f, 0xda, 0x0d, 0x74, 0xed, 
		0xab, 0xae, 0xe9, 0xc7, 0xd0, 0xfc, 0x57, 0x7f, 0xf4, 0xb4, 0x6b, 0xd8, 0x37, 0xec, 0x0d, 0xba, 
		0x86, 0x31, 0xc3, 0x7e, 0xaf, 0x6b, 0x48, 0x36, 0xa1, 0x64, 0x9a, 0xcc, 0xe1, 0xc0, 0x34, 0x7e, 
		0xd9, 0x19, 0x9e, 0x9c, 0x76, 0x4b, 0x69, 0x6a, 0x35, 0xc9, 0x46, 0xe6, 0xc9, 0xcb, 0xae, 0x66, 
		0xcc, 0x70, 0x70, 0xda, 0xb5, 0x89, 0x1e, 0x9e, 0xbc, 0xba, 0xdf, 0xac, 0xa1, 0x10, 0x7c, 0xee, 
		0xae, 0x75, 0xca, 0xa2, 0x87, 0xdd, 0x09, 0xab, 0x29, 0x21, 0x2b, 0xb1, 0xee, 0x60, 0x9b, 0x70, 
		0xb3, 0x72, 0x38, 0x36, 0x1b, 0xf7, 0x7e, 0xbe, 0xf9, 0x12, 0x08, 0x5e, 0x84, 0x72, 0xce, 0xc6, 
		0x27, 0xf9, 0xee, 0xcb, 0x2c, 0xf1, 0xaf, 0xf8, 0xfc, 0xba, 0x97, 0x6f, 0xc1, 0xcc, 0xb3, 0x36, 
		0x5a, 0xa1, 0x55, 0x50, 0xdd, 0x59, 0x31, 0xef, 0xd4, 0x3c, 0xd0, 0x6f, 0xd4, 0x9e, 0xa2, 0x79, 
		0xdf, 0xb0, 0xd7, 0x35, 0x6f, 0x1b, 0xf6, 0xbb, 0x8b, 0x77, 0x0d, 0x07, 0xdd, 0xec, 0x4d, 0xda, 
		0x54, 0xe9, 0xf7, 0x0c, 0x4f, 0x37, 0xba, 0x77, 0x32, 0x89, 0xbd, 0xb1, 0xcd, 0xbe, 0xec, 0xb9, 
		0x79, 0xb6, 0x88, 0x42, 0xf6, 0x53, 0xcc, 0x67, 0xc2, 0x8b, 0x45, 0xc0, 0xef, 0xd8, 0xbb, 0x33, 
		0x36, 0x92, 0xd4, 0x80, 0x29, 0x0d, 0x21, 0x3a, 0x9a, 0xa4, 0xc0, 0x97, 0x0e, 0x91, 0xba, 0x64, 
		0x29, 0x99, 0x8b, 0x06, 0x84, 0x68, 0xd3, 0x33, 0xdb, 0xf1, 0x69, 0xd9, 0xa7, 0xd3, 0x15, 0x3b, 
		0xc4, 0xa7, 0x8f, 0x9a, 0xdb, 0x8e, 0x8f, 0x8e, 0x08, 0x7a, 0x33, 0xd3, 0x38, 0x4a, 0xe7, 0x5e, 
		0x34, 0xfa, 0x97, 0xf0, 0x2b, 0xa7, 0x6c, 0x76, 0xf1, 0x12, 0x41, 0x9a, 0x4a, 0xcf, 0xb4, 0xa4, 
		0xb1, 0x6e, 0x4b, 0x84, 0x9f, 0x3a, 0xc0, 0x92, 0xb2, 0xe8, 0x61, 0x1a, 0x98, 0xd5, 0x96, 0x00, 
		0x31, 0xd6, 0xc6, 0x6a, 0xf3, 0x76, 0xeb, 0x12, 0x92, 0xac, 0x16, 0x0f, 0x90, 0x47, 0x62, 0xd8, 
		0x6d, 0x6d, 0xcf, 0xe5, 0xbe, 0xdb, 0x3a, 0xcd, 0x42, 0xc6, 0xd8, 0x3c, 0x5d, 0x04, 0x78, 0xfa, 
		0x60, 0x8e, 0xa0, 0x6c, 0xad, 0x5a, 0x19, 0x87, 0x65, 0x51, 0x0d, 0xd0, 0xb7, 0xa8, 0x20, 0x30, 
		0xe8, 0x48, 0xdf, 0x6f, 0x90, 0x1a, 0x4e, 0x2f, 0x26, 0xac, 0x44, 0xd4, 0xf3, 0x34, 0x6b, 0x69, 
		0xd0, 0x4b, 0x89, 0xb9, 0x81, 0x9c, 0x5a, 0x27, 0x27, 0xf4, 0xe6, 0x56, 0x2d, 0xa1, 0x7c, 0x7e, 
		0xac, 0x8a, 0xad, 0x9c, 0x34, 0xeb, 0xc2, 0xcb, 0x0d, 0xcb, 0xfb, 0x77, 0x90, 0xe0, 0xd6, 0x25, 
		0x98, 0x5b, 0xb3, 0x70, 0x9e, 0x2a, 0x6f, 0x71, 0x5b, 0x86, 0xc5, 0x7a, 0xa7, 0xc6, 0x95, 0xe7, 
		0x85, 0x08, 0x84, 0xaf, 0x18, 0x0f, 0x99, 0x69, 0xb9, 0xb8, 0x71, 0xa3, 0xdc, 0x26, 0x27, 0x2e, 
		0xe4, 0x0d, 0x8e, 0x95, 0x66, 0xfe, 0x2e, 0xe3, 0xec, 0x02, 0x07, 0x9c, 0xa7, 0x62, 0x58, 0xf0, 
		0x96, 0x2a, 0x00, 0x85, 0xd6, 0xc1, 0x5f, 0xc9, 0x2e, 0xf7, 0xd8, 0xcf, 0xa9, 0x58, 0x83, 0xf1, 
		0xf4, 0xd9, 0xbd, 0x31, 0x5d, 0xb6, 0xed, 0xbd, 0xac, 0xdb, 0xf9, 0xf7, 0xe7, 0x2c, 0x99, 0x0b, 
		0x5f, 0x4e, 0xa4, 0xef, 0x46, 0x28, 0x6c, 0x77, 0xc9, 0xd1, 0x7a, 0x67, 0xfb, 0xfd, 0x79, 0xb6, 
		0xb9, 0x7d, 0xf0, 0x4e, 0x4e, 0x26, 0x17, 0x22, 0xbe, 0x66, 0x6f, 0xa3, 0xb1, 0x38, 0x8f, 0x64, 
		0xa8, 0x12, 0x62, 0x87, 0xba, 0xd8, 0xd7, 0xc6, 0xbe, 0x36, 0xf6, 0xb5, 0x9f, 0xd2, 0xbc, 0xd9, 
		0x1f, 0x2f, 0xb5, 0xb5, 0x22, 0x86, 0x25, 0x26, 0xa3, 0xd2, 0x86, 0x90, 0x89, 0x58, 0xf4, 0x6b, 
		0xeb, 0x86, 0xa2, 0xfd, 0x0e, 0xe1, 0xa3, 0xed, 0x84, 0x1f, 0x4b, 0x25, 0x7d, 0x13, 0xb2, 0x72, 
		0xdc, 0x19, 0x76, 0x26, 0x01, 0x4f, 0x8a, 0x80, 0x41, 0xf3, 0xb7, 0x17, 0x5d, 0x8b, 0x38, 0x96, 
		0x66, 0x9f, 0xba, 0xaf, 0x79, 0x37, 0x9b, 0x89, 0xb1, 0xe4, 0xc6, 0x03, 0x19, 0x14, 0x1e, 0x42, 
		0x28, 0x54, 0xbe, 0x51, 0x1f, 0x66, 0xb7, 0x72, 0xe5, 0x7b, 0xf5, 0x56, 0xc0, 0x95, 0x1e, 0xa8, 
		0x71, 0x94, 0x2a, 0x19, 0x56, 0xe3, 0x0e, 0xcb, 0xef, 0x6b, 0xca, 0xb2, 0xaf, 0xeb, 0x69, 0xcf, 
		0xf9, 0xf6, 0xb0, 0xd7, 0xb5, 0xbe, 0x3c, 0xec, 0x77, 0x17, 0xdf, 0x1d, 0x0e, 0xba, 0xe5, 0x57, 
		0xb5, 0x04, 0x16, 0xf1, 0x64, 0xa7, 0xdd, 0xf2, 0x8b, 0xc3, 0x97, 0x1b, 0x1e, 0x15, 0xb1, 0xaa, 
		0xdc, 0x73, 0xa5, 0x96, 0x4d, 0x9d, 0x1f, 0x3f, 0x9d, 0xb3, 0x79, 0x14, 0x2b, 0x16, 0x46, 0x44, 
		0xa6, 0x7d, 0xdd, 0x9b, 0x63, 0x7b, 0x38, 0x98, 0x67, 0x52, 0x23, 0xb4, 0xfd, 0xe6, 0x7c, 0xef, 
		0xe8, 0xe8, 0x91, 0x53, 0xf4, 0xc9, 0x49, 0xbf, 0xf5, 0x0a, 0x54, 0x5b, 0xc1, 0x28, 0x56, 0x3d, 
		0x87, 0x6b, 0xbd, 0x5d, 0xe5, 0xda, 0xe3, 0x58, 0x76, 0x7c, 0xda, 0x7f, 0xd5, 0xda, 0xb1, 0x59, 
		0x00, 0x70, 0x8c, 0x7e, 0xb1, 0x82, 0x5f, 0x9b, 0x83, 0x9f, 0xca, 0x79, 0x03, 0x7e, 0xd9, 0x2a, 
		0x5c, 0xbe, 0xd6, 0x79, 0x7f, 0x5e, 0x80, 0x80, 0x77, 0x23, 0x77, 0x80, 0x9c, 0x5f, 0x0f, 0x1e, 
		0x42, 0x07, 0x1f, 0x1c, 0x7c, 0x3e, 0xf2, 0x5e, 0x7f, 0xf9, 0xf3, 0xf3, 0xb1, 0xf7, 0xfa, 0x4b, 
		0xf6, 0xe7, 0xb1, 0xf9, 0x4f, 0xf6, 0x77, 0xef, 0xf3, 0x91, 0x37, 0x28, 0xfe, 0x3e, 0xf9, 0x7c, 
		0xe4, 0x9d, 0x7c, 0x39, 0xbc, 0xbc, 0x7c, 0x71, 0xf8, 0x47, 0xff, 0x7e, 0xfd, 0x1f, 0x1e, 0xfc, 
		0xc7, 0xe7, 0xcb, 0xcb, 0xf9, 0x1f, 0xbf, 0xdc, 0xeb, 0x7f, 0x7f, 0xbe, 0xff, 0xf2, 0xb7, 0xc3, 
		0xbf, 0x77, 0xb6, 0x1b, 0x88, 0xb4, 0x10, 0x7b, 0x6d, 0x01, 0xec, 0xd4, 0xac, 0xaf, 0x15, 0xd0, 
		0x85, 0xc7, 0xe8, 0xc2, 0xe6, 0x16, 0xe7, 0xd7, 0xa7, 0x8d, 0x76, 0xc0, 0x2a, 0x5e, 0x25, 0xf3, 
		0xeb, 0xd3, 0x9d, 0xb3, 0x05, 0xa7, 0x0f, 0xcb, 0x7f, 0xf8, 0xa7, 0x1d, 0x1d, 0x70, 0xd4, 0x1d, 
		0xdc, 0x1f, 0x0e, 0x0f, 0x0f, 0xdc, 0xb2, 0xe1, 0xe1, 0x1f, 0x47, 0xdd, 0x93, 0xfb, 0x83, 0x83, 
		0x86, 0x9a, 0xbf, 0x37, 0xbd, 0xe3, 0xf0, 0xcf, 0x83, 0x83, 0x83, 0x5c, 0xf2, 0x15, 0x6d, 0xf8, 
		0x7c, 0x74, 0xfc, 0xe5, 0xef, 0xe6, 0xcf, 0xec, 0xdf, 0x52, 0x9f, 0x5a, 0x35, 0x3e, 0x6c, 0xd4, 
		0xa2, 0xae, 0xd6, 0xe3, 0xff, 0x19, 0x7e, 0xf9, 0xdb, 0xf0, 0xf0, 0x8f, 0xd3, 0xfb, 0xe2, 0x6f, 
		0xf3, 0xef, 0xe1, 0x9f, 0x07, 0x2f, 0xfe, 0x7a, 0x79, 0xf9, 0xe2, 0xc5, 0x5f, 0x0f, 0xb3, 0x3e, 
		0xe5, 0xed, 0xfe, 0x9a, 0xd5, 0xfe, 0x7d, 0x38, 0xac, 0x15, 0x1d, 0x1e, 0xfc, 0xc7, 0x0b, 0x0a, 
		0x76, 0x6a, 0x21, 0xbd, 0xba, 0xa5, 0x72, 0xeb, 0x1e, 0xa3, 0xb7, 0xd0, 0xd6, 0xe7, 0xa6, 0xad, 
		0x9b, 0xb2, 0xa4, 0xff, 0x8a, 0x64, 0xe8, 0x29, 0x39, 0x13, 0x5e, 0x34, 0xf1, 0xaa, 0x71, 0x85, 
		0xb5, 0x2a, 0x57, 0x33, 0x75, 0x03, 0xa6, 0x1b, 0x98, 0x00, 0x02, 0x4e, 0xe4, 0xf8, 0x57, 0x84, 
		0x63, 0xd3, 0xeb, 0x8e, 0x0d, 0x78, 0xcb, 0x8b, 0x48, 0x0d, 0x93, 0xab, 0xab, 0xd9, 0xcc, 0xd9, 
		0xab, 0x70, 0xc6, 0xc8, 0xe7, 0x23, 0xaf, 0x50, 0xc3, 0x5c, 0x3b, 0x0f, 0x87, 0x07, 0x46, 0x59, 
		0x33, 0xa5, 0x34, 0xe1, 0x60, 0xc5, 0x83, 0xd6, 0x9b, 0xfb, 0xae, 0xb6, 0x51, 0xb1, 0x72, 0x19, 
		0x60, 0x15, 0x3e, 0x7b, 0x16, 0x94, 0x4b, 0x94, 0x05, 0xd1, 0xcc, 0x52, 0x80, 0x8d, 0x05, 0x5b, 
		0xdb, 0xeb, 0xca, 0xa0, 0xb7, 0x64, 0x23, 0x21, 0xe8, 0xb1, 0x24, 0xf6, 0xd9, 0x87, 0x37, 0x6f, 
		0x69, 0x0c, 0x9e, 0x71, 0xa2, 0xbc, 0x6a, 0x40, 0x65, 0x51, 0xd2, 0x3c, 0x2d, 0x05, 0x09, 0x1b, 
		0x27, 0x8a, 0x4e, 0xff, 0x67, 0xb2, 0xe2, 0x10, 0x9a, 0x47, 0xb7, 0xe7, 0x89, 0x50, 0x8b, 0x10, 
		0xa7, 0x28, 0x64, 0x39, 0x85, 0x2c, 0x6f, 0x4c, 0x68, 0x78, 0x34, 0xe7, 0x1a, 0x4f, 0x62, 0xdf, 
		0x91, 0x51, 0x51, 0xd2, 0x2c, 0xa3, 0x45, 0xed, 0x8e, 0x0a, 0x28, 0x27, 0x60, 0x47, 0x04, 0xa4, 
		0x9b, 0xd9, 0x81, 0xbd, 0xcb, 0xc2, 0x7d, 0x97, 0x79, 0x79, 0x56, 0xb4, 0xf2, 0x6e, 0x2c, 0x4e, 
		0x7c, 0x99, 0xf8, 0x91, 0x67, 0x11, 0xb7, 0xd2, 0xa2, 0x5b, 0x0e, 0xdb, 0xdf, 0x2e, 0x2f, 0x5f, 
		0xac, 0x78, 0xdc, 0xb2, 0xd7, 0x6e, 0x13, 0xe4, 0x38, 0xed, 0xb5, 0xaa, 0x47, 0x48, 0x73, 0x8f, 
		0x64, 0xb8, 0xa9, 0x29, 0x37, 0xcb, 0x18, 0x67, 0xcb, 0x29, 0x2b, 0x68, 0x77, 0xbd, 0x8c, 0x08, 
		0x55, 0x71, 0xc1, 0x58, 0xf6, 0xbb, 0x25, 0xf2, 0xda, 0xee, 0xfc, 0x1c, 0xa9, 0x63, 0xfb, 0x6b, 
		0xd9, 0xb3, 0x4b, 0x60, 0x51, 0x4a, 0x48, 0xc1, 0x9a, 0xa2, 0x0e, 0x66, 0x7c, 0x54, 0x19, 0x54, 
		0xa3, 0x06, 0x49, 0x8d, 0xe8, 0x93, 0x71, 0x23, 0x46, 0x5a, 0x7f, 0xac, 0x56, 0x45, 0x89, 0x4b, 
		0xce, 0xa2, 0x9c, 0x34, 0x49, 0x46, 0x36, 0xf3, 0xa0, 0x32, 0x75, 0xe9, 0xc7, 0x9a, 0x0b, 0x9b, 
		0x06, 0x4a, 0xb2, 0xf3, 0x38, 0x52, 0x91, 0x1f, 0x05, 0xec, 0x67, 0x3e, 0x12, 0x01, 0xbb, 0x30, 
		0x89, 0x48, 0x65, 0x38, 0xa5, 0x09, 0x8f, 0x11, 0xb7, 0x73, 0x11, 0x4b, 0xdd, 0xa4, 0x9a, 0xff, 
		0xcf, 0x2e, 0x6e, 0x76, 0xd5, 0x3f, 0x9c, 0xff, 0x7c, 0xc1, 0x9c, 0x76, 0x04, 0x08, 0x52, 0xd1, 
		0x7c, 0x16, 0x55, 0x66, 0xa7, 0xa2, 0xa4, 0x25, 0x19, 0x99, 0x78, 0xb4, 0x9f, 0x95, 0xff, 0x90, 
		0x05, 0x5a, 0x90, 0xb4, 0x94, 0x94, 0xcc, 0x89, 0xfd, 0x46, 0x51, 0xab, 0xe1, 0x88, 0xc7, 0xde, 
		0x3c, 0x1f, 0x5f, 0x16, 0x37, 0xaa, 0xe5, 0xae, 0x9c, 0xdd, 0x5a, 0x02, 0x4a, 0xda, 0x26, 0x19, 
		0x83, 0xee, 0x36, 0xcb, 0x7e, 0xea, 0xed, 0x00, 0xfa, 0x3d, 0x97, 0x50, 0x14, 0x7a, 0x79, 0xfa, 
		0xea, 0x30, 0xb6, 0x07, 0xa1, 0x53, 0x41, 0x8a, 0x96, 0xa6, 0x49, 0x2c, 0x8c, 0xaa, 0xbd, 0xaf, 
		0x9b, 0x0f, 0x33, 0x1a, 0x04, 0x53, 0x57, 0x32, 0x61, 0x45, 0x4a, 0x89, 0x24, 0xc3, 0xaa, 0x11, 
		0xd0, 0x30, 0xee, 0xfb, 0xda, 0x6b, 0x75, 0x81, 0xfa, 0x95, 0xe2, 0xda, 0xcd, 0xab, 0xa6, 0x92, 
		0x11, 0x0a, 0x7e, 0x93, 0xe1, 0xb8, 0x92, 0xd0, 0x23, 0x7b, 0xae, 0x49, 0x22, 0x9d, 0x8d, 0xb4, 
		0xcd, 0x60, 0x39, 0x01, 0x26, 0x87, 0xcb, 0xc1, 0xbb, 0xb3, 0xf3, 0x8f, 0x67, 0x6f, 0xdf, 0x7c, 
		0x3a, 0x7b, 0x47, 0x0c, 0xbc, 0x99, 0xcb, 0x40, 0x2f, 0x94, 0xda, 0x41, 0xb3, 0x5a, 0x46, 0x70, 
		0x3e, 0x0e, 0xee, 0xf0, 0xfa, 0xf5, 0xfa, 0xe8, 0xac, 0x35, 0x3a, 0xd5, 0x7f, 0x24, 0x72, 0xa5, 
		0x77, 0xda, 0xbe, 0x63, 0x6d, 0xd7, 0xc5, 0x63, 0x31, 0x8f, 0x85, 0xcf, 0x95, 0x49, 0x79, 0xf7, 
		0x0d, 0x2b, 0x63, 0xeb, 0x3d, 0x25, 0xf2, 0x7c, 0x2c, 0x6e, 0xff, 0xb7, 0x86, 0x3a, 0x2f, 0x0b, 
		0xdb, 0x68, 0x2c, 0x94, 0xf4, 0xd9, 0x2b, 0xe9, 0xd3, 0xf9, 0x4a, 0x6e, 0xc0, 0x5c, 0x93, 0x1e, 
		0x44, 0x59, 0x73, 0x6f, 0x74, 0xf7, 0xa0, 0x2e, 0x98, 0xb7, 0x68, 0x2d, 0x70, 0xbc, 0x2f, 0xdd, 
		0xb0, 0x0c, 0x17, 0xea, 0x38, 0x41, 0x42, 0xf5, 0x10, 0x00, 0x13, 0x10, 0xa4, 0x62, 0x3e, 0xd1, 
		0xab, 0x9c, 0xec, 0x16, 0x83, 0x39, 0x8f, 0xf9, 0x4c, 0x28, 0x11, 0x13, 0x59, 0xef, 0x64, 0xe1, 
		0x4d, 0xfe, 0x55, 0x76, 0x13, 0x84, 0x13, 0xf5, 0x94, 0x17, 0x5b, 0x6e, 0x35, 0xbd, 0xa9, 0x2f, 
		0xeb, 0xda, 0x80, 0x62, 0xd7, 0x76, 0xcd, 0xc6, 0x69, 0x0b, 0xd1, 0x5f, 0xc0, 0x1b, 0x5f, 0x3e, 
		0x79, 0xfe, 0xdc, 0x97, 0xed, 0xcd, 0x43, 0xe6, 0x3d, 0x37, 0x2e, 0x0b, 0x08, 0x48, 0xbc, 0xcd, 
		0x7a, 0x45, 0xd7, 0x11, 0x16, 0xf6, 0xf7, 0x0f, 0xf6, 0x7c, 0xb5, 0xc6, 0xb5, 0xf0, 0xf7, 0xab, 
		0x04, 0x0e, 0xbe, 0x56, 0x41, 0xcc, 0x5b, 0x49, 0x1d, 0xbe, 0xe1, 0x19, 0x36, 0x4a, 0x55, 0x75, 
		0x8a, 0xcd, 0x0b, 0x5c, 0x6d, 0xf8, 0x87, 0x29, 0xc6, 0x24, 0x8b, 0x49, 0x16, 0x93, 0x2c, 0x26, 
		0x59, 0x6a, 0xc2, 0x26, 0x38, 0xc9, 0xea, 0x5e, 0xf2, 0xb0, 0x72, 0xeb, 0x7c, 0x58, 0x87, 0xee, 
		0xbd, 0x09, 0xef, 0x68, 0x66, 0xb0, 0x6c, 0xda, 0x9b, 0xe4, 0xf3, 0x79, 0x90, 0x1f, 0xcd, 0xda, 
		0x64, 0x59, 0xa5, 0x35, 0xf2, 0x16, 0x75, 0xf5, 0x34, 0x0d, 0xdb, 0xdd, 0xa7, 0x5c, 0xf4, 0xac, 
		0xbe, 0x59, 0x59, 0xab, 0x5b, 0x45, 0xd7, 0xff, 0x31, 0x39, 0x46, 0x68, 0x51, 0xa7, 0x44, 0x20, 
		0xe6, 0xb1, 0x48, 0x4c, 0x18, 0xa6, 0x4b, 0x5e, 0x43, 0xa5, 0x4b, 0xdf, 0x27, 0xab, 0x49, 0x46, 
		0x20, 0x71, 0xed, 0xdc, 0x26, 0x40, 0xe5, 0x7a, 0x76, 0xc3, 0xe3, 0x3a, 0x9b, 0x2b, 0xc5, 0x2e, 
		0x83, 0x7f, 0xfb, 0xf0, 0xcf, 0x37, 0x1f, 0xcf, 0xc0, 0xda, 0x07, 0x58, 0x7b, 0x23, 0x46, 0xe2, 
		0xb6, 0xc6, 0x59, 0xbb, 0xd4, 0x65, 0xec, 0x3f, 0xc5, 0xe8, 0xec, 0x16, 0x7c, 0x5d, 0x7d, 0x75, 
		0xcd, 0x36, 0x45, 0xca, 0x95, 0x8a, 0xe5, 0x28, 0x55, 0x95, 0x4d, 0xdf, 0xb2, 0x6c, 0x95, 0xa1, 
		0x2d, 0x5b, 0x11, 0x33, 0xb6, 0x26, 0xae, 0xda, 0x4d, 0x4e, 0x6b, 0x15, 0xd6, 0xce, 0xff, 0x75, 
		0x55, 0x06, 0x79, 0x5a, 0x41, 0x12, 0x0d, 0xa5, 0x5d, 0x33, 0x1c, 0x9e, 0xa7, 0x63, 0x19, 0xe5, 
		0xb1, 0xf0, 0xe6, 0x6f, 0xaf, 0xb8, 0x36, 0xd7, 0xe4, 0xb0, 0x88, 0x42, 0x15, 0x9b, 0xa3, 0xf0, 
		0xfe, 0xe2, 0xa2, 0xdd, 0x41, 0x79, 0xb7, 0x6e, 0x25, 0xcf, 0x84, 0x79, 0x91, 0xa6, 0xdc, 0x7e, 
		0x8d, 0x96, 0x73, 0xf1, 0x92, 0x61, 0xaf, 0x9b, 0xdf, 0xba, 0xdb, 0x2f, 0xaf, 0xda, 0x1d, 0x6c, 
		0x55, 0xb7, 0xb7, 0x7b, 0xad, 0xb3, 0x01, 0x0e, 0xce, 0xaf, 0xa2, 0xb0, 0x0e, 0x27, 0xcc, 0x4a, 
		0x6b, 0x97, 0xab, 0xeb, 0x3a, 0xf6, 0xfe, 0x9c, 0x9d, 0xeb, 0x6a, 0x73, 0xab, 0x04, 0x3b, 0x7f, 
		0xeb, 0x8d, 0x78, 0x22, 0xc6, 0xec, 0xd7, 0x50, 0x4e, 0xa4, 0x18, 0xb3, 0xb7, 0xd1, 0x6c, 0x96, 
		0x86, 0x7a, 0x04, 0x46, 0x31, 0x75, 0x0f, 0x95, 0x08, 0xfb, 0x3d, 0x3f, 0x0a, 0x27, 0xcd, 0x32, 
		0xc8, 0xaa, 0xbe, 0x5d, 0x10, 0xcc, 0x37, 0xdc, 0x4f, 0xdd, 0x91, 0xb9, 0x4d, 0x2b, 0xb8, 0x51, 
		0x05, 0xdc, 0xae, 0xbd, 0x4f, 0x03, 0x25, 0xe7, 0x81, 0xb8, 0xad, 0xd9, 0xfc, 0x6a, 0x45, 0x23, 
		0x4c, 0x4f, 0x57, 0xb3, 0x4f, 0x95, 0x83, 0xcd, 0xed, 0x66, 0xf9, 0xb5, 0xf7, 0xfe, 0x12, 0xd1, 
		0x80, 0x56, 0x2b, 0x7b, 0x7d, 0x21, 0x88, 0xad, 0xfa, 0x49, 0x59, 0x80, 0x34, 0xac, 0xf2, 0x32, 
		0x7b, 0x5e, 0xce, 0xcd, 0x5f, 0xf3, 0x7a, 0xf0, 0x93, 0xdc, 0x5c, 0x9a, 0xc8, 0x69, 0xc8, 0x03, 
		0x19, 0x4e, 0xdd, 0x01, 0xee, 0x54, 0xd4, 0x52, 0x54, 0x16, 0xd5, 0x84, 0x06, 0xf8, 0x68, 0x52, 
		0x49, 0x43, 0x67, 0x1e, 0xdd, 0x7e, 0xff, 0x28, 0x43, 0x1e, 0xdf, 0xb1, 0x49, 0x10, 0x45, 0x31, 
		0xcb, 0xfd, 0x2b, 0x56, 0x00, 0x17, 0x59, 0x49, 0x34, 0x23, 0x78, 0x83, 0x02, 0x1d, 0x8d, 0xed, 
		0x76, 0xae, 0xfa, 0xbd, 0xbe, 0xd5, 0x37, 0xf3, 0xe8, 0xb2, 0x5a, 0x17, 0x82, 0xa3, 0xad, 0x43, 
		0x7f, 0xa6, 0x15, 0xe5, 0x35, 0x8f, 0xcd, 0xab, 0xa9, 0x29, 0x57, 0xe2, 0x86, 0xdf, 0x41, 0x7b, 
		0xbf, 0xc1, 0xe8, 0xcd, 0x2b, 0x96, 0xae, 0xce, 0xe9, 0x8b, 0xf7, 0xe7, 0x60, 0x67, 0x6b, 0x76, 
		0x7e, 0x95, 0x61, 0x65, 0xf7, 0x3f, 0x2f, 0xa8, 0x31, 0xd5, 0x14, 0x83, 0xaf, 0xbb, 0xe0, 0x16, 
		0x50, 0xce, 0x67, 0xef, 0x57, 0x02, 0x91, 0xfd, 0x86, 0x20, 0x64, 0x7b, 0x2b, 0x2d, 0xbf, 0x7e, 
		0xe1, 0x2d, 0x0f, 0x02, 0xf6, 0x66, 0x3c, 0x93, 0x59, 0xf6, 0xe1, 0xb7, 0xe5, 0xfe, 0x0c, 0x65, 
		0xed, 0xd3, 0xab, 0xed, 0xc0, 0xbe, 0x22, 0x47, 0x3f, 0xb5, 0x21, 0x36, 0x9a, 0xcd, 0xf4, 0x12, 
		0x33, 0x90, 0xa1, 0xa0, 0x9a, 0x68, 0xb9, 0x91, 0xd8, 0x74, 0x54, 0x59, 0x51, 0xeb, 0xc7, 0x36, 
		0xe4, 0x9a, 0xd5, 0x75, 0xb1, 0x8c, 0xfe, 0xd1, 0x40, 0x46, 0x58, 0x8e, 0x43, 0xa1, 0x4f, 0xf4, 
		0x2c, 0xa9, 0x4c, 0xfc, 0xc9, 0xea, 0x23, 0xb8, 0x9c, 0xe4, 0xac, 0x19, 0x71, 0xca, 0xc2, 0x11, 
		0xb7, 0x2f, 0x9e, 0x30, 0x8f, 0x2d, 0x68, 0xfb, 0x25, 0xcb, 0xd1, 0xc9, 0x7e, 0x34, 0xbb, 0x23, 
		0x76, 0x83, 0x8f, 0xc2, 0x8f, 0xa6, 0xa1, 0xac, 0xec, 0x04, 0x91, 0xa5, 0x3e, 0x9e, 0xcc, 0xec, 
		0xc0, 0x60, 0xf3, 0xd8, 0x82, 0xfa, 0x8f, 0xe2, 0x5a, 0xc4, 0x89, 0x60, 0x3f, 0x05, 0xd1, 0x0d, 
		0x9b, 0x09, 0xc5, 0xf3, 0xcd, 0x63, 0xea, 0xd4, 0x26, 0xd7, 0x95, 0x3c, 0xa6, 0xfa, 0xb1, 0x15, 
		0xb5, 0x8b, 0x3f, 0x44, 0x7c, 0x9d, 0xd5, 0x9d, 0xbb, 0x81, 0x64, 0x44, 0xa9, 0xd6, 0x8d, 0x72, 
		0x94, 0x98, 0xbb, 0x7c, 0xae, 0x14, 0xd7, 0x8e, 0x9c, 0x73, 0x64, 0x19, 0x9d, 0xa5, 0x73, 0x79, 
		0xd2, 0xb0, 0xb0, 0xbd, 0xe5, 0x04, 0xe9, 0xec, 0x64, 0xe6, 0xab, 0x8e, 0x02, 0x1d, 0x07, 0x1f, 
		0x8e, 0xaa, 0x0f, 0xa7, 0x62, 0x1e, 0x26, 0xf3, 0x28, 0x56, 0x0d, 0xba, 0x69, 0x57, 0x34, 0x68, 
		0x67, 0x56, 0x4d, 0x48, 0x3f, 0x63, 0xe5, 0x57, 0xb3, 0x24, 0x37, 0xac, 0x8e, 0x3f, 0x0a, 0x1e, 
		0x64, 0xa9, 0xc1, 0x4a, 0x02, 0x8b, 0x35, 0xf2, 0x65, 0x58, 0x2e, 0x92, 0x17, 0x75, 0xd0, 0xdc, 
		0x95, 0xea, 0xf3, 0x70, 0x5e, 0xea, 0x26, 0x86, 0x83, 0xcf, 0x3b, 0x64, 0x21, 0xae, 0x45, 0x38, 
		0x8e, 0x62, 0xf7, 0x10, 0xcf, 0x2e, 0x25, 0x31, 0xf8, 0xb3, 0x0e, 0xd5, 0x7a, 0xb8, 0xca, 0xbd, 
		0x48, 0x58, 0xd9, 0x86, 0x0c, 0x01, 0x26, 0xc2, 0xdc, 0xcb, 0xdc, 0x1d, 0x37, 0xbb, 0xcf, 0xb2, 
		0x16, 0x2e, 0x89, 0x26, 0xec, 0x36, 0x9a, 0x30, 0x0b, 0xb6, 0x97, 0x53, 0x5a, 0x38, 0x54, 0x04, 
		0x8f, 0x4b, 0xdb, 0x5e, 0x97, 0x58, 0x91, 0x9f, 0xb3, 0xe1, 0x40, 0xc2, 0x6e, 0x58, 0x5c, 0xff, 
		0x5f, 0x77, 0x43, 0x64, 0xd5, 0xc5, 0x09, 0x66, 0xd1, 0x7e, 0xbc, 0x58, 0xd0, 0xf6, 0xca, 0x75, 
		0x5e, 0x7f, 0xb1, 0x2c, 0x1a, 0x2c, 0xd6, 0x08, 0x27, 0x0b, 0x07, 0xfa, 0x34, 0xdf, 0xe1, 0xa8, 
		0x5c, 0x84, 0xc0, 0x7d, 0x13, 0x6b, 0x69, 0xb6, 0x06, 0x8e, 0x8a, 0x55, 0xf3, 0x71, 0xbe, 0x92, 
		0xec, 0x15, 0xeb, 0xae, 0x7e, 0xb1, 0x04, 0x19, 0x14, 0xde, 0xf9, 0x49, 0xe6, 0xb2, 0xe6, 0xca, 
		0x96, 0xa8, 0x4c, 0xe1, 0xea, 0x6a, 0x58, 0xd6, 0x3c, 0x30, 0xc2, 0xe2, 0x84, 0xdc, 0x42, 0xcc, 
		0x16, 0x51, 0x46, 0x4d, 0xd2, 0x4a, 0x46, 0x6f, 0x6e, 0x65, 0x92, 0x0b, 0xc9, 0xec, 0x26, 0xe4, 
		0x52, 0x3a, 0xe7, 0x21, 0x4f, 0xa2, 0x50, 0xfa, 0xb9, 0xac, 0x3e, 0x46, 0x23, 0x11, 0x2b, 0xef, 
		0xc7, 0x28, 0x31, 0xf0, 0x25, 0x2d, 0xb3, 0xdf, 0x24, 0xff, 0xad, 0x86, 0xe9, 0x31, 0xaf, 0x33, 
		0x1c, 0x31, 0x2f, 0xd3, 0xc2, 0x59, 0xbc, 0x4a, 0x8b, 0xa8, 0xf2, 0x22, 0x2d, 0xaa, 0xf2, 0x35, 
		0x06, 0xd9, 0xb3, 0xc8, 0x28, 0xe9, 0x88, 0x64, 0x31, 0x2e, 0x36, 0x95, 0xe1, 0xca, 0x36, 0x4d, 
		0xb9, 0xc8, 0x57, 0x59, 0xaf, 0x4a, 0x93, 0x65, 0xe6, 0x2b, 0x37, 0x59, 0x79, 0x5b, 0x8a, 0x36, 
		0xeb, 0x49, 0xc6, 0x48, 0x41, 0x27, 0xbd, 0xd4, 0x22, 0xcf, 0x65, 0x98, 0x68, 0xf5, 0xcc, 0xac, 
		0x90, 0x2d, 0xa0, 0xc2, 0x2e, 0xed, 0x9a, 0xf1, 0xda, 0xc0, 0x65, 0x99, 0xaf, 0xd6, 0xbf, 0x76, 
		0xc3, 0xb5, 0x40, 0x0b, 0xd6, 0x6d, 0xd3, 0x04, 0x3d, 0xec, 0x47, 0x35, 0xb5, 0x5c, 0x66, 0x90, 
		0x1a, 0x06, 0x6d, 0xfe, 0xf3, 0xcb, 0x10, 0x8e, 0x15, 0x1c, 0xab, 0xb5, 0x1c, 0xab, 0xe6, 0x09, 
		0xa3, 0x8d, 0x43, 0x55, 0x59, 0xb2, 0x90, 0x93, 0x0c, 0x26, 0x0a, 0x2a, 0x52, 0x21, 0x3d, 0x51, 
		0xd8, 0x93, 0xc4, 0xa6, 0xdd, 0xd5, 0x8a, 0xa8, 0xeb, 0x1b, 0x1b, 0x56, 0x71, 0x2d, 0x4a, 0x89, 
		0xb2, 0x2f, 0xfa, 0x24, 0x9a, 0x4b, 0x81, 0x86, 0x6c, 0x66, 0xae, 0x4d, 0xda, 0x6e, 0x5d, 0xe3, 
		0x34, 0x3d, 0x89, 0x62, 0x67, 0xdf, 0x83, 0xba, 0xc4, 0xea, 0x33, 0x81, 0x55, 0xbc, 0x4c, 0x01, 
		0x9d, 0xb1, 0xbd, 0x27, 0xf6, 0xe6, 0xa4, 0xf7, 0x18, 0x7b, 0x53, 0x61, 0xe7, 0xe6, 0xbc, 0x51, 
		0x4b, 0x5d, 0x97, 0xb9, 0xa1, 0x4b, 0x9a, 0xac, 0xa5, 0xd8, 0x3c, 0x1c, 0x63, 0x57, 0x0f, 0xce, 
		0x67, 0x6b, 0xe7, 0x33, 0x5f, 0xee, 0x34, 0x6d, 0x59, 0x38, 0x55, 0xb0, 0x3d, 0xb6, 0xed, 0x19, 
		0xac, 0x91, 0xef, 0xc0, 0xb5, 0x3d, 0xdb, 0xda, 0x97, 0xcb, 0x3d, 0x9d, 0xbd, 0x3c, 0xb6, 0xf2, 
		0xa5, 0x8a, 0x2b, 0x8a, 0x98, 0x17, 0xd4, 0x83, 0xae, 0x74, 0xb1, 0xbd, 0xb6, 0xa7, 0xa5, 0xd9, 
		0x84, 0x8e, 0x21, 0x0b, 0xa6, 0xd6, 0x03, 0xfa, 0x16, 0xa5, 0x0f, 0xb3, 0xb7, 0x3a, 0x4d, 0x11, 
		0x09, 0x61, 0x7b, 0x02, 0x6d, 0x21, 0x3a, 0xcf, 0x12, 0xe8, 0x1c, 0xa0, 0xb8, 0x80, 0xe2, 0x02, 
		0x8a, 0x0b, 0x28, 0x2e, 0x71, 0xea, 0x01, 0xc5, 0x05, 0x14, 0x77, 0x57, 0xa0, 0xb8, 0x23, 0xee, 
		0x7f, 0x9d, 0xc6, 0x51, 0x1a, 0xda, 0x1a, 0x6b, 0x15, 0xd6, 0x22, 0x5a, 0xcb, 0x2a, 0x60, 0x72, 
		0xdb, 0xb9, 0xba, 0xa3, 0x34, 0xf8, 0x6a, 0xf3, 0x56, 0x3f, 0xd6, 0xb8, 0x9a, 0x06, 0x5f, 0xc1, 
		0xcf, 0x76, 0xfc, 0x1c, 0x8b, 0xe4, 0xab, 0x8a, 0x6c, 0x93, 0x53, 0x94, 0xb8, 0x5c, 0x7d, 0x97, 
		0x95, 0x83, 0xb1, 0xed, 0x18, 0x6b, 0xdc, 0x45, 0xee, 0x67, 0x9b, 0x10, 0x0b, 0x46, 0x58, 0xa5, 
		0xf5, 0xf4, 0xf0, 0x65, 0x1d, 0x98, 0xdc, 0x12, 0xe7, 0x2c, 0x78, 0xe0, 0x5c, 0x5d, 0x5c, 0x16, 
		0x35, 0x21, 0x9e, 0x0b, 0xc0, 0x33, 0x78, 0xdb, 0x22, 0x8c, 0x54, 0x24, 0xce, 0xc9, 0x55, 0x51, 
		0x52, 0x8b, 0x0d, 0xce, 0xca, 0xc1, 0xd8, 0x96, 0x8c, 0x55, 0xb1, 0xe0, 0xb3, 0x7c, 0x37, 0x7a, 
		0xb1, 0x51, 0x9a, 0x97, 0xd5, 0x98, 0x5b, 0xd4, 0x80, 0xbd, 0x2d, 0x43, 0x67, 0xd2, 0x30, 0x14, 
		0x76, 0x34, 0x54, 0x5e, 0x50, 0xf3, 0x1e, 0x4d, 0x31, 0xb8, 0x4a, 0x7e, 0xcb, 0xf8, 0x39, 0xc5, 
		0x42, 0x49, 0x9f, 0xdb, 0xdf, 0xf2, 0x79, 0x83, 0x17, 0x30, 0x16, 0x73, 0x11, 0x8e, 0x45, 0xa8, 
		0x98, 0x1f, 0xcd, 0xe6, 0xa9, 0x92, 0xe1, 0xf4, 0x32, 0xe4, 0xb1, 0x7f, 0x25, 0x95, 0xf0, 0x55, 
		0x1a, 0x0b, 0xc4, 0xe7, 0xb4, 0xf6, 0x0f, 0xc6, 0x95, 0xc5, 0xf4, 0xb8, 0x29, 0x0e, 0x6a, 0x16, 
		0x29, 0xc1, 0x72, 0xa7, 0xb7, 0x0c, 0x81, 0xba, 0x0c, 0xc1, 0x63, 0xfa, 0x96, 0x01, 0x31, 0x50, 
		0x88, 0x81, 0x02, 0x5a, 0x62, 0x0f, 0xd1, 0x12, 0x88, 0x81, 0xa2, 0x8e, 0xd9, 0x45, 0x0c, 0x14, 
		0x09, 0x93, 0x8d, 0x18, 0x28, 0xda, 0xc3, 0x04, 0xd0, 0x76, 0xc4, 0x40, 0x21, 0x06, 0x0a, 0x8e, 
		0x15, 0x29, 0xc7, 0x0a, 0x31, 0x50, 0x98, 0x28, 0xf6, 0x78, 0xa2, 0x40, 0x0c, 0x14, 0x62, 0xa0, 
		0x10, 0x03, 0x85, 0x18, 0x28, 0xc4, 0x40, 0x21, 0x06, 0x0a, 0xce, 0x27, 0x62, 0xa0, 0xc8, 0xdb, 
		0x1e, 0xc4, 0x40, 0xed, 0xd6, 0xb1, 0x55, 0xeb, 0x0b, 0x38, 0x76, 0x04, 0xc0, 0xbb, 0x6d, 0x5e, 
		0xba, 0x7e, 0xf2, 0xa2, 0x6c, 0x25, 0x57, 0xd9, 0x5b, 0x7a, 0x93, 0xd2, 0xe3, 0x55, 0x83, 0xe8, 
		0x5c, 0x4a, 0xa0, 0x73, 0x88, 0x73, 0x42, 0x9c, 0x13, 0xe2, 0x9c, 0x10, 0xe7, 0x44, 0x9c, 0x7a, 
		0xc4, 0x39, 0xed, 0x43, 0x9c, 0x13, 0x20, 0x4b, 0x80, 0x2c, 0x61, 0x73, 0x63, 0x0f, 0x37, 0x37, 
		0x00, 0x59, 0xa2, 0x7e, 0xc4, 0x06, 0xc8, 0x12, 0x09, 0x93, 0x0d, 0xc8, 0x12, 0xed, 0x61, 0x82, 
		0x93, 0x68, 0x40, 0x96, 0x00, 0x59, 0x82, 0x63, 0x45, 0xca, 0xb1, 0x02, 0x64, 0x09, 0x13, 0xc5, 
		0x1e, 0x4f, 0x14, 0x80, 0x2c, 0x01, 0xb2, 0x04, 0xc8, 0x12, 0x20, 0x4b, 0x80, 0x2c, 0x01, 0xb2, 
		0x04, 0xe7, 0x13, 0x90, 0x25, 0xf2, 0xb6, 0x07, 0x90, 0xa5, 0xdd, 0x82, 0x2c, 0xc9, 0xb9, 0xe7, 
		0xf3, 0x99, 0x88, 0x2b, 0xd9, 0x2b, 0xca, 0xb2, 0xc6, 0x4c, 0x56, 0xa1, 0x50, 0x0b, 0xa8, 0x8d, 
		0x59, 0x17, 0xb0, 0x8b, 0x34, 0xbe, 0x16, 0x32, 0x08, 0x78, 0x68, 0x10, 0x16, 0xf9, 0x6f, 0x09, 
		0x29, 0x3e, 0x29, 0x68, 0x53, 0xc9, 0x5f, 0xd7, 0xa9, 0x76, 0x2a, 0x1e, 0xc3, 0xfd, 0xcb, 0x30, 
		0x63, 0x3f, 0xc9, 0xac, 0xcf, 0xdf, 0x5f, 0xd9, 0xb6, 0x4a, 0xde, 0x2c, 0x0d, 0x94, 0x9c, 0x07, 
		0xe2, 0xd6, 0xcd, 0x67, 0xe3, 0x54, 0xb8, 0x84, 0x7e, 0x28, 0xaa, 0x09, 0xe5, 0xb3, 0x49, 0x84, 
		0xed, 0x83, 0xe9, 0xa7, 0xe5, 0xbd, 0xbe, 0x10, 0xd4, 0xd1, 0x35, 0xdb, 0x1c, 0xed, 0x69, 0x58, 
		0xe5, 0x65, 0xf6, 0xbc, 0x9c, 0x9b, 0xbf, 0xe6, 0xf5, 0xe0, 0x27, 0xb9, 0xc9, 0x32, 0x91, 0xd3, 
		0x90, 0x07, 0x32, 0x9c, 0xba, 0x03, 0xdc, 0xa9, 0xa8, 0xa5, 0x7a, 0x2b, 0xaa, 0x09, 0x0d, 0xf0, 
		0x58, 0x25, 0xd5, 0xab, 0xe4, 0x1b, 0xf0, 0x66, 0xe6, 0x2e, 0xf9, 0x4f, 0x72, 0x26, 0x58, 0x99, 
		0xac, 0xee, 0x32, 0x2c, 0xad, 0x71, 0x46, 0xb4, 0x21, 0x0b, 0x99, 0x94, 0xc8, 0xaa, 0x2c, 0x00, 
		0xbc, 0x14, 0xb4, 0x0f, 0x00, 0x5e, 0x00, 0x78, 0x01, 0xe0, 0x05, 0x80, 0x97, 0xfa, 0xb2, 0x78, 
		0x8f, 0x01, 0xbc, 0xcf, 0xe3, 0xa2, 0x02, 0x24, 0xce, 0x7e, 0x96, 0x6e, 0xdc, 0x73, 0x4a, 0x95, 
		0x1b, 0xab, 0xea, 0xc2, 0x63, 0xd5, 0xba, 0xa3, 0x5c, 0x6c, 0x20, 0x6b, 0x2b, 0x7d, 0x25, 0x45, 
		0x08, 0x04, 0x42, 0x20, 0x70, 0x58, 0xba, 0x87, 0x87, 0xa5, 0x08, 0x81, 0xa0, 0x0e, 0xd9, 0x43, 
		0x08, 0x04, 0x09, 0x93, 0x8d, 0x10, 0x08, 0xda, 0xc3, 0x04, 0xc8, 0x56, 0x84, 0x40, 0x20, 0x04, 
		0x02, 0x8e, 0x15, 0x29, 0xc7, 0x0a, 0x21, 0x10, 0x98, 0x28, 0xf6, 0x78, 0xa2, 0x40, 0x08, 0x04, 
		0x42, 0x20, 0x10, 0x02, 0x81, 0x10, 0x08, 0x84, 0x40, 0x20, 0x04, 0x02, 0xce, 0x27, 0x42, 0x20, 
		0xc8, 0xdb, 0x1e, 0x84, 0x40, 0xec, 0xd6, 0xb1, 0xd5, 0xbf, 0xf8, 0x68, 0x24, 0xec, 0xf3, 0xa0, 
		0xbc, 0xc0, 0xd5, 0xea, 0xff, 0x6b, 0x8a, 0x77, 0x05, 0xd3, 0xb0, 0x7d, 0x8e, 0xba, 0xfe, 0xb2, 
		0x5d, 0xfa, 0x00, 0x6f, 0x49, 0x46, 0x2f, 0x7c, 0xab, 0x9e, 0x10, 0x9d, 0x5e, 0x09, 0x74, 0x0e, 
		0x38, 0x50, 0xe0, 0x40, 0x81, 0x03, 0x05, 0x0e, 0x94, 0x38, 0xf5, 0xc0, 0x81, 0xee, 0x03, 0x0e, 
		0x14, 0x28, 0x26, 0xa0, 0x98, 0xb0, 0xdf, 0xb1, 0x87, 0xfb, 0x1d, 0x40, 0x31, 0x51, 0x3f, 0x75, 
		0x03, 0x8a, 0x89, 0x84, 0xc9, 0x06, 0x8a, 0x89, 0xf6, 0x30, 0xc1, 0xe1, 0x34, 0x50, 0x4c, 0x40, 
		0x31, 0xc1, 0xb1, 0x22, 0xe5, 0x58, 0x01, 0xc5, 0x84, 0x89, 0x62, 0x8f, 0x27, 0x0a, 0xa0, 0x98, 
		0x80, 0x62, 0x02, 0x8a, 0x09, 0x28, 0x26, 0xa0, 0x98, 0x80, 0x62, 0x82, 0xf3, 0x09, 0x14, 0x13, 
		0x79, 0xdb, 0x03, 0x14, 0xd3, 0x6e, 0xa1, 0x98, 0x1e, 0x93, 0x55, 0x81, 0x96, 0x4e, 0x93, 0x82, 
		0x30, 0xc5, 0x6a, 0xee, 0x7a, 0xca, 0x65, 0x51, 0x8b, 0x74, 0x15, 0x14, 0xf1, 0x4b, 0xdf, 0xa4, 
		0x21, 0x44, 0x67, 0x55, 0x02, 0x9d, 0x03, 0x78, 0x09, 0xe0, 0x25, 0x80, 0x97, 0x00, 0x5e, 0x22, 
		0x4e, 0x3d, 0xc0, 0x4b, 0x00, 0x2f, 0x01, 0xbc, 0x04, 0xf0, 0x12, 0xb6, 0x39, 0x9e, 0xe5, 0x36, 
		0x07, 0xc0, 0x4b, 0xd4, 0x0f, 0xdb, 0x00, 0x5e, 0x22, 0x61, 0xb2, 0x01, 0x5e, 0xa2, 0x3d, 0x4c, 
		0x70, 0x26, 0x0d, 0xf0, 0x12, 0xc0, 0x4b, 0x70, 0xac, 0x48, 0x39, 0x56, 0x00, 0x2f, 0x61, 0xa2, 
		0xd8, 0xe3, 0x89, 0x02, 0xe0, 0x25, 0x80, 0x97, 0x00, 0x5e, 0x02, 0x78, 0x09, 0xe0, 0x25, 0x80, 
		0x97, 0xe0, 0x7c, 0x02, 0xbc, 0x44, 0xde, 0xf6, 0x00, 0xbc, 0xb4, 0x6b, 0xe0, 0xa5, 0x47, 0x5d, 
		0x46, 0xb9, 0x2b, 0x47, 0x73, 0xdb, 0x66, 0x6d, 0x1d, 0xc9, 0x94, 0x3c, 0x08, 0x65, 0xaa, 0x33, 
		0x99, 0x28, 0xa8, 0xe9, 0x89, 0x34, 0x87, 0xe8, 0xcc, 0x4b, 0xa0, 0x73, 0x00, 0x38, 0x01, 0xe0, 
		0x04, 0x80, 0x13, 0x00, 0x4e, 0xc4, 0xa9, 0x07, 0xc0, 0x09, 0x00, 0x27, 0x00, 0x9c, 0x00, 0x70, 
		0xc2, 0x56, 0xc8, 0xb3, 0xdc, 0x0a, 0x01, 0xc0, 0x89, 0xfa, 0x81, 0x1c, 0x00, 0x4e, 0x24, 0x4c, 
		0x36, 0x00, 0x4e, 0xb4, 0x87, 0x09, 0xce, 0xad, 0x01, 0x70, 0x02, 0xc0, 0x09, 0x8e, 0x15, 0x29, 
		0xc7, 0x0a, 0x00, 0x27, 0x4c, 0x14, 0x7b, 0x3c, 0x51, 0x00, 0xe0, 0x04, 0x80, 0x13, 0x00, 0x4e, 
		0x00, 0x38, 0x01, 0xe0, 0x04, 0x80, 0x13, 0x9c, 0x4f, 0x00, 0x9c, 0xc8, 0xdb, 0x1e, 0x00, 0x9c, 
		0x76, 0x0b, 0xe0, 0x94, 0x48, 0xfb, 0xb4, 0x4e, 0x3f, 0xb9, 0xfa, 0x7c, 0x21, 0x32, 0xa4, 0xc4, 
		0xfb, 0x50, 0x2a, 0xb9, 0x53, 0xe7, 0x72, 0x5b, 0xe6, 0xab, 0xeb, 0x32, 0x97, 0x45, 0x6b, 0x70, 
		0x98, 0x24, 0xb4, 0xe9, 0x69, 0x74, 0x86, 0xe8, 0x84, 0x4b, 0xa0, 0x73, 0xc0, 0x35, 0x01, 0xd7, 
		0x04, 0x5c, 0x13, 0x70, 0x4d, 0xc4, 0xa9, 0x07, 0xae, 0x09, 0xb8, 0x26, 0xe0, 0x9a, 0x80, 0x6b, 
		0xc2, 0x0e, 0xc8, 0xb3, 0xdc, 0x01, 0x01, 0xae, 0x89, 0xfa, 0x39, 0x1c, 0x70, 0x4d, 0x24, 0x4c, 
		0x36, 0x70, 0x4d, 0xb4, 0x87, 0x09, 0x8e, 0xab, 0x81, 0x6b, 0x02, 0xae, 0x09, 0x8e, 0x15, 0x29, 
		0xc7, 0x0a, 0xb8, 0x26, 0x4c, 0x14, 0x7b, 0x3c, 0x51, 0x00, 0xd7, 0x04, 0x5c, 0x13, 0x70, 0x4d, 
		0xc0, 0x35, 0x01, 0xd7, 0x04, 0x5c, 0x13, 0x9c, 0x4f, 0xe0, 0x9a, 0xc8, 0xdb, 0x1e, 0xe0, 0x9a, 
		0x76, 0x0c, 0xd7, 0x94, 0xc6, 0xd7, 0x42, 0x06, 0x01, 0x0f, 0x7d, 0xe1, 0x8d, 0xa5, 0x56, 0x90, 
		0x51, 0xaa, 0xaa, 0x1e, 0xd2, 0xf2, 0x36, 0x35, 0x3c, 0x8b, 0xd5, 0x92, 0xbd, 0xab, 0xb6, 0x24, 
		0x34, 0x0c, 0x68, 0x21, 0xa0, 0x96, 0x71, 0xb7, 0x86, 0x8b, 0x5a, 0xdd, 0xb0, 0xb5, 0x2c, 0x68, 
		0x62, 0xa5, 0x36, 0xac, 0x87, 0x5b, 0x25, 0x76, 0x96, 0x06, 0x4a, 0xce, 0x03, 0x71, 0xeb, 0xa9, 
		0xaa, 0x62, 0x3a, 0x15, 0x2e, 0x59, 0x1f, 0x8a, 0x6a, 0xf6, 0x29, 0xab, 0x26, 0x40, 0x4b, 0x22, 
		0x6c, 0x67, 0x4d, 0x3f, 0x2d, 0xef, 0xf5, 0x85, 0xa0, 0x0e, 0xc3, 0xd9, 0xa6, 0x21, 0x48, 0xc3, 
		0x2a, 0x2f, 0xb3, 0xe7, 0xe5, 0xdc, 0xfc, 0x35, 0xaf, 0x07, 0x3f, 0xe9, 0xcd, 0xaa, 0x72, 0x1a, 
		0xf2, 0x40, 0x86, 0x53, 0x77, 0x80, 0x3b, 0x15, 0x35, 0xbb, 0x55, 0x54, 0x13, 0x1a, 0xe0, 0xdf, 
		0x9a, 0xa0, 0x8f, 0x65, 0x34, 0x1b, 0xaa, 0x94, 0x4d, 0x15, 0x34, 0x96, 0x92, 0xc6, 0x02, 0xe8, 
		0x4b, 0x41, 0xfb, 0x00, 0xf4, 0x05, 0xd0, 0x17, 0x40, 0x5f, 0x00, 0x7d, 0x01, 0xf4, 0x25, 0x49, 
		0xb5, 0x6e, 0xa4, 0x62, 0x3e, 0x99, 0x48, 0xdf, 0xf5, 0xec, 0x2a, 0xc5, 0x2e, 0x1f, 0x3e, 0x65, 
		0x95, 0x94, 0xbc, 0x3a, 0xc1, 0x03, 0x25, 0x2b, 0x3b, 0x9b, 0x65, 0x51, 0x93, 0x77, 0xa7, 0x2b, 
		0x58, 0x4e, 0x23, 0xdc, 0xb8, 0x07, 0x7c, 0xa9, 0xc2, 0x07, 0xae, 0xee, 0xbc, 0xe6, 0x65, 0x35, 
		0x9f, 0xbf, 0xf4, 0x98, 0xc1, 0x5e, 0xea, 0x5e, 0xb2, 0x8a, 0x79, 0x98, 0xcc, 0xa3, 0x58, 0x35, 
		0x8c, 0x7e, 0xbb, 0xa2, 0x61, 0xfc, 0x67, 0xd5, 0x94, 0x2c, 0x80, 0xaa, 0x2e, 0xeb, 0x56, 0xad, 
		0xea, 0xca, 0xb5, 0x5c, 0x49, 0x27, 0x94, 0x94, 0xac, 0x92, 0x22, 0x12, 0x05, 0x91, 0x28, 0x38, 
		0xb3, 0xde, 0xc3, 0x33, 0x6b, 0x44, 0xa2, 0x50, 0x47, 0x4e, 0x22, 0x12, 0x85, 0x84, 0xc9, 0x46, 
		0x24, 0x0a, 0xed, 0x61, 0x02, 0x80, 0x31, 0x22, 0x51, 0x10, 0x89, 0x02, 0xc7, 0x8a, 0x94, 0x63, 
		0x85, 0x48, 0x14, 0x4c, 0x14, 0x7b, 0x3c, 0x51, 0x20, 0x12, 0x05, 0x91, 0x28, 0x88, 0x44, 0x41, 
		0x24, 0x0a, 0x22, 0x51, 0x10, 0x89, 0x02, 0xe7, 0x13, 0x91, 0x28, 0xe4, 0x6d, 0x0f, 0x22, 0x51, 
		0x76, 0xeb, 0xd8, 0x4a, 0x89, 0x40, 0xcc, 0x63, 0x91, 0x88, 0xd0, 0x17, 0xda, 0x99, 0x33, 0x68, 
		0x3d, 0xeb, 0x84, 0xb5, 0xa9, 0xba, 0x76, 0xce, 0xda, 0xd0, 0x88, 0x65, 0x47, 0xef, 0xb4, 0xd4, 
		0x9f, 0xd0, 0x59, 0x65, 0x33, 0xe7, 0x5d, 0x2f, 0x7b, 0x79, 0x9b, 0x35, 0x64, 0x40, 0x32, 0xf2, 
		0x64, 0x53, 0x7a, 0xb7, 0xe5, 0x54, 0xc4, 0xcf, 0x07, 0x90, 0x3e, 0x9a, 0xf8, 0x36, 0x72, 0xc1, 
		0x3c, 0xba, 0xfd, 0xfe, 0x51, 0x86, 0x3c, 0xbe, 0x63, 0x93, 0x20, 0x8a, 0x62, 0x56, 0x08, 0x64, 
		0x5e, 0x45, 0xa4, 0x03, 0x90, 0xfe, 0xa0, 0x65, 0xf0, 0x2b, 0x9c, 0xf6, 0x1b, 0x18, 0xed, 0xfb, 
		0x73, 0xb0, 0xb3, 0x35, 0x3b, 0x8d, 0x63, 0x62, 0x61, 0xbb, 0xd3, 0xfa, 0x88, 0x7b, 0x1b, 0xa4, 
		0x02, 0x1c, 0x6d, 0xcb, 0xd1, 0xab, 0x7e, 0xaf, 0x6f, 0xf5, 0xcd, 0x3c, 0xba, 0x1c, 0xd5, 0x85, 
		0xe0, 0x68, 0x5b, 0x8e, 0xce, 0x12, 0xbf, 0x8a, 0x4e, 0x6f, 0x18, 0xf4, 0x26, 0x06, 0xcd, 0xe7, 
		0x89, 0x62, 0x17, 0x57, 0x51, 0xac, 0xfc, 0x54, 0x5d, 0x86, 0x79, 0x7c, 0x85, 0x1b, 0xf6, 0x03, 
		0x8e, 0x3f, 0xc5, 0xd5, 0x12, 0xef, 0xcf, 0xc1, 0xce, 0xb6, 0xec, 0xbc, 0xad, 0x4e, 0x5a, 0xb7, 
		0x4d, 0xb3, 0xd6, 0xd9, 0xad, 0x12, 0xe1, 0x58, 0x8c, 0x99, 0xcf, 0x83, 0xc0, 0xf6, 0x0f, 0xae, 
		0xe5, 0x58, 0xc4, 0x97, 0x21, 0x98, 0x4d, 0x7f, 0xbd, 0x88, 0x88, 0x35, 0x12, 0xda, 0x87, 0x88, 
		0x35, 0x44, 0xac, 0x21, 0x62, 0x0d, 0x11, 0x6b, 0x88, 0x58, 0x23, 0x49, 0x35, 0x02, 0x02, 0x10, 
		0x10, 0x80, 0xa3, 0xc3, 0x3d, 0x3d, 0x3a, 0x44, 0x40, 0x00, 0x75, 0x00, 0x1b, 0x02, 0x02, 0x48, 
		0x98, 0x6c, 0x04, 0x04, 0xd0, 0x1e, 0x26, 0xc0, 0x79, 0x22, 0x20, 0x00, 0x01, 0x01, 0x70, 0xac, 
		0x48, 0x39, 0x56, 0x08, 0x08, 0xc0, 0x44, 0xb1, 0xc7, 0x13, 0x05, 0x02, 0x02, 0x10, 0x10, 0x80, 
		0x80, 0x00, 0x04, 0x04, 0x20, 0x20, 0x00, 0x01, 0x01, 0x70, 0x3e, 0x11, 0x10, 0x40, 0xde, 0xf6, 
		0x20, 0x20, 0x60, 0xb7, 0x00, 0x1e, 0x15, 0xe4, 0xb5, 0x39, 0x61, 0x5c, 0x82, 0xca, 0xce, 0x4f, 
		0x1f, 0x57, 0x40, 0xb2, 0x75, 0x0b, 0xc4, 0x01, 0xac, 0xcd, 0xf0, 0x95, 0x41, 0x00, 0x8b, 0x06, 
		0x6d, 0x59, 0x4f, 0x1f, 0xfe, 0xff, 0xf4, 0x5a, 0x46, 0x74, 0xee, 0x26, 0xd0, 0x39, 0x40, 0xa4, 
		0x00, 0x91, 0x02, 0x44, 0x0a, 0x10, 0x29, 0xe2, 0xd4, 0x03, 0x22, 0x05, 0x88, 0x14, 0x20, 0x52, 
		0x80, 0x48, 0x61, 0x33, 0xe5, 0x59, 0x6e, 0xa6, 0x00, 0x22, 0x45, 0xfd, 0x48, 0x0f, 0x10, 0x29, 
		0x12, 0x26, 0x1b, 0x10, 0x29, 0xda, 0xc3, 0x04, 0x27, 0xdf, 0x80, 0x48, 0x01, 0x22, 0x05, 0xc7, 
		0x8a, 0x94, 0x63, 0x05, 0x88, 0x14, 0x26, 0x8a, 0x3d, 0x9e, 0x28, 0x00, 0x91, 0x02, 0x44, 0x0a, 
		0x10, 0x29, 0x40, 0xa4, 0x00, 0x91, 0x02, 0x44, 0x0a, 0xce, 0x27, 0x20, 0x52, 0xe4, 0x6d, 0x0f, 
		0x20, 0x52, 0x3b, 0x0c, 0x91, 0x9a, 0x89, 0xb1, 0x5c, 0x8a, 0x5e, 0xc9, 0x2a, 0x57, 0xc2, 0x57, 
		0x4c, 0x13, 0xa0, 0xa4, 0xd6, 0xe7, 0xf9, 0x4a, 0x98, 0x94, 0xd5, 0xa2, 0x35, 0xf7, 0xe9, 0x03, 
		0xa5, 0xbe, 0x8b, 0xae, 0x6d, 0x95, 0xbc, 0x59, 0x1a, 0x28, 0x39, 0x0f, 0xc4, 0xad, 0x9b, 0x21, 
		0xd5, 0xa9, 0x68, 0xcc, 0x85, 0xa7, 0xab, 0x09, 0x65, 0x48, 0x4d, 0x84, 0xed, 0x82, 0xe9, 0xa7, 
		0xe5, 0xbd, 0xbe, 0x10, 0xd4, 0xc1, 0x35, 0xdb, 0x1c, 0xec, 0x69, 0x58, 0xe5, 0x65, 0xf6, 0xbc, 
		0x9c, 0x9b, 0xbf, 0xe6, 0xf5, 0xe0, 0x27, 0xb9, 0xb9, 0x12, 0x60, 0x48, 0x12, 0xda, 0x07, 0x30, 
		0x24, 0xc0, 0x90, 0x00, 0x43, 0x02, 0x0c, 0x09, 0x30, 0x24, 0x49, 0xaa, 0xcd, 0x0a, 0x27, 0xe6, 
		0x93, 0x89, 0xf4, 0x5d, 0x47, 0xb8, 0x52, 0x5c, 0xf3, 0xee, 0xb3, 0x4a, 0x42, 0x4e, 0x70, 0xfd, 
		0x2a, 0x87, 0x65, 0xb7, 0x37, 0x14, 0xa9, 0xab, 0x73, 0x02, 0x91, 0xf3, 0x97, 0xac, 0x0f, 0xa7, 
		0x62, 0x1e, 0x26, 0xf3, 0x28, 0x56, 0x0d, 0xba, 0x69, 0x57, 0x34, 0x68, 0x67, 0x56, 0x4d, 0x48, 
		0x3f, 0x63, 0x55, 0xc9, 0x53, 0x6d, 0x1e, 0xdd, 0x7e, 0x7f, 0x14, 0x3c, 0x60, 0x9f, 0xe4, 0x4c, 
		0xb0, 0x92, 0xc0, 0xc2, 0xcd, 0xbb, 0x0c, 0xcb, 0x4c, 0xeb, 0x8b, 0x3a, 0x68, 0xee, 0x4a, 0xf5, 
		0x89, 0x55, 0x95, 0xe3, 0xab, 0x18, 0x0e, 0xee, 0xee, 0x90, 0x5d, 0x00, 0x7c, 0x1f, 0xf0, 0x7d, 
		0x1c, 0xf4, 0xed, 0xe1, 0x41, 0x1f, 0xe0, 0xfb, 0xd4, 0xe1, 0x66, 0x80, 0xef, 0x93, 0x30, 0xd9, 
		0x80, 0xef, 0xd3, 0x1e, 0x26, 0x40, 0x65, 0x02, 0xbe, 0x0f, 0xf8, 0x3e, 0x1c, 0x2b, 0x52, 0x8e, 
		0x15, 0xe0, 0xfb, 0x98, 0x28, 0xf6, 0x78, 0xa2, 0x00, 0x7c, 0x1f, 0xf0, 0x7d, 0xc0, 0xf7, 0x01, 
		0xdf, 0x07, 0x7c, 0x1f, 0xf0, 0x7d, 0x38, 0x9f, 0x80, 0xef, 0x93, 0xb7, 0x3d, 0x80, 0xef, 0xef, 
		0xd8, 0xb1, 0xd5, 0xec, 0x86, 0xc7, 0xc2, 0xbb, 0x96, 0xe2, 0xc6, 0x56, 0x72, 0xab, 0xd4, 0xd5, 
		0xef, 0xac, 0x8e, 0xe5, 0x75, 0x84, 0x94, 0x9b, 0xd0, 0x49, 0x64, 0x85, 0xaf, 0x35, 0xd7, 0xd9, 
		0xad, 0x5a, 0xc1, 0x61, 0x92, 0x30, 0xfc, 0xa7, 0xd1, 0x19, 0xa2, 0x13, 0x2e, 0x81, 0xce, 0x01, 
		0x89, 0x0b, 0x24, 0x2e, 0x90, 0xb8, 0x40, 0xe2, 0x12, 0xa7, 0x1e, 0x48, 0x5c, 0x20, 0x71, 0x77, 
		0x05, 0x89, 0x3b, 0x16, 0xc9, 0x57, 0x15, 0xd9, 0x02, 0x2c, 0x4a, 0xdc, 0xbe, 0xbf, 0xcb, 0xca, 
		0x81, 0xc4, 0x6d, 0xe7, 0xe7, 0xe6, 0x6c, 0xf4, 0x26, 0x42, 0x8c, 0x47, 0xdc, 0xff, 0x5a, 0xe7, 
		0xf0, 0xa2, 0x6a, 0x09, 0xab, 0xcb, 0x06, 0xe0, 0x79, 0xcb, 0x30, 0x32, 0x91, 0x38, 0x7b, 0xd8, 
		0x45, 0x89, 0xcb, 0xe1, 0x8b, 0xac, 0x1c, 0x8c, 0x6d, 0xc9, 0x58, 0x13, 0x0c, 0x9c, 0xef, 0x4b, 
		0x2d, 0xb6, 0x4c, 0xf2, 0xb2, 0x1a, 0x73, 0x8b, 0x1a, 0xb0, 0xb7, 0x25, 0x74, 0x3e, 0x0d, 0x43, 
		0x61, 0x47, 0x43, 0xe4, 0x05, 0xb5, 0xe9, 0xc3, 0x14, 0x83, 0xab, 0xed, 0xb8, 0x9a, 0x26, 0x23, 
		0x2f, 0x16, 0x63, 0x19, 0x0b, 0x5f, 0x55, 0xad, 0x82, 0x5b, 0xe3, 0xf2, 0xf9, 0xd7, 0x6a, 0x3d, 
		0x18, 0x4e, 0x7e, 0xb7, 0xee, 0x39, 0x05, 0x9f, 0xcc, 0xfd, 0x48, 0xda, 0x0e, 0x59, 0xf6, 0xec, 
		0xf6, 0x9c, 0x9d, 0xfb, 0x2c, 0xba, 0x16, 0x31, 0x93, 0x73, 0x84, 0x41, 0xb4, 0x0e, 0x32, 0x19, 
		0x57, 0x96, 0x2a, 0xe3, 0xa6, 0x20, 0x93, 0x59, 0xa4, 0x04, 0xcb, 0x3d, 0x30, 0x04, 0xf2, 0xec, 
		0x94, 0x15, 0x40, 0xa8, 0x09, 0x42, 0x4d, 0x70, 0x28, 0xbd, 0x87, 0x87, 0xd2, 0x08, 0x35, 0xa1, 
		0x0e, 0x8d, 0x44, 0xa8, 0x09, 0x09, 0x93, 0x8d, 0x50, 0x13, 0xda, 0xc3, 0x04, 0x08, 0x62, 0x84, 
		0x9a, 0x20, 0xd4, 0x04, 0x8e, 0x15, 0x29, 0xc7, 0x0a, 0xa1, 0x26, 0x98, 0x28, 0xf6, 0x78, 0xa2, 
		0x40, 0xa8, 0x09, 0x42, 0x4d, 0x10, 0x6a, 0x82, 0x50, 0x13, 0x84, 0x9a, 0x20, 0xd4, 0x04, 0xce, 
		0x27, 0x42, 0x4d, 0xc8, 0xdb, 0x1e, 0x84, 0x9a, 0xec, 0xd6, 0xb1, 0xd5, 0x8d, 0x18, 0x89, 0x5b, 
		0x6f, 0x26, 0x84, 0xaa, 0x22, 0x6c, 0xaa, 0xe5, 0xae, 0x8e, 0xff, 0xd3, 0xae, 0xc5, 0xd5, 0x10, 
		0x6b, 0x31, 0xd9, 0xf5, 0xa4, 0x1b, 0x2a, 0x5d, 0x76, 0xdf, 0x34, 0xb0, 0x9b, 0x64, 0x10, 0xca, 
		0xe3, 0xb4, 0xa9, 0x89, 0x3c, 0x1a, 0xf4, 0x20, 0x22, 0x85, 0xc4, 0xd8, 0x45, 0x44, 0x0a, 0x22, 
		0x52, 0x10, 0x91, 0x82, 0x88, 0x14, 0x44, 0xa4, 0x90, 0xa4, 0xfa, 0xf9, 0x44, 0xa4, 0x20, 0x37, 
		0xfc, 0xf7, 0x02, 0xf1, 0x5f, 0xf1, 0xd8, 0x81, 0xf0, 0xe7, 0x25, 0x35, 0x00, 0x7f, 0x56, 0x0e, 
		0xc6, 0x22, 0x3a, 0x62, 0xeb, 0xec, 0x05, 0xac, 0xfc, 0x89, 0xec, 0xea, 0x95, 0xaa, 0x64, 0xd8, 
		0x37, 0x8f, 0x6e, 0xbf, 0xff, 0xf3, 0x6e, 0x2e, 0x62, 0xa6, 0xc4, 0xad, 0x5a, 0xe0, 0x9d, 0x2f, 
		0xc3, 0x39, 0x30, 0xd0, 0xbb, 0xa3, 0xb2, 0xc0, 0x40, 0x03, 0x03, 0x8d, 0xd3, 0x92, 0x3d, 0x3c, 
		0x2d, 0x01, 0x06, 0x9a, 0x3a, 0x66, 0x07, 0x18, 0x68, 0x12, 0x26, 0x1b, 0x18, 0x68, 0xda, 0xc3, 
		0x04, 0xd0, 0x36, 0x60, 0xa0, 0x81, 0x81, 0x86, 0x63, 0x45, 0xca, 0xb1, 0x02, 0x06, 0x1a, 0x13, 
		0xc5, 0x1e, 0x4f, 0x14, 0xc0, 0x40, 0x03, 0x03, 0x0d, 0x0c, 0x34, 0x30, 0xd0, 0xc0, 0x40, 0x03, 
		0x03, 0x0d, 0xe7, 0x13, 0x18, 0x68, 0xf2, 0xb6, 0x07, 0x18, 0xe8, 0xdd, 0x3a, 0xb6, 0xba, 0xb9, 
		0xfb, 0xb7, 0xf0, 0xfe, 0x2d, 0xe2, 0xc8, 0xf3, 0x03, 0x29, 0x42, 0xdb, 0xf0, 0xd6, 0xaa, 0x5c, 
		0x4d, 0xff, 0x7f, 0x22, 0x8e, 0x58, 0x59, 0x47, 0x48, 0xcd, 0x09, 0x9d, 0x49, 0xd6, 0x39, 0x5c, 
		0xc3, 0x40, 0x37, 0xd6, 0xaf, 0xe0, 0x35, 0x4d, 0xf4, 0xf3, 0x13, 0xeb, 0x11, 0xd1, 0xe9, 0x98, 
		0x40, 0xe7, 0x00, 0x7d, 0x06, 0xf4, 0x19, 0xd0, 0x67, 0x40, 0x9f, 0x89, 0x53, 0x0f, 0xe8, 0x33, 
		0xa0, 0xcf, 0xbb, 0x02, 0x7d, 0x06, 0x90, 0xf4, 0xb9, 0x2e, 0x6f, 0x80, 0xca, 0x03, 0x2a, 0x0f, 
		0xfb, 0x77, 0x7b, 0xb8, 0x7f, 0x07, 0x54, 0x1e, 0xf5, 0x53, 0x64, 0xa0, 0xf2, 0x48, 0x98, 0x6c, 
		0xa0, 0xf2, 0x68, 0x0f, 0x13, 0x80, 0x2d, 0x80, 0xca, 0x03, 0x2a, 0x0f, 0x8e, 0x15, 0x29, 0xc7, 
		0x0a, 0xa8, 0x3c, 0x4c, 0x14, 0x7b, 0x3c, 0x51, 0x00, 0x95, 0x07, 0x54, 0x1e, 0x50, 0x79, 0x40, 
		0xe5, 0x01, 0x95, 0x07, 0x54, 0x1e, 0x9c, 0x4f, 0xa0, 0xf2, 0xc8, 0xdb, 0x1e, 0xa0, 0xf2, 0x76, 
		0xeb, 0xd8, 0xea, 0x76, 0x36, 0x9f, 0xd7, 0x81, 0x54, 0x76, 0xa9, 0xab, 0xdf, 0x67, 0xb7, 0x4a, 
		0x84, 0x89, 0x1c, 0x05, 0x82, 0x7d, 0x10, 0x49, 0xc2, 0xa7, 0x32, 0x9c, 0x1a, 0xf3, 0x7a, 0x1e, 
		0x8b, 0x44, 0x84, 0xbe, 0xd8, 0x95, 0x63, 0x65, 0x22, 0x6c, 0x77, 0x3d, 0xeb, 0x5a, 0xd5, 0xe3, 
		0x05, 0x70, 0x19, 0x52, 0x04, 0xf0, 0x6d, 0x44, 0xe5, 0x88, 0x4e, 0xe7, 0x04, 0x3a, 0x07, 0x54, 
		0x1f, 0x50, 0x7d, 0x40, 0xf5, 0x01, 0xd5, 0x47, 0x9c, 0x7a, 0xa0, 0xfa, 0xf6, 0x01, 0xd5, 0x07, 
		0xd4, 0x14, 0x50, 0x53, 0xd8, 0x5f, 0xd9, 0xc3, 0xfd, 0x15, 0xa0, 0xa6, 0xa8, 0x9f, 0xf2, 0x01, 
		0x35, 0x45, 0xc2, 0x64, 0x03, 0x35, 0x45, 0x7b, 0x98, 0xe0, 0x30, 0x1c, 0xa8, 0x29, 0xa0, 0xa6, 
		0xe0, 0x58, 0x91, 0x72, 0xac, 0x80, 0x9a, 0xc2, 0x44, 0xb1, 0xc7, 0x13, 0x05, 0x50, 0x53, 0x40, 
		0x4d, 0x01, 0x35, 0x05, 0xd4, 0x14, 0x50, 0x53, 0x40, 0x4d, 0xc1, 0xf9, 0x04, 0x6a, 0x8a, 0xbc, 
		0xed, 0x01, 0x6a, 0x6a, 0x97, 0x50, 0x53, 0x5b, 0x45, 0x0e, 0xf9, 0x01, 0x4f, 0x12, 0x6f, 0xc6, 
		0xed, 0xe3, 0xc2, 0x45, 0x59, 0xed, 0x02, 0x3d, 0x5d, 0xc3, 0xb2, 0x1a, 0x42, 0x23, 0x2a, 0x10, 
		0x7c, 0x12, 0x0b, 0xeb, 0x70, 0xef, 0xa5, 0x5e, 0x4d, 0xe9, 0x01, 0xd5, 0xf9, 0x41, 0x46, 0xc9, 
		0x30, 0x34, 0x6a, 0x6f, 0xfe, 0xcc, 0x5e, 0xf2, 0xc3, 0xe2, 0x7d, 0xc3, 0x92, 0x5a, 0xbb, 0xd0, 
		0x18, 0x95, 0xfb, 0xcd, 0x4d, 0xc1, 0x7e, 0x94, 0xd8, 0x02, 0x88, 0x92, 0x1a, 0xeb, 0xdf, 0x9f, 
		0x9d, 0x9d, 0xb1, 0x57, 0x47, 0xbd, 0x17, 0xc7, 0xff, 0xfd, 0xc3, 0xfb, 0x8b, 0x9f, 0x99, 0xe9, 
		0x36, 0x8b, 0x26, 0x2c, 0x11, 0xf1, 0xb5, 0xf4, 0xc5, 0x0f, 0x69, 0x22, 0x62, 0x36, 0x8f, 0x65, 
		0x14, 0x4b, 0x75, 0xc7, 0xae, 0xb5, 0x25, 0x48, 0x68, 0x89, 0x29, 0x95, 0xa1, 0x7a, 0x55, 0x76, 
		0xe9, 0xa4, 0xdb, 0xf9, 0xc8, 0xc3, 0xa9, 0x68, 0xb0, 0x7a, 0xed, 0xcc, 0x97, 0x6b, 0xf5, 0x5e, 
		0xb6, 0x35, 0x7a, 0x1b, 0x14, 0x6b, 0x1a, 0xc7, 0x22, 0x54, 0xde, 0x4c, 0xa8, 0xab, 0x68, 0xec, 
		0x15, 0xd2, 0xb1, 0x45, 0xbd, 0xa4, 0x85, 0x2b, 0xfe, 0x19, 0x57, 0xfe, 0x15, 0x53, 0x57, 0x62, 
		0x21, 0x62, 0x3e, 0xe5, 0x32, 0x4c, 0x94, 0x29, 0xcc, 0x5f, 0xc3, 0xb2, 0xd7, 0xfc, 0x25, 0x61, 
		0xd6, 0x8b, 0x08, 0xb8, 0x56, 0xe2, 0x77, 0xeb, 0x53, 0xe2, 0xf7, 0x1a, 0x75, 0xe2, 0xf7, 0x94, 
		0x07, 0x4c, 0x45, 0x5d, 0xf6, 0x8f, 0x1f, 0x2f, 0xfe, 0xf1, 0xf3, 0xd9, 0xa7, 0xb3, 0x1d, 0xd5, 
		0xdc, 0x47, 0xee, 0x4d, 0x9c, 0x0c, 0xda, 0xeb, 0xee, 0xf6, 0xe6, 0x0a, 0x23, 0xa5, 0x8a, 0x20, 
		0xf5, 0xf3, 0x32, 0x59, 0x42, 0x82, 0xdb, 0xb6, 0x3e, 0xd3, 0x58, 0x70, 0x25, 0x62, 0x4f, 0x5d, 
		0x71, 0x7b, 0xaf, 0xa5, 0x52, 0xec, 0x4a, 0x2f, 0xaf, 0x64, 0x79, 0x25, 0x24, 0xb8, 0x5d, 0x09, 
		0xda, 0x6b, 0xf0, 0x69, 0x7d, 0xb5, 0x6d, 0x4b, 0x0b, 0xb6, 0x93, 0xb2, 0xed, 0x0c, 0x44, 0x92, 
		0xb8, 0x03, 0x71, 0x51, 0xe6, 0xca, 0x55, 0xd7, 0x60, 0x08, 0x92, 0x18, 0x82, 0x81, 0x3d, 0x04, 
		0x83, 0xfa, 0x10, 0x2c, 0x45, 0x85, 0xf1, 0x47, 0x77, 0xfc, 0x69, 0xb6, 0x8c, 0x45, 0xa2, 0x64, 
		0x68, 0x76, 0xc5, 0x3c, 0x3e, 0x1e, 0xc7, 0x22, 0xb1, 0x97, 0x5c, 0x4d, 0xb5, 0xae, 0xa8, 0xdf, 
		0x2d, 0xda, 0xb0, 0x45, 0x1b, 0x02, 0xee, 0xf5, 0xac, 0x12, 0x83, 0x31, 0x6b, 0x88, 0xc1, 0xf8, 
		0xf0, 0xe6, 0x6d, 0xad, 0xcb, 0x24, 0xb4, 0x73, 0xc6, 0x7d, 0xaf, 0xc6, 0xcb, 0x57, 0x66, 0xf9, 
		0xae, 0x44, 0x1c, 0x76, 0x86, 0x9f, 0x3b, 0x9f, 0x8f, 0xbc, 0xd7, 0xdc, 0x9b, 0xbc, 0xf1, 0x7e, 
		0xfa, 0xf2, 0x47, 0xef, 0xfe, 0x60, 0x58, 0x7d, 0x3e, 0xfc, 0xe3, 0xe4, 0xbe, 0xb3, 0x39, 0x83, 
		0x60, 0x34, 0x49, 0x26, 0x3e, 0x8f, 0xc7, 0x9e, 0x59, 0x82, 0xdb, 0x3a, 0x54, 0x29, 0xaf, 0x69, 
		0x4f, 0x56, 0xcb, 0x46, 0xe2, 0x8a, 0x5f, 0xcb, 0x28, 0x66, 0x72, 0x2c, 0x42, 0x25, 0x27, 0x52, 
		0x10, 0x3b, 0x21, 0xdf, 0xbf, 0x65, 0xfa, 0x38, 0xf1, 0xed, 0xfd, 0x2f, 0xf3, 0x58, 0x1b, 0x41, 
		0x66, 0x01, 0xfe, 0xee, 0xe2, 0xed, 0x39, 0x93, 0x21, 0x7b, 0x7f, 0x7e, 0x70, 0x3d, 0x38, 0x34, 
		0x07, 0x1a, 0xef, 0xcf, 0xaf, 0x4f, 0xd9, 0x9c, 0xfb, 0x5f, 0x85, 0x22, 0x36, 0xb6, 0x34, 0x1d, 
		0x5e, 0x25, 0xc5, 0xeb, 0xf1, 0xeb, 0xa2, 0xd1, 0xe7, 0x4d, 0x89, 0xfb, 0xb4, 0xdf, 0x5a, 0xde, 
		0x8b, 0x85, 0x65, 0x98, 0xce, 0x84, 0x7b, 0x34, 0xb4, 0xe2, 0xe4, 0x62, 0x2c, 0x26, 0x3c, 0x35, 
		0x73, 0xf3, 0xb1, 0x7e, 0xe4, 0x93, 0xe3, 0x63, 0xfd, 0x77, 0x2f, 0xfb, 0xbb, 0xa7, 0xff, 0x1e, 
		0x64, 0x7f, 0xf7, 0xf5, 0xdf, 0xe6, 0xb0, 0x22, 0x31, 0xc5, 0xaf, 0x4c, 0x71, 0x4f, 0x37, 0xef, 
		0x65, 0x3f, 0xed, 0xe9, 0xf2, 0x5e, 0xf6, 0xd3, 0x9e, 0x6e, 0xde, 0x1b, 0x98, 0xe6, 0xe6, 0xcf, 
		0x53, 0x53, 0xdc, 0x37, 0xcd, 0xb3, 0x9f, 0xf6, 0x75, 0xf3, 0x7e, 0xf6, 0xd3, 0xbe, 0x6e, 0xd3, 
		0xef, 0x99, 0xe6, 0x03, 0xfd, 0x67, 0xf6, 0xd1, 0x81, 0x6e, 0xde, 0xcf, 0x7e, 0x3a, 0x30, 0xcd, 
		0xb3, 0x9f, 0x0e, 0x74, 0xf3, 0x81, 0x39, 0x79, 0x49, 0x4e, 0xf4, 0x9f, 0xba, 0x89, 0xd9, 0xc5, 
		0x1c, 0xbc, 0x32, 0x85, 0xa7, 0x9d, 0x6e, 0xe7, 0x24, 0xeb, 0xec, 0x4b, 0xfd, 0xe7, 0xcb, 0x85, 
		0x6e, 0x9e, 0xbc, 0xca, 0x94, 0xc4, 0x17, 0x63, 0x11, 0x9a, 0x5d, 0xfa, 0xec, 0x27, 0xc7, 0x95, 
		0x13, 0x18, 0xc3, 0x88, 0xe1, 0xf1, 0x51, 0x37, 0x63, 0xc3, 0xf0, 0xb8, 0xd7, 0xcd, 0x98, 0x60, 
		0xb8, 0x69, 0xe8, 0x36, 0xc6, 0xd6, 0x50, 0x3d, 0xec, 0x99, 0x76, 0xbd, 0x7e, 0x67, 0xd8, 0x33, 
		0xed, 0xfa, 0xc7, 0x9d, 0x61, 0xef, 0xb4, 0x9b, 0x11, 0x69, 0xf0, 0x13, 0x86, 0xc4, 0x61, 0xdf, 
		0xb4, 0x1b, 0x1c, 0x77, 0x86, 0x7d, 0xf3, 0x96, 0x41, 0xaf, 0x33, 0xec, 0x9b, 0x76, 0x03, 0x5d, 
		0xfb, 0xaa, 0x6b, 0xfa, 0x31, 0x34, 0xff, 0xd5, 0x1f, 0x3d, 0xed, 0x1a, 0xf6, 0x0d, 0x7b, 0x83, 
		0xae, 0x61, 0xcc, 0xb0, 0xdf, 0xeb, 0x1a, 0x92, 0xcd, 0x39, 0x85, 0x26, 0x73, 0x38, 0x30, 0x8d, 
		0x5f, 0x76, 0x86, 0x27, 0xa7, 0xdd, 0x52, 0x9a, 0x5a, 0x4d, 0xb2, 0x91, 0x79, 0xf2, 0xb2, 0xab, 
		0x19, 0x33, 0x1c, 0x9c, 0x76, 0x6d, 0xa2, 0x87, 0x27, 0xaf, 0xee, 0x37, 0x6b, 0x28, 0x26, 0xb1, 
		0x37, 0xb6, 0x47, 0x58, 0xf6, 0xdc, 0x6c, 0x2a, 0xa2, 0x90, 0xfd, 0x14, 0xf3, 0x99, 0xf0, 0x62, 
		0x11, 0xf0, 0x3b, 0xf6, 0xee, 0x8c, 0x8d, 0xe4, 0x0e, 0x04, 0xc0, 0x69, 0x92, 0x02, 0x5f, 0x3a, 
		0x44, 0xea, 0x92, 0xa5, 0x64, 0x2e, 0x1a, 0x10, 0xa2, 0x4d, 0x9b, 0xb5, 0xe3, 0xd3, 0xb2, 0x4f, 
		0xa7, 0x2b, 0xfc, 0xde, 0xd3, 0x47, 0x19, 0xb6, 0xe3, 0xa3, 0x23, 0x82, 0x53, 0xd9, 0x34, 0x8e, 
		0xd2, 0xb9, 0x17, 0x8d, 0xfe, 0x25, 0xfc, 0xca, 0xde, 0x81, 0x5d, 0xbc, 0x44, 0x90, 0xa6, 0xd2, 
		0x33, 0x2d, 0x69, 0xb8, 0xb5, 0x89, 0xf0, 0x53, 0x67, 0xbb, 0xbc, 0x2c, 0x7a, 0x98, 0x06, 0x66, 
		0xb5, 0x25, 0x40, 0x8c, 0xb5, 0xc0, 0x68, 0x5e, 0x76, 0x2c, 0x21, 0xc9, 0x6a, 0xf1, 0x00, 0x79, 
		0x24, 0x86, 0x5d, 0xed, 0x70, 0x7b, 0x83, 0xba, 0xdf, 0x16, 0xc0, 0x91, 0x31, 0x36, 0x07, 0xa2, 
		0x80, 0xa7, 0x0f, 0xa2, 0x0f, 0xb3, 0x85, 0x4a, 0x65, 0x1c, 0x96, 0x45, 0xb5, 0x63, 0xca, 0x45, 
		0x05, 0x81, 0x41, 0x47, 0x3a, 0x73, 0x42, 0x6a, 0x38, 0xbd, 0x98, 0xb0, 0x12, 0x51, 0x8f, 0x00, 
		0xd5, 0xd2, 0xa0, 0x17, 0x6c, 0xb3, 0x01, 0xb4, 0xee, 0xc9, 0x09, 0xbd, 0xb9, 0x55, 0x4b, 0x28, 
		0x9f, 0x1f, 0xab, 0x62, 0x2b, 0x27, 0xcd, 0xba, 0xf0, 0x72, 0xc3, 0xf2, 0xfe, 0x1d, 0x24, 0xb8, 
		0x75, 0x09, 0xe6, 0xd6, 0x2c, 0x9c, 0xa7, 0xca, 0x5b, 0xe4, 0xe1, 0xb0, 0x58, 0xef, 0xd4, 0xd4, 
		0xee, 0x4f, 0x11, 0x81, 0xf0, 0x15, 0xe3, 0x21, 0x33, 0x2d, 0x17, 0xb9, 0x3c, 0x98, 0x8a, 0x98, 
		0x39, 0xa0, 0x27, 0x2e, 0xe4, 0x0d, 0x8e, 0x15, 0x69, 0x8f, 0x11, 0x59, 0x1f, 0x1b, 0xef, 0xcf, 
		0x59, 0x32, 0x17, 0xbe, 0x9c, 0x48, 0xdf, 0xc5, 0xaa, 0x6c, 0xd7, 0x4d, 0x6b, 0xbd, 0x15, 0xf4, 
		0xfe, 0x3c, 0xdb, 0x0d, 0x3a, 0x78, 0x27, 0x27, 0x93, 0x0b, 0x11, 0x5f, 0xb3, 0xb7, 0xd1, 0x58, 
		0x9c, 0x47, 0x32, 0x54, 0xc9, 0x21, 0x2d, 0x45, 0xc0, 0x46, 0x10, 0x36, 0x82, 0xb0, 0x11, 0xf4, 
		0x94, 0xe6, 0xcd, 0xfe, 0x78, 0xa9, 0xad, 0x15, 0x31, 0x2c, 0x31, 0x19, 0x95, 0x36, 0x84, 0x4c, 
		0xc4, 0xa2, 0x5f, 0x5b, 0x37, 0x14, 0xed, 0x77, 0x55, 0x1e, 0x6d, 0x27, 0xfc, 0x58, 0x2a, 0xe9, 
		0x1b, 0xf0, 0xd2, 0x71, 0x67, 0xd8, 0x99, 0x04, 0x3c, 0xb9, 0xca, 0x01, 0xef, 0xe6, 0x6f, 0x2f, 
		0xba, 0x16, 0x71, 0x2c, 0xcd, 0xde, 0x5e, 0x5f, 0xf3, 0x6e, 0x36, 0x13, 0x63, 0xc9, 0xcd, 0xa1, 
		0xe4, 0xc0, 0x78, 0x0a, 0x4a, 0xc4, 0xa1, 0x50, 0x39, 0x08, 0x3e, 0xcc, 0x72, 0x24, 0xe5, 0x38, 
		0x78, 0x0b, 0x7a, 0xa7, 0x07, 0x6a, 0x1c, 0xa5, 0x4a, 0x86, 0xa2, 0x0a, 0x8d, 0x2f, 0xbe, 0xaf, 
		0x29, 0xcb, 0xbe, 0xae, 0xa7, 0x3d, 0xe7, 0xdb, 0xc3, 0x5e, 0xd7, 0xfa, 0xf2, 0xb0, 0xdf, 0x5d, 
		0x7c, 0x77, 0x38, 0xe8, 0x96, 0x5f, 0xd5, 0x12, 0x58, 0x20, 0x0b, 0x4f, 0xbb, 0xe5, 0x17, 0x87, 
		0x2f, 0x37, 0x3c, 0x2a, 0x62, 0x55, 0xc9, 0x3a, 0xa4, 0x96, 0x4d, 0x9d, 0x1f, 0x3f, 0x9d, 0xb3, 
		0x79, 0x14, 0x2b, 0x16, 0x46, 0x44, 0xa6, 0x7d, 0xdd, 0x9b, 0x63, 0x7b, 0x38, 0x98, 0x67, 0x52, 
		0x23, 0xb4, 0xfd, 0x86, 0x66, 0xef, 0xe8, 0xe8, 0x91, 0x53, 0xf4, 0xc9, 0x49, 0xbf, 0xb5, 0xd7, 
		0xae, 0xad, 0x60, 0x14, 0xab, 0x9e, 0xc3, 0xb5, 0xde, 0xae, 0x72, 0xed, 0x71, 0x2c, 0x3b, 0x3e, 
		0xed, 0xbf, 0x6a, 0xed, 0xd8, 0x2c, 0xa2, 0x2d, 0x8c, 0x7e, 0xb1, 0x82, 0x5f, 0x9b, 0x3b, 0xba, 
		0x0e, 0x6c, 0x71, 0x05, 0xbd, 0x25, 0xe3, 0x33, 0xe8, 0xb1, 0x24, 0xf6, 0xd9, 0x87, 0x37, 0x6f, 
		0x69, 0x8c, 0xce, 0x71, 0xa2, 0xbc, 0x2a, 0xc6, 0xa1, 0x28, 0x69, 0x86, 0x49, 0x07, 0x09, 0x1b, 
		0x27, 0x8a, 0x4e, 0xff, 0x67, 0xb2, 0x82, 0x13, 0x30, 0x8f, 0x6e, 0xcf, 0x13, 0xa1, 0xca, 0x65, 
		0x24, 0x8b, 0x42, 0x96, 0x53, 0xc8, 0xf2, 0xc6, 0x84, 0x86, 0x54, 0x73, 0xea, 0xb5, 0x24, 0xf6, 
		0x1d, 0x19, 0x15, 0x25, 0xcd, 0x32, 0x5a, 0xd4, 0xee, 0xa8, 0x80, 0x72, 0x02, 0x76, 0x44, 0x40, 
		0x26, 0xb7, 0xe5, 0x3c, 0xa8, 0x50, 0xa9, 0x1f, 0x6b, 0x06, 0x20, 0x0d, 0x94, 0x2c, 0x73, 0xfe, 
		0xb1, 0x9f, 0xf9, 0x48, 0x04, 0xec, 0xe2, 0x46, 0x2a, 0xff, 0x4a, 0x86, 0x53, 0x9a, 0x6b, 0x76, 
		0x71, 0x3b, 0x17, 0xb1, 0xd4, 0x4d, 0xaa, 0xf0, 0x74, 0xbb, 0xb8, 0xd9, 0xd0, 0x7d, 0x38, 0xff, 
		0xf9, 0x82, 0x39, 0xed, 0x08, 0x10, 0xa4, 0xa2, 0xf9, 0x2c, 0xaa, 0xc4, 0xdf, 0x16, 0x25, 0x2d, 
		0xc9, 0xc8, 0xc4, 0xa3, 0xb5, 0x34, 0xff, 0x21, 0x0b, 0xb4, 0x20, 0x69, 0xa9, 0x29, 0x99, 0x65, 
		0xc4, 0x46, 0xb7, 0x1f, 0xc3, 0x11, 0x8f, 0xbd, 0x79, 0x91, 0x53, 0x73, 0xc1, 0x8d, 0x6a, 0xb9, 
		0x2b, 0x67, 0xb7, 0x96, 0x80, 0x92, 0x3a, 0x21, 0xb9, 0x8d, 0x61, 0xb8, 0xba, 0xdb, 0x2c, 0xfb, 
		0xa9, 0xb7, 0x03, 0xc7, 0x18, 0xb9, 0x84, 0xa2, 0xb0, 0x48, 0x98, 0x1e, 0xc6, 0xf6, 0x20, 0x74, 
		0x2a, 0x48, 0xd1, 0xd2, 0x04, 0xe5, 0xc8, 0x40, 0x69, 0xb6, 0x7f, 0x9e, 0x15, 0xd4, 0x62, 0xf6, 
		0xf9, 0x9d, 0x88, 0x59, 0x9f, 0x9d, 0x9b, 0x6a, 0x16, 0x64, 0x07, 0x01, 0x24, 0x94, 0x2c, 0xef, 
		0x8b, 0x8d, 0x99, 0xcf, 0x3b, 0xb7, 0x33, 0x24, 0xcc, 0xb8, 0xfd, 0x2d, 0xfd, 0x54, 0x37, 0xe2, 
		0xb7, 0x72, 0x96, 0xce, 0xf2, 0x5e, 0xb3, 0x68, 0xc2, 0x4a, 0x41, 0x11, 0xd2, 0xb0, 0x35, 0x00, 
		0x35, 0x8f, 0x3b, 0x30, 0x6a, 0xbb, 0x6a, 0xcd, 0xd6, 0x9e, 0x33, 0x19, 0x56, 0x3c, 0xb6, 0x06, 
		0xfc, 0x84, 0x0c, 0xc1, 0xd6, 0xf5, 0xd8, 0x9a, 0x19, 0xc0, 0x8c, 0x4d, 0x9e, 0xe2, 0xd3, 0x9a, 
		0xed, 0x30, 0x85, 0xcd, 0x0e, 0x7d, 0xa5, 0x01, 0x81, 0x71, 0xf7, 0x5c, 0xa8, 0xf8, 0xea, 0xcd, 
		0x78, 0xf2, 0xb5, 0x42, 0x43, 0x5e, 0xe4, 0x52, 0xb0, 0xe8, 0x3b, 0xcb, 0xeb, 0x89, 0xe9, 0x79, 
		0x7f, 0xb1, 0x39, 0xf4, 0xf2, 0xc9, 0x8f, 0x97, 0xd6, 0xdd, 0xbb, 0xe2, 0x5f, 0xb3, 0x9d, 0xee, 
		0x2a, 0x63, 0xf3, 0xcd, 0xef, 0xa5, 0x8c, 0xad, 0x6c, 0x8e, 0x93, 0x61, 0xec, 0x77, 0x8c, 0xef, 
		0x69, 0x9f, 0x36, 0x2d, 0xe3, 0xe9, 0x75, 0xf6, 0xb3, 0x0a, 0x53, 0xb3, 0xb2, 0x15, 0x5c, 0x2d, 
		0x1a, 0x10, 0x63, 0x2b, 0x1d, 0x7d, 0x5d, 0x6c, 0x1c, 0xe6, 0x3a, 0xca, 0x4a, 0xbe, 0x32, 0xcb, 
		0x1e, 0x6c, 0x6e, 0x23, 0x71, 0x2e, 0x2a, 0xe0, 0x25, 0xf3, 0x58, 0x4b, 0x94, 0x74, 0x7e, 0xfe, 
		0xcb, 0x9b, 0xdf, 0xd8, 0xb9, 0x10, 0x31, 0xfb, 0x49, 0x06, 0x8a, 0x5a, 0xa0, 0x4b, 0x13, 0x3e, 
		0xa2, 0x4d, 0x84, 0xda, 0x58, 0xcc, 0x63, 0xe1, 0x73, 0x25, 0xc6, 0xdf, 0x16, 0xa3, 0x66, 0xbd, 
		0xe7, 0xfe, 0xfe, 0x4b, 0xb7, 0x73, 0x73, 0x25, 0x42, 0xfb, 0x3b, 0x2f, 0x5e, 0xfc, 0x90, 0xfd, 
		0xdf, 0x08, 0xfc, 0xff, 0x63, 0x7f, 0xe1, 0xf3, 0x79, 0xc8, 0xaf, 0xff, 0xb2, 0xe4, 0xab, 0xe6, 
		0xe7, 0x0f, 0x7d, 0x73, 0xe9, 0x3b, 0x8b, 0x21, 0x2c, 0x44, 0x76, 0x53, 0x82, 0x9c, 0x3a, 0xe2, 
		0x2d, 0x4a, 0xd7, 0x90, 0x32, 0xc1, 0xf5, 0x29, 0x69, 0xf5, 0x5b, 0x0c, 0xf3, 0x27, 0xcf, 0x00, 
		0xe7, 0xc2, 0x0c, 0x9b, 0xa8, 0x8a, 0xb2, 0xe6, 0xde, 0xe8, 0xee, 0x41, 0xca, 0xcc, 0x5b, 0x74, 
		0x77, 0x1d, 0x0b, 0xa1, 0x1b, 0x36, 0x8e, 0x22, 0xeb, 0xdd, 0xf6, 0x49, 0xf2, 0x53, 0x76, 0x86, 
		0xca, 0x08, 0x7a, 0x14, 0x34, 0xe0, 0xbc, 0x6c, 0xb0, 0x33, 0xe1, 0x65, 0x80, 0x0c, 0x00, 0x32, 
		0xf0, 0x04, 0x40, 0x9a, 0xda, 0x4e, 0xe8, 0xd2, 0x4d, 0x50, 0x5a, 0xb7, 0xf2, 0x71, 0xa5, 0x62, 
		0x39, 0x4a, 0x55, 0x25, 0xf3, 0x62, 0x59, 0x56, 0x9b, 0x25, 0x8b, 0x1a, 0x36, 0x32, 0x17, 0x69, 
		0x15, 0x44, 0x3a, 0xb8, 0xd1, 0xed, 0x52, 0xb4, 0xc8, 0x1b, 0xe9, 0x4d, 0xf8, 0x4c, 0x06, 0xf6, 
		0xbc, 0xd1, 0x50, 0xb9, 0x22, 0x31, 0x66, 0xde, 0x84, 0xd9, 0x0c, 0x21, 0x40, 0x61, 0x9b, 0x3d, 
		0xeb, 0x06, 0x2a, 0x8c, 0xa5, 0xcf, 0x12, 0xae, 0x99, 0xd4, 0x88, 0xbb, 0x02, 0xf7, 0xfd, 0x8e, 
		0xfe, 0xc4, 0xea, 0x51, 0x6d, 0x2b, 0x8b, 0x0b, 0x98, 0xaf, 0xd7, 0xad, 0x92, 0x40, 0x06, 0x9f, 
		0xdf, 0x71, 0x35, 0xca, 0x88, 0x80, 0x16, 0x7d, 0x83, 0x16, 0x25, 0x95, 0x83, 0x0c, 0xb7, 0x66, 
		0x15, 0xf3, 0x13, 0xa1, 0x76, 0x5d, 0x7f, 0x0c, 0xf4, 0x00, 0xda, 0xb3, 0x9e, 0xf6, 0x8c, 0xd2, 
		0x44, 0x86, 0x22, 0x49, 0xbc, 0x58, 0x04, 0xe2, 0x9a, 0x57, 0xfd, 0xf1, 0x86, 0xca, 0x55, 0xd7, 
		0x1e, 0x35, 0x36, 0xdf, 0x3d, 0x45, 0x6a, 0xa0, 0x03, 0x7a, 0xb5, 0x76, 0x4e, 0x4f, 0xae, 0xc4, 
		0x34, 0x8a, 0x2b, 0x49, 0x3c, 0x8b, 0xa2, 0x5a, 0xbe, 0xdc, 0xbc, 0x62, 0x17, 0x0d, 0x50, 0xd9, 
		0x77, 0x68, 0xc8, 0x9a, 0x1a, 0x22, 0x42, 0x3f, 0xbe, 0x9b, 0x2b, 0x61, 0x5f, 0x38, 0xbb, 0x28, 
		0xab, 0xdd, 0x46, 0x5e, 0xd4, 0xd8, 0x29, 0xf3, 0x89, 0x20, 0xab, 0xda, 0xe8, 0x49, 0x73, 0xff, 
		0xa1, 0x35, 0x6b, 0x47, 0xaf, 0xa7, 0x23, 0xaf, 0xc1, 0xb6, 0x54, 0x8a, 0x6b, 0x11, 0x89, 0x56, 
		0xe5, 0x2e, 0xda, 0x98, 0x4a, 0xff, 0xa1, 0x31, 0x6b, 0x6a, 0x8c, 0x8a, 0xf9, 0x64, 0x22, 0xfd, 
		0x5a, 0x1e, 0xb2, 0x6a, 0x79, 0x8d, 0xe7, 0x1f, 0x7f, 0x79, 0xc7, 0x8a, 0xaa, 0x5d, 0xd1, 0x93, 
		0xb2, 0xcf, 0xd0, 0x92, 0xb5, 0xb5, 0x24, 0x0d, 0x43, 0x61, 0xef, 0xaf, 0xe5, 0x05, 0x2e, 0x8f, 
		0x3f, 0x99, 0xe2, 0x60, 0x67, 0xe7, 0xa1, 0xe6, 0xfe, 0x43, 0x5f, 0x1e, 0x71, 0xb6, 0x9b, 0xef, 
		0x4d, 0x26, 0xee, 0x2d, 0x40, 0x4e, 0xc5, 0xb2, 0xbb, 0x27, 0xcb, 0x66, 0x75, 0x66, 0x6f, 0x17, 
		0x4b, 0x53, 0xf4, 0xab, 0x89, 0xa4, 0x1a, 0x35, 0xba, 0x81, 0xa6, 0x26, 0xcb, 0xb9, 0x9f, 0xef, 
		0xd6, 0xee, 0x9e, 0xf6, 0xd8, 0x04, 0x6e, 0x4e, 0x85, 0x7e, 0x8f, 0x92, 0xda, 0xc6, 0xdf, 0xa2, 
		0xcc, 0x65, 0xf5, 0x7f, 0x5b, 0x35, 0x84, 0xd8, 0xfa, 0xbd, 0x63, 0xc7, 0x5e, 0xbf, 0xa6, 0x06, 
		0x51, 0xef, 0x96, 0x09, 0xb6, 0x6a, 0xd2, 0x73, 0x2a, 0xea, 0xb9, 0x31, 0xb2, 0x6a, 0x46, 0x28, 
		0x7f, 0xd8, 0xfa, 0x29, 0xb7, 0xec, 0x0c, 0xbf, 0x09, 0x41, 0x8a, 0xaa, 0x60, 0xc6, 0x26, 0x14, 
		0x63, 0x55, 0x0e, 0xcc, 0xc6, 0x31, 0xee, 0xc5, 0x98, 0x5a, 0x13, 0x56, 0xb5, 0x46, 0xd6, 0xb0, 
		0x8c, 0x25, 0x50, 0x8b, 0xbd, 0x50, 0x8b, 0xcc, 0x14, 0x9a, 0x8b, 0x95, 0x2a, 0x36, 0x30, 0x2b, 
		0xa9, 0x73, 0xd7, 0x94, 0xb3, 0xf7, 0x61, 0xa2, 0xb2, 0x4d, 0x55, 0x52, 0x7e, 0x8f, 0x98, 0xd8, 
		0x86, 0x5c, 0x3f, 0xd5, 0xf6, 0x70, 0xd4, 0x95, 0x01, 0x09, 0xb0, 0x9f, 0x82, 0xe8, 0x86, 0x99, 
		0x1c, 0x36, 0x07, 0x67, 0x3f, 0x9d, 0x1f, 0xb2, 0x58, 0x4b, 0x81, 0xa8, 0xd7, 0xf3, 0xbd, 0x91, 
		0xf3, 0x83, 0xf5, 0x02, 0x12, 0x44, 0xce, 0x43, 0x9b, 0xd5, 0x45, 0xd1, 0xfa, 0x0a, 0x43, 0x82, 
		0xc3, 0x4d, 0x41, 0x45, 0x32, 0xef, 0xb2, 0xdd, 0x99, 0xa2, 0xe8, 0xd9, 0x90, 0x59, 0x7a, 0xcf, 
		0xd9, 0x60, 0xd9, 0x6c, 0x02, 0xcb, 0x86, 0xdb, 0x09, 0x9c, 0x8a, 0x25, 0x53, 0x13, 0xee, 0x24, 
		0xd8, 0xdf, 0x3b, 0x09, 0xca, 0x3d, 0xbf, 0xfa, 0x0e, 0x72, 0xad, 0x6a, 0x69, 0x22, 0x67, 0xb7, 
		0x25, 0x3b, 0x78, 0x77, 0x76, 0xfe, 0xf1, 0xec, 0xed, 0x9b, 0x4f, 0x67, 0xef, 0x0e, 0x69, 0xa8, 
		0x95, 0xdb, 0x45, 0xcf, 0xe7, 0x89, 0x58, 0x41, 0x6c, 0x56, 0x6f, 0x01, 0x0f, 0xb7, 0x08, 0xaf, 
		0x0a, 0x82, 0xe8, 0xc6, 0xfa, 0x5a, 0xf6, 0x5c, 0x74, 0x6d, 0x40, 0xb1, 0x6b, 0x4d, 0x7a, 0x92, 
		0x63, 0x51, 0x59, 0x34, 0x61, 0x7f, 0x31, 0xed, 0xfe, 0x52, 0xe8, 0x0d, 0x5b, 0xad, 0x37, 0x24, 
		0xc6, 0x76, 0xcd, 0xd6, 0x6f, 0x13, 0xf2, 0x9f, 0x0d, 0xdd, 0x68, 0xae, 0xe4, 0x4c, 0xfe, 0xdb, 
		0xee, 0x65, 0x59, 0x44, 0x42, 0x3b, 0x56, 0x77, 0xf0, 0x21, 0x1d, 0x29, 0x9a, 0x42, 0x4d, 0xbe, 
		0x45, 0x4d, 0xb6, 0xdd, 0x81, 0xed, 0x7e, 0xbe, 0x3e, 0xbf, 0xd5, 0x63, 0x54, 0x96, 0xb5, 0x68, 
		0x3d, 0xdb, 0xd1, 0x98, 0xe0, 0x9e, 0xd8, 0x14, 0x13, 0x1f, 0x56, 0x0f, 0x9a, 0xbf, 0xc7, 0x5b, 
		0x17, 0xea, 0x94, 0x3f, 0xfe, 0x04, 0x37, 0xe3, 0x42, 0x49, 0x6f, 0xe5, 0x28, 0x97, 0x04, 0xb1, 
		0xdf, 0x39, 0x24, 0x95, 0x5c, 0x66, 0x97, 0x6e, 0xe7, 0x3a, 0xa8, 0xdc, 0xec, 0x68, 0x1e, 0x5d, 
		0xb1, 0xfd, 0xf6, 0xf3, 0x9b, 0x5f, 0xa8, 0x1d, 0x89, 0xc9, 0x30, 0xac, 0xc4, 0x71, 0x66, 0xcf, 
		0xb5, 0x64, 0xcd, 0xba, 0x94, 0x99, 0xf0, 0x67, 0x92, 0x0b, 0xf8, 0x34, 0xac, 0x44, 0xf1, 0x2c, 
		0x89, 0x3f, 0xfa, 0xbe, 0x7b, 0x45, 0xaf, 0xdb, 0x5f, 0x83, 0xb8, 0xe2, 0xdc, 0x6e, 0xa3, 0x3a, 
		0xeb, 0x44, 0x6a, 0x37, 0x47, 0x69, 0xe7, 0x99, 0xa4, 0x26, 0x4c, 0xeb, 0x34, 0xe4, 0xff, 0x6c, 
		0xe4, 0x9f, 0xaf, 0x3d, 0x52, 0xfb, 0xa6, 0x27, 0xfd, 0xb4, 0xfc, 0xe2, 0xf9, 0x28, 0x95, 0xc5, 
		0x7e, 0x0d, 0x9b, 0xc4, 0xd1, 0x8c, 0xf1, 0x90, 0x89, 0x6b, 0x11, 0x2a, 0xaa, 0x37, 0x9f, 0xfa, 
		0x32, 0xf1, 0x23, 0xcf, 0xda, 0xcd, 0x71, 0xe2, 0x14, 0x97, 0x6e, 0xe9, 0xfc, 0xed, 0xf2, 0xf2, 
		0xc5, 0x8a, 0xc7, 0xce, 0x76, 0xaf, 0x12, 0x8e, 0x52, 0xe9, 0x02, 0x33, 0xca, 0xa2, 0x47, 0x48, 
		0x6f, 0x8f, 0x64, 0xb6, 0xb1, 0xa0, 0x46, 0x24, 0xde, 0x22, 0x40, 0x02, 0x12, 0x6f, 0x21, 0xf1, 
		0xd6, 0xae, 0xb0, 0x15, 0x89, 0xb7, 0xe8, 0x51, 0x81, 0xc4, 0x5b, 0xdf, 0x01, 0x5a, 0x81, 0xc4, 
		0x5b, 0x48, 0xbc, 0xb5, 0x4b, 0xfa, 0x8a, 0xc4, 0x5b, 0xdf, 0x41, 0xc4, 0xbb, 0x91, 0x78, 0xeb, 
		0xc9, 0x73, 0x06, 0x21, 0xe5, 0x16, 0x3d, 0xc5, 0x43, 0xca, 0xad, 0xef, 0x92, 0x72, 0x6b, 0x63, 
		0x63, 0x27, 0xe0, 0x6a, 0x12, 0xc5, 0xb3, 0x9a, 0x47, 0x51, 0x29, 0xaf, 0xa5, 0x25, 0xb7, 0x43, 
		0x3b, 0x9c, 0x96, 0xa4, 0xb5, 0x75, 0x83, 0x5b, 0x18, 0x51, 0xac, 0x6a, 0x4c, 0x2d, 0xcb, 0x96, 
		0x6f, 0x33, 0x19, 0x39, 0x2d, 0x2e, 0xc6, 0xdc, 0x89, 0x7d, 0xc2, 0xb5, 0x6f, 0x19, 0x8c, 0xd4, 
		0xf1, 0xb1, 0xa7, 0xb9, 0x91, 0x27, 0x03, 0x0b, 0x7a, 0xc5, 0x53, 0x4f, 0x3f, 0xf5, 0xb3, 0x27, 
		0x3b, 0x7b, 0x97, 0xf5, 0x13, 0x4d, 0x68, 0xf1, 0x03, 0x6d, 0xae, 0x8b, 0xe6, 0xc3, 0x5e, 0xeb, 
		0x63, 0xf6, 0xef, 0xb3, 0xaf, 0x58, 0x8a, 0xb7, 0x16, 0xf6, 0x55, 0xad, 0x78, 0x9c, 0xf0, 0x21, 
		0xf2, 0xa5, 0x22, 0xa7, 0x7d, 0x69, 0x21, 0x32, 0x13, 0x22, 0x33, 0x21, 0x32, 0x13, 0xe6, 0x7a, 
		0x85, 0xcc, 0x84, 0xc8, 0x4c, 0x48, 0x21, 0x93, 0x13, 0x32, 0x13, 0x22, 0x33, 0xe1, 0x53, 0xa8, 
		0x11, 0x32, 0x13, 0x22, 0x33, 0x21, 0x32, 0x13, 0x22, 0x33, 0xe1, 0xb6, 0x15, 0x09, 0x99, 0x09, 
		0x91, 0x99, 0x10, 0x99, 0x09, 0x91, 0x99, 0x10, 0x99, 0x09, 0x09, 0x6a, 0x0d, 0x32, 0x13, 0x42, 
		0x63, 0x90, 0x99, 0x10, 0x99, 0x09, 0x9f, 0x5c, 0x4b, 0x90, 0x99, 0x10, 0xfa, 0x82, 0xcc, 0x84, 
		0xc8, 0x4c, 0x88, 0xcc, 0x84, 0xc4, 0xd2, 0x65, 0x51, 0xcc, 0x4c, 0x18, 0x8b, 0x24, 0x0d, 0x6a, 
		0x98, 0x04, 0xbb, 0x74, 0xf9, 0xc1, 0x74, 0xd6, 0xca, 0x58, 0xdc, 0x2e, 0x8b, 0x4c, 0x3d, 0x0f, 
		0x82, 0x3b, 0x36, 0x89, 0x62, 0xc6, 0x59, 0x32, 0x17, 0xbe, 0x9c, 0x48, 0x9f, 0xcd, 0x84, 0xba, 
		0x8a, 0xc6, 0x34, 0x4c, 0x02, 0xe7, 0xdc, 0x53, 0x72, 0x26, 0xa2, 0xb4, 0xb2, 0xbd, 0x68, 0x95, 
		0xba, 0xe4, 0x72, 0xce, 0x59, 0x5e, 0x47, 0x10, 0x2d, 0xdb, 0x14, 0xfa, 0xcd, 0xa7, 0xe6, 0x2e, 
		0xfd, 0x48, 0x79, 0x93, 0x28, 0x0d, 0xed, 0x45, 0xa9, 0x5b, 0x53, 0xa3, 0x55, 0xd7, 0xb3, 0x30, 
		0x52, 0xcc, 0xd4, 0xef, 0x0a, 0xbd, 0xa9, 0xba, 0x8a, 0x62, 0xa9, 0xf2, 0x41, 0xb4, 0xa0, 0xb6, 
		0x52, 0xee, 0xd2, 0x3a, 0xe1, 0x32, 0x48, 0x63, 0xb1, 0x23, 0x34, 0xe6, 0x63, 0xc8, 0x8a, 0x10, 
		0x29, 0x06, 0xd5, 0x03, 0x83, 0x33, 0x9a, 0x30, 0xce, 0xe6, 0x3c, 0x56, 0xd2, 0x4f, 0x03, 0x1e, 
		0x93, 0x1a, 0x8c, 0xe3, 0x48, 0x1d, 0xdb, 0x5f, 0xcb, 0x9e, 0x5d, 0x92, 0x4c, 0x69, 0x4e, 0x0e, 
		0x8d, 0x7e, 0xc3, 0x88, 0xc0, 0x88, 0xec, 0xae, 0x11, 0x69, 0x50, 0x5d, 0xa7, 0xa2, 0x66, 0x54, 
		0x4c, 0xf5, 0x8e, 0x29, 0x70, 0x18, 0x85, 0x95, 0x25, 0xa4, 0x7e, 0xac, 0x21, 0x56, 0xa3, 0x1d, 
		0x21, 0x26, 0x49, 0x7d, 0xdf, 0xc9, 0x5d, 0x98, 0x97, 0xb8, 0x24, 0xe5, 0xe5, 0x3b, 0x41, 0x97, 
		0xd1, 0x49, 0x3e, 0xb2, 0x15, 0x91, 0x8f, 0x1a, 0xa6, 0xb4, 0x11, 0xac, 0x3f, 0xac, 0x3f, 0xac, 
		0x3f, 0xac, 0x3f, 0xac, 0xff, 0x33, 0xb3, 0xfe, 0x37, 0x62, 0xa4, 0x87, 0x98, 0xd5, 0xae, 0x28, 
		0x71, 0x29, 0xcb, 0xcb, 0x31, 0x13, 0x60, 0x26, 0xc0, 0x4c, 0x80, 0x99, 0x00, 0x33, 0xc1, 0xb3, 
		0x9a, 0x09, 0xa0, 0x95, 0xd0, 0x4a, 0x6a, 0x74, 0xdd, 0xe3, 0xde, 0x26, 0xdc, 0xdb, 0xb4, 0xe3, 
		0x27, 0x8e, 0xb8, 0xb7, 0x09, 0x6a, 0x81, 0x7b, 0x9b, 0x70, 0x6f, 0x13, 0xee, 0x6d, 0xfa, 0x4e, 
		0xae, 0x0f, 0xee, 0x6d, 0xfa, 0x9e, 0x97, 0x66, 0x1a, 0x7e, 0x79, 0x4a, 0xcc, 0xe6, 0x01, 0x57, 
		0x0d, 0xa6, 0x67, 0x51, 0xd5, 0x7c, 0x0e, 0x5e, 0x64, 0x24, 0xc9, 0x9b, 0xb3, 0xa2, 0xf9, 0x6e, 
		0x24, 0xd0, 0x78, 0x6c, 0x3e, 0xa7, 0xef, 0x93, 0xc7, 0xc2, 0x65, 0xb9, 0xe7, 0x60, 0x34, 0x9b, 
		0xeb, 0xbf, 0x45, 0x2e, 0xf4, 0xa5, 0xb1, 0xb9, 0x91, 0x90, 0x24, 0x32, 0x0a, 0x5d, 0x94, 0x56, 
		0xa5, 0x78, 0x39, 0x12, 0x24, 0x6f, 0x96, 0xe3, 0xb4, 0x68, 0xea, 0xfa, 0xba, 0xd9, 0x19, 0x6e, 
		0x64, 0x6c, 0x42, 0x6b, 0x8e, 0xf3, 0xbf, 0x03, 0xbd, 0xda, 0xb4, 0xd3, 0x27, 0x64, 0x0d, 0x34, 
		0x45, 0x65, 0xf5, 0xf0, 0x78, 0xcb, 0xa9, 0x60, 0x6c, 0x79, 0xd5, 0x87, 0x8f, 0x5b, 0xd7, 0x4e, 
		0xa0, 0x7b, 0x2b, 0xc6, 0x8d, 0x8d, 0xbd, 0xa9, 0xed, 0xc3, 0xe8, 0xa7, 0x15, 0x82, 0x99, 0xaa, 
		0x42, 0x38, 0x54, 0x07, 0x5a, 0x7b, 0x37, 0xb1, 0xf7, 0xd8, 0xa5, 0xc5, 0xf1, 0x1a, 0x30, 0xd7, 
		0x2d, 0x0e, 0xc6, 0xa9, 0xaa, 0x8d, 0xc1, 0xa2, 0xa8, 0x95, 0x84, 0x21, 0x57, 0x02, 0xf0, 0x65, 
		0xdc, 0xed, 0x49, 0x42, 0xfb, 0x76, 0xf1, 0x6e, 0xcf, 0x24, 0x91, 0xf6, 0x71, 0xa6, 0x79, 0x5c, 
		0x31, 0xf0, 0x13, 0x39, 0x2e, 0xa2, 0x43, 0x88, 0x9b, 0x78, 0x62, 0xeb, 0x86, 0x44, 0x8e, 0xdd, 
		0xb8, 0xa2, 0x45, 0xd9, 0x5a, 0x0c, 0xa7, 0xcf, 0xe6, 0x8d, 0xc5, 0xf8, 0x3d, 0xb8, 0xc5, 0x99, 
		0x33, 0x92, 0x4f, 0xb1, 0xd6, 0x5d, 0x5f, 0x67, 0x15, 0x9f, 0xba, 0xbe, 0x41, 0x59, 0xd4, 0x92, 
		0xd1, 0xf4, 0xd9, 0xbb, 0x31, 0x5d, 0x95, 0xb3, 0x4a, 0x6e, 0xed, 0xec, 0xf9, 0x81, 0x74, 0x97, 
		0x7a, 0xe0, 0xeb, 0x76, 0xd0, 0xd7, 0x56, 0xfa, 0xaa, 0x59, 0x55, 0xd3, 0xd8, 0x45, 0x61, 0x4b, 
		0x66, 0xd3, 0x67, 0xf1, 0xc6, 0x23, 0xed, 0x71, 0xef, 0x37, 0xee, 0xfd, 0x7e, 0xb2, 0xae, 0xe1, 
		0xde, 0xef, 0x12, 0x74, 0x80, 0x7b, 0xbf, 0x97, 0x74, 0x10, 0xf7, 0x7e, 0xe3, 0xde, 0xef, 0xef, 
		0xfd, 0x79, 0xdc, 0xfb, 0x8d, 0x7b, 0xbf, 0x71, 0xef, 0x37, 0xee, 0xfd, 0x26, 0x7b, 0xef, 0x77, 
		0x9a, 0x88, 0xd8, 0x8b, 0xa3, 0xa0, 0xc2, 0x85, 0xb2, 0x6c, 0xf9, 0x6a, 0xa6, 0x6c, 0x83, 0x65, 
		0x63, 0x9b, 0x65, 0x63, 0xc9, 0x2e, 0x77, 0xe9, 0xe8, 0x54, 0xb4, 0x60, 0x38, 0x7d, 0x36, 0x6f, 
		0x52, 0x77, 0x1b, 0xd8, 0xd9, 0x82, 0x91, 0xba, 0x09, 0x14, 0xb7, 0xad, 0xe2, 0x6a, 0x6e, 0xb9, 
		0xfb, 0xca, 0xd5, 0xf2, 0x87, 0xb9, 0x4d, 0x9f, 0xc7, 0x1b, 0xbb, 0xb5, 0x3e, 0xe0, 0x36, 0x2a, 
		0xdc, 0x3c, 0xba, 0xfc, 0xfb, 0xed, 0xe7, 0x37, 0xbf, 0x50, 0x4b, 0xf1, 0x25, 0xc3, 0xb0, 0xb2, 
		0xb9, 0x98, 0x3d, 0xbb, 0x3d, 0x7f, 0xaf, 0x4b, 0xcd, 0x1e, 0x2d, 0x4d, 0xc8, 0x1d, 0x6e, 0xda, 
		0x7f, 0x94, 0xce, 0x3a, 0x57, 0x73, 0x36, 0x5f, 0xcb, 0x99, 0x5d, 0x2a, 0x19, 0x4d, 0x98, 0xd6, 
		0x69, 0xc8, 0xff, 0xd9, 0xc8, 0x3f, 0x73, 0xf9, 0xdb, 0x24, 0x8a, 0xb4, 0xef, 0xa5, 0xcb, 0x12, 
		0x43, 0xce, 0x38, 0xb1, 0xcc, 0x73, 0x35, 0x46, 0x76, 0x3b, 0x3f, 0xe7, 0x57, 0xc5, 0x3f, 0xd9, 
		0xbd, 0xd9, 0xeb, 0xdc, 0x26, 0x1c, 0x46, 0x5e, 0x36, 0x4c, 0xec, 0x10, 0x35, 0xaf, 0x18, 0x39, 
		0x6e, 0x98, 0x5a, 0x56, 0xc1, 0x26, 0x84, 0xee, 0xcc, 0xd4, 0x74, 0x5e, 0x73, 0x25, 0xc6, 0xde, 
		0x0a, 0x14, 0xf1, 0x8a, 0x46, 0x6b, 0xe2, 0x56, 0xcb, 0x37, 0x31, 0x13, 0x2a, 0x55, 0x3d, 0xad, 
		0xde, 0x2a, 0x23, 0x0a, 0xca, 0x96, 0xa0, 0x75, 0x97, 0x64, 0xf8, 0x56, 0x22, 0x2e, 0x89, 0xdc, 
		0x05, 0x47, 0x69, 0x01, 0x51, 0x77, 0x08, 0xdb, 0xd8, 0xd5, 0x25, 0x59, 0x78, 0xf8, 0xbf, 0x8b, 
		0x6b, 0x84, 0x4c, 0x38, 0xb8, 0xad, 0x6a, 0x8d, 0xf5, 0x0f, 0x9f, 0xcb, 0x55, 0x7e, 0xc7, 0x8a, 
		0x30, 0xf3, 0xe2, 0xa4, 0xb9, 0x5e, 0x2b, 0xc6, 0x14, 0x8f, 0x9f, 0xd7, 0xbf, 0x17, 0x70, 0xc6, 
		0x65, 0xe8, 0xf9, 0x57, 0x7a, 0x8e, 0xf3, 0x32, 0xba, 0x8a, 0x1b, 0x02, 0x65, 0xf8, 0x35, 0x11, 
		0xfe, 0xa2, 0xb0, 0x57, 0x66, 0x38, 0xf6, 0x62, 0xa1, 0xd2, 0x38, 0x74, 0xae, 0x0b, 0x6c, 0x78, 
		0x93, 0xe6, 0x84, 0xf3, 0x1e, 0x3d, 0x48, 0xab, 0x6f, 0xd9, 0xf0, 0x2d, 0x82, 0x55, 0x05, 0x29, 
		0x16, 0x52, 0x4b, 0xf4, 0xa7, 0x5c, 0x36, 0x2d, 0x53, 0x9f, 0xaa, 0x62, 0x64, 0xcd, 0x97, 0x81, 
		0x69, 0xb6, 0x6b, 0xa7, 0xf3, 0x8e, 0x56, 0xee, 0x4e, 0xb0, 0x0a, 0x6b, 0x49, 0x25, 0xec, 0x2a, 
		0x4a, 0x1a, 0xde, 0xb0, 0x15, 0x9b, 0x86, 0x8d, 0xd4, 0x55, 0x8a, 0x5d, 0xfa, 0x9c, 0x4a, 0xd2, 
		0x14, 0xda, 0x6a, 0x2b, 0xc3, 0xa9, 0x97, 0xc7, 0xe9, 0x2f, 0xee, 0x19, 0xac, 0x09, 0xb4, 0xa9, 
		0xd5, 0x72, 0x25, 0x2e, 0x9a, 0x30, 0x3e, 0xe5, 0x32, 0x4c, 0x54, 0x45, 0xb3, 0x65, 0x38, 0xcd, 
		0x73, 0x59, 0xfe, 0x25, 0x61, 0xd6, 0xcb, 0x08, 0xe8, 0xb4, 0xf8, 0xdd, 0x66, 0xdb, 0xef, 0x35, 
		0x0a, 0xc5, 0xef, 0x29, 0x37, 0x99, 0xa5, 0xbb, 0x34, 0xf7, 0x7a, 0xbe, 0xf3, 0x7e, 0x73, 0xef, 
		0xa4, 0xfd, 0x4a, 0x63, 0x8b, 0x7b, 0x4c, 0x46, 0x4a, 0x15, 0x41, 0xa6, 0xbc, 0x9e, 0x44, 0x3f, 
		0xc8, 0x53, 0xa0, 0x17, 0x32, 0x85, 0x24, 0xb7, 0x7d, 0x76, 0x30, 0x8d, 0x05, 0x57, 0x22, 0xf6, 
		0xd4, 0x55, 0x65, 0x47, 0xab, 0x52, 0xec, 0x4a, 0x31, 0xaf, 0x64, 0x79, 0x25, 0x24, 0xb8, 0x5d, 
		0x09, 0xda, 0x5b, 0xba, 0x0d, 0xf1, 0x36, 0xb6, 0xb4, 0xa8, 0xee, 0x97, 0x53, 0x92, 0xdb, 0xf6, 
		0x6c, 0x68, 0x20, 0x92, 0xc4, 0x1d, 0x88, 0x8b, 0xb2, 0x9a, 0x2d, 0x35, 0x99, 0x61, 0x30, 0x04, 
		0x09, 0x0c, 0xc1, 0xc0, 0x1e, 0x82, 0x41, 0x7d, 0x08, 0x96, 0xa2, 0xc2, 0xf8, 0xa3, 0x3b, 0xfe, 
		0x34, 0x5b, 0xfc, 0x40, 0x8a, 0xb0, 0x76, 0xbd, 0x83, 0x5d, 0xfa, 0xf0, 0x1e, 0xc4, 0x58, 0x98, 
		0x7d, 0xa0, 0x9d, 0x88, 0x23, 0x58, 0x7b, 0xa7, 0x81, 0x2b, 0x9e, 0xef, 0x2c, 0x24, 0x37, 0x32, 
		0xdb, 0xde, 0xec, 0x75, 0x86, 0x9d, 0x6b, 0x39, 0x16, 0x51, 0x7e, 0xb3, 0xfb, 0x75, 0x24, 0xfd, 
		0xea, 0xdd, 0xec, 0xe6, 0x57, 0x9a, 0xca, 0xfc, 0x37, 0x5a, 0x8b, 0xb2, 0x5f, 0x0c, 0x7b, 0xdd, 
		0xbc, 0xfd, 0xb0, 0xbf, 0xe5, 0x68, 0x63, 0x4b, 0xc8, 0xee, 0x39, 0x69, 0xad, 0xea, 0x71, 0x4a, 
		0x00, 0xd1, 0xaf, 0x14, 0xfd, 0xc6, 0x2e, 0x28, 0x4d, 0xe3, 0x58, 0x8b, 0x73, 0xf9, 0xfa, 0x7b, 
		0x59, 0x8b, 0x35, 0xd7, 0xde, 0xf9, 0x6b, 0x76, 0x7d, 0xdd, 0x4d, 0x4b, 0x6d, 0x29, 0xcd, 0x54, 
		0x14, 0x3d, 0x7c, 0x48, 0x6b, 0xdb, 0xd2, 0x6a, 0xed, 0x0c, 0x42, 0x54, 0xdb, 0x15, 0x95, 0x66, 
		0xc2, 0x98, 0xdb, 0x86, 0x5f, 0x3f, 0x35, 0x1b, 0xf9, 0x31, 0xbf, 0xd3, 0xd3, 0xfa, 0x8d, 0x10, 
		0x5f, 0x69, 0x89, 0x6d, 0xdd, 0x69, 0xfc, 0x1d, 0x97, 0xc1, 0x5d, 0x3e, 0x8f, 0xff, 0x14, 0xcb, 
		0x7c, 0x12, 0xff, 0x60, 0x7e, 0xad, 0xa7, 0xf0, 0x0b, 0xae, 0x35, 0x76, 0x60, 0x2e, 0x9f, 0xd5, 
		0x65, 0x27, 0x9d, 0x61, 0xe7, 0xd3, 0x55, 0x1a, 0x6b, 0x87, 0xea, 0xd4, 0x5c, 0x23, 0xa9, 0xfd, 
		0xae, 0x97, 0x9d, 0x61, 0xe7, 0x9f, 0x66, 0xcb, 0xfd, 0x95, 0xf9, 0x4b, 0x7c, 0x1d, 0xf3, 0x3b, 
		0xdd, 0xe4, 0x75, 0xfe, 0x28, 0xc2, 0x71, 0x35, 0x33, 0x49, 0xf6, 0xdd, 0xa1, 0xc9, 0x89, 0x26, 
		0x8d, 0x12, 0xe9, 0x6f, 0x6a, 0x27, 0x40, 0x7f, 0x71, 0xd8, 0xef, 0x9a, 0xef, 0x0d, 0x07, 0xdd, 
		0xfc, 0x6b, 0x5a, 0x03, 0x3f, 0x99, 0x4c, 0x0a, 0x5d, 0xf3, 0xa5, 0xe1, 0xcb, 0xee, 0xe2, 0x3b, 
		0xc3, 0x57, 0xdd, 0xc5, 0x57, 0x86, 0xaf, 0x37, 0xea, 0x3e, 0x64, 0x9e, 0x9d, 0xbb, 0x44, 0xb0, 
		0x4b, 0x57, 0x1f, 0x86, 0x6b, 0xcf, 0xc0, 0x6a, 0xcd, 0x0e, 0x8a, 0x95, 0x01, 0x4b, 0x93, 0x4a, 
		0x8d, 0x17, 0x8a, 0x1b, 0xa6, 0x9d, 0x09, 0xc1, 0xc7, 0xc4, 0x02, 0x54, 0x68, 0xc1, 0x1b, 0x6d, 
		0x9e, 0x39, 0x9e, 0x7b, 0xad, 0x6a, 0x3f, 0x65, 0xb3, 0x91, 0xb1, 0x41, 0x45, 0x05, 0x42, 0x71, 
		0xb3, 0x44, 0x03, 0x74, 0xcd, 0xb2, 0x4b, 0x59, 0x6d, 0xb1, 0x17, 0xa8, 0x37, 0x16, 0x46, 0xf1, 
		0x8c, 0x07, 0x2c, 0x63, 0x69, 0xc2, 0x78, 0x38, 0xfe, 0x21, 0x8a, 0xcb, 0xc7, 0x1b, 0x69, 0x2e, 
		0x58, 0x98, 0x9a, 0x8b, 0xe2, 0xc4, 0xed, 0x3c, 0xce, 0x4e, 0x8a, 0x89, 0xa4, 0x47, 0x69, 0x03, 
		0xf5, 0x5a, 0xa9, 0xfd, 0xd4, 0xd5, 0xda, 0xdc, 0xc6, 0x39, 0x15, 0x76, 0x57, 0xb2, 0xe7, 0x66, 
		0x2a, 0xeb, 0x82, 0x22, 0x4f, 0xf3, 0x8a, 0xd4, 0x92, 0x1b, 0xc6, 0xeb, 0x08, 0x3e, 0x77, 0x67, 
		0xbc, 0xb2, 0xe8, 0x61, 0xa5, 0xb2, 0x9a, 0x52, 0xe2, 0xee, 0x9a, 0x9e, 0xd3, 0x84, 0x9b, 0xf9, 
		0xe3, 0xd8, 0xac, 0xc1, 0xfc, 0xdc, 0x71, 0x0a, 0x84, 0xc1, 0x46, 0x6a, 0xcf, 0x69, 0x36, 0x3e, 
		0xc9, 0x3d, 0xa7, 0x59, 0xe2, 0x5f, 0xf1, 0xf9, 0x75, 0x2f, 0x77, 0x9f, 0xe6, 0x59, 0x1b, 0xed, 
		0x3d, 0xa9, 0xa0, 0xea, 0x15, 0x99, 0x77, 0x6a, 0x1e, 0xe8, 0x37, 0x6a, 0x7b, 0x61, 0xde, 0xa7, 
		0xbd, 0x22, 0xfd, 0x36, 0xed, 0x15, 0x95, 0xef, 0xd2, 0xae, 0x91, 0x79, 0x93, 0xf6, 0x8c, 0xf4, 
		0x7b, 0x86, 0xa7, 0x1b, 0xf5, 0x7b, 0x64, 0xa8, 0x44, 0x3c, 0xe1, 0x4e, 0xee, 0xd6, 0xa2, 0xec, 
		0xe1, 0xec, 0x7b, 0x65, 0x5b, 0xaa, 0x7b, 0xa1, 0xb4, 0x9c, 0x9a, 0x92, 0x5d, 0xae, 0x4b, 0xe3, 
		0x54, 0xac, 0xc1, 0x78, 0xfa, 0xec, 0xde, 0x98, 0x2e, 0xcf, 0x1b, 0x52, 0xa0, 0x59, 0x85, 0xcb, 
		0x99, 0xfa, 0xfe, 0xbc, 0xc8, 0x28, 0xb6, 0x1b, 0x1b, 0xfc, 0x72, 0x7e, 0x3d, 0x78, 0x28, 0xd5, 
		0xd8, 0xc1, 0xc1, 0xe7, 0x23, 0xef, 0xf5, 0x97, 0x3f, 0x3f, 0x1f, 0x7b, 0xaf, 0xbf, 0x64, 0x7f, 
		0x1e, 0x9b, 0xff, 0x64, 0x7f, 0xf7, 0x3e, 0x1f, 0x79, 0x83, 0xe2, 0xef, 0x93, 0xcf, 0x47, 0xde, 
		0xc9, 0x97, 0xc3, 0xcb, 0xcb, 0x17, 0x87, 0x7f, 0xf4, 0xef, 0xd7, 0xff, 0xe1, 0xc1, 0x7f, 0x7c, 
		0xbe, 0xbc, 0x9c, 0xff, 0xf1, 0xcb, 0xbd, 0xfe, 0xf7, 0xe7, 0xfb, 0x2f, 0x7f, 0x3b, 0xfc, 0x7b, 
		0x67, 0xbb, 0x87, 0xae, 0x0b, 0xb1, 0xd7, 0x46, 0x9a, 0x53, 0xb3, 0xbe, 0x56, 0x40, 0x17, 0x1e, 
		0xa3, 0x0b, 0x9b, 0xb3, 0x02, 0xd7, 0xa7, 0x8d, 0x76, 0xc0, 0x2a, 0x5e, 0x25, 0xf3, 0xeb, 0xd3, 
		0x9d, 0xb3, 0x05, 0xa7, 0x0f, 0xcb, 0x7f, 0xf8, 0xa7, 0x9d, 0x6a, 0xf0, 0xa8, 0x3b, 0xb8, 0x3f, 
		0x1c, 0x1e, 0x1e, 0xb8, 0x65, 0xc3, 0xc3, 0x3f, 0x8e, 0xba, 0x27, 0xf7, 0x07, 0x07, 0x0d, 0x35, 
		0x7f, 0x6f, 0x7a, 0xc7, 0xe1, 0x9f, 0x07, 0x07, 0x07, 0xb9, 0xe4, 0x2b, 0xda, 0xf0, 0xf9, 0xe8, 
		0xf8, 0xcb, 0xdf, 0xcd, 0x9f, 0xd9, 0xbf, 0xa5, 0x3e, 0xb5, 0x6a, 0x7c, 0xd8, 0xa8, 0x45, 0x5d, 
		0xad, 0xc7, 0xff, 0x33, 0xfc, 0xf2, 0xb7, 0xe1, 0xe1, 0x1f, 0xa7, 0xf7, 0xc5, 0xdf, 0xe6, 0xdf, 
		0xc3, 0x3f, 0x0f, 0x5e, 0xfc, 0xf5, 0xf2, 0xf2, 0xc5, 0x8b, 0xbf, 0x1e, 0x66, 0x7d, 0xca, 0xdb, 
		0xfd, 0x35, 0xab, 0xfd, 0xfb, 0x70, 0x58, 0x2b, 0x3a, 0x3c, 0xf8, 0x8f, 0x17, 0x14, 0xec, 0xd4, 
		0x42, 0x7a, 0x75, 0x4b, 0xe5, 0xd6, 0x3d, 0x46, 0x6f, 0xa1, 0xad, 0xcf, 0x4d, 0x5b, 0x37, 0x65, 
		0x49, 0xff, 0x15, 0xc9, 0xd0, 0x5c, 0x38, 0xe6, 0x45, 0x13, 0xaf, 0xba, 0xa5, 0x5e, 0xab, 0x72, 
		0x35, 0x53, 0x37, 0x30, 0xf9, 0xd4, 0xcc, 0x2e, 0x0c, 0xa7, 0x72, 0x38, 0x1a, 0x66, 0x37, 0xa8, 
		0x55, 0xd6, 0x8b, 0x79, 0x11, 0xa9, 0x61, 0x72, 0x75, 0x35, 0x9b, 0x55, 0x17, 0xd7, 0xee, 0x18, 
		0xf9, 0x7c, 0xe4, 0x15, 0x6a, 0x98, 0x6b, 0xe7, 0xe1, 0xf0, 0xc0, 0x28, 0x6b, 0xa6, 0x94, 0x26, 
		0xb7, 0x6c, 0xf1, 0xa0, 0xf5, 0xe6, 0xbe, 0xab, 0x6d, 0x54, 0xac, 0x5c, 0x06, 0x58, 0x85, 0xcf, 
		0x9e, 0x05, 0x8b, 0x00, 0xa9, 0x92, 0x68, 0x66, 0x29, 0xc0, 0xa6, 0x06, 0x96, 0x9d, 0x28, 0x78, 
		0x41, 0x70, 0x35, 0x7d, 0xf0, 0x32, 0x43, 0x6f, 0x65, 0x3f, 0xde, 0x0d, 0xff, 0xc4, 0x97, 0x89, 
		0x1f, 0x79, 0x16, 0x71, 0x2b, 0x85, 0x6a, 0xd9, 0xec, 0xbf, 0x5d, 0x5e, 0xbe, 0x58, 0xf1, 0xb8, 
		0xe5, 0x89, 0xdb, 0x26, 0xc8, 0x99, 0xb7, 0x6b, 0x55, 0x8f, 0x90, 0xe6, 0x1e, 0xc9, 0x70, 0x63, 
		0xa3, 0xce, 0x00, 0x76, 0x6c, 0x39, 0x65, 0x05, 0xed, 0xe2, 0x0f, 0x45, 0xa8, 0xa4, 0x9f, 0x45, 
		0x92, 0xe5, 0x77, 0x6d, 0x36, 0xcb, 0x6b, 0xbb, 0xb7, 0x1b, 0x46, 0xea, 0xd8, 0xfe, 0x5a, 0xf6, 
		0xec, 0x12, 0x58, 0x94, 0x12, 0x52, 0xb0, 0xc6, 0x0b, 0x7a, 0xf9, 0xa8, 0x32, 0xa8, 0x46, 0x0d, 
		0x92, 0x1a, 0xd1, 0x27, 0x63, 0xed, 0xdb, 0xbd, 0xa9, 0x93, 0x64, 0x12, 0xac, 0xa5, 0xd2, 0x6a, 
		0xa3, 0x9f, 0x96, 0x8f, 0xa2, 0x28, 0x95, 0x98, 0xb1, 0x08, 0xcc, 0x58, 0x51, 0x2a, 0xdd, 0x99, 
		0xaa, 0x2c, 0x7a, 0x84, 0xf4, 0xf6, 0x48, 0x66, 0x9b, 0x9a, 0xa1, 0xe6, 0x01, 0x57, 0x93, 0x28, 
		0x9e, 0xb9, 0x87, 0x72, 0xd5, 0xf2, 0x55, 0x99, 0x3d, 0xdc, 0x96, 0x84, 0x24, 0xb4, 0xcd, 0x93, 
		0x81, 0x79, 0x14, 0xd7, 0xe0, 0xff, 0x8b, 0xb2, 0x07, 0x1c, 0x80, 0xf2, 0xa4, 0x65, 0x37, 0xac, 
		0xd7, 0xfa, 0x69, 0x06, 0xd4, 0xf1, 0xb1, 0xa7, 0xb9, 0x51, 0x24, 0x17, 0xe8, 0x15, 0x4f, 0xe6, 
		0x28, 0xb4, 0x9f, 0x3d, 0x55, 0xf3, 0x09, 0x94, 0x3f, 0x31, 0x59, 0x04, 0xf2, 0x1f, 0x98, 0x93, 
		0xce, 0xbc, 0x79, 0x9e, 0x38, 0x60, 0x7b, 0xd6, 0xae, 0x14, 0xaf, 0x6b, 0xf3, 0x9c, 0x8a, 0xc7, 
		0x09, 0x1f, 0x22, 0x5f, 0x2a, 0xf2, 0x4d, 0x8d, 0xe9, 0x58, 0x24, 0x69, 0x50, 0x1b, 0xd5, 0x76, 
		0xe9, 0x72, 0xd1, 0x66, 0xad, 0xf2, 0xbb, 0x00, 0x23, 0x53, 0xcf, 0x83, 0xe0, 0x8e, 0x4d, 0xa2, 
		0x98, 0x71, 0x96, 0xcc, 0x85, 0x2f, 0x27, 0xd2, 0x67, 0xe5, 0x02, 0x81, 0x80, 0x6b, 0xcf, 0x39, 
		0x2f, 0x2f, 0xff, 0xb7, 0x72, 0x0a, 0x58, 0xa5, 0xb5, 0x2c, 0x11, 0x9c, 0xb3, 0xbc, 0x8e, 0xe2, 
		0x25, 0x79, 0x0d, 0xae, 0x32, 0x9f, 0x8a, 0x50, 0x79, 0x61, 0xa4, 0xbc, 0x49, 0x94, 0x86, 0x95, 
		0x64, 0x18, 0x4e, 0x4d, 0x8d, 0x56, 0x5d, 0xcf, 0xc2, 0x48, 0x31, 0x53, 0xbf, 0x2b, 0xf4, 0x66, 
		0x69, 0x1c, 0x54, 0x0e, 0x95, 0x5e, 0x50, 0x5b, 0x29, 0x77, 0x69, 0x2d, 0xf2, 0xdf, 0xec, 0x06, 
		0x8d, 0xeb, 0xaf, 0xba, 0xf3, 0xc1, 0xa9, 0xd7, 0xdd, 0x6c, 0xce, 0x63, 0x25, 0x7d, 0x83, 0xf0, 
		0xa2, 0x34, 0x18, 0xd7, 0x58, 0x67, 0xe7, 0xe4, 0xd0, 0xe8, 0x37, 0x8c, 0x08, 0x8c, 0xc8, 0xee, 
		0x1a, 0x91, 0x06, 0xd5, 0x75, 0x2a, 0x6a, 0x46, 0x25, 0xdb, 0xa9, 0xdb, 0x2d, 0x05, 0x0e, 0xa3, 
		0xb0, 0x02, 0xf1, 0xd5, 0x8f, 0xf5, 0x74, 0x83, 0x3b, 0x42, 0x4c, 0x92, 0xfa, 0xbe, 0x73, 0x27, 
		0x65, 0x5e, 0xe2, 0x92, 0x94, 0x97, 0xef, 0x04, 0x5d, 0xad, 0xb7, 0x27, 0x61, 0xfd, 0x61, 0xfd, 
		0x61, 0xfd, 0x61, 0xfd, 0x61, 0xfd, 0x9f, 0x99, 0xf5, 0x5f, 0xfb, 0x54, 0x07, 0x33, 0x01, 0x66, 
		0x02, 0xcc, 0x04, 0x98, 0x09, 0x30, 0x13, 0x3c, 0xab, 0x99, 0x00, 0x5a, 0x09, 0xad, 0xa4, 0x46, 
		0x97, 0xa1, 0x6c, 0x79, 0xc2, 0xff, 0x6f, 0x4d, 0xf3, 0xbf, 0x13, 0xa7, 0xa0, 0xb4, 0xc2, 0xfe, 
		0x5c, 0x96, 0x2f, 0xbb, 0x88, 0xa0, 0x5a, 0xff, 0x2d, 0x72, 0xa1, 0x2f, 0x8d, 0x4d, 0x9d, 0x13, 
		0xe6, 0x01, 0x93, 0xee, 0x41, 0x61, 0xa5, 0xf8, 0xe1, 0x70, 0xcb, 0xec, 0xa8, 0x90, 0xa6, 0xae, 
		0xaf, 0x7b, 0xfc, 0x7b, 0x23, 0xe3, 0xf2, 0x26, 0x01, 0xfd, 0x77, 0xa0, 0x0d, 0x9e, 0x7d, 0xd8, 
		0x9b, 0x35, 0xd0, 0x14, 0x95, 0xd5, 0xc3, 0xe3, 0x2d, 0x9f, 0xe7, 0xdb, 0xf2, 0xaa, 0x0f, 0x1f, 
		0xb7, 0xae, 0x9d, 0x40, 0xf7, 0x56, 0x8c, 0x1b, 0x1b, 0x7b, 0x95, 0x1c, 0x67, 0x49, 0x43, 0x92, 
		0x33, 0x4b, 0x30, 0x53, 0x55, 0x08, 0x87, 0xea, 0x40, 0x6b, 0x7f, 0xff, 0x54, 0xef, 0x51, 0xd9, 
		0xb4, 0x4e, 0x4f, 0x4e, 0x8e, 0x5f, 0xd3, 0x4f, 0xa9, 0x6a, 0xe4, 0x5a, 0x1b, 0x83, 0x45, 0x51, 
		0x2b, 0x09, 0x43, 0xae, 0x5b, 0xcf, 0x93, 0xd6, 0xed, 0x24, 0x89, 0xb4, 0xb7, 0x45, 0xcc, 0xe3, 
		0x0a, 0xe9, 0x25, 0x72, 0xec, 0xdc, 0x9e, 0x42, 0x75, 0x9c, 0x12, 0x73, 0xfe, 0x12, 0x39, 0x76, 
		0x41, 0x68, 0x8b, 0xb2, 0xb5, 0x18, 0x4e, 0x9f, 0xcd, 0x9b, 0xd2, 0x5d, 0xc5, 0x2b, 0xf7, 0xb4, 
		0xf3, 0xfa, 0x9d, 0xec, 0x39, 0x23, 0xf9, 0x14, 0x0b, 0x96, 0xf5, 0x75, 0x56, 0xf1, 0xa9, 0x6b, 
		0xe0, 0xcb, 0xa2, 0x96, 0x8c, 0xa6, 0xcf, 0xde, 0x8d, 0xe9, 0xaa, 0x9c, 0x55, 0xae, 0x67, 0xcd, 
		0x9e, 0x1f, 0x0e, 0x3b, 0x32, 0xed, 0xa0, 0xaf, 0xad, 0xf4, 0x55, 0xb3, 0xaa, 0xa6, 0xb1, 0x8b, 
		0xc2, 0x96, 0xcc, 0xa6, 0xcf, 0x62, 0x5c, 0x3e, 0xff, 0xac, 0xf4, 0x16, 0x97, 0xcf, 0xe3, 0xf2, 
		0xf9, 0x9d, 0x55, 0x5c, 0x5c, 0x3e, 0xff, 0xb4, 0x59, 0xab, 0xe7, 0xb1, 0x70, 0xef, 0x1b, 0x2e, 
		0x8b, 0x6a, 0x09, 0x4e, 0xa3, 0xa9, 0xf4, 0x79, 0xe0, 0xbd, 0xf9, 0xe5, 0xdd, 0x0f, 0xc5, 0xdf, 
		0xff, 0xf8, 0x68, 0x40, 0xd3, 0x41, 0x90, 0xe5, 0x39, 0x95, 0xe1, 0xd4, 0x5c, 0x7a, 0x99, 0xf5, 
		0x8f, 0xa5, 0xe1, 0xd8, 0x24, 0x93, 0x97, 0x09, 0x99, 0xfb, 0x9f, 0x3f, 0xf0, 0x70, 0xcc, 0x55, 
		0x14, 0xdf, 0x19, 0x38, 0xc4, 0x37, 0x6e, 0x87, 0x19, 0x9a, 0x3d, 0x1e, 0x04, 0xf9, 0x96, 0x58, 
		0xfe, 0x1c, 0xde, 0xe5, 0x51, 0x2d, 0xd9, 0xb3, 0x39, 0xaf, 0xb2, 0x37, 0xc9, 0x16, 0x3f, 0xd3, 
		0x94, 0x2f, 0x7e, 0xa4, 0x7b, 0x64, 0xfd, 0xc4, 0x04, 0xb7, 0x18, 0x19, 0x45, 0x2a, 0xf2, 0xa3, 
		0xa0, 0x22, 0xa3, 0xbc, 0xc8, 0x95, 0x51, 0x51, 0x41, 0xfc, 0xda, 0xed, 0x75, 0x19, 0xcd, 0xa3, 
		0x82, 0xc5, 0x62, 0x1c, 0x85, 0x5f, 0x85, 0xc9, 0x3b, 0x7e, 0x64, 0xce, 0xc8, 0xc2, 0x78, 0xee, 
		0xeb, 0x27, 0x5d, 0x79, 0x37, 0x4b, 0xa6, 0x71, 0xce, 0xfb, 0x09, 0x4f, 0x94, 0x8a, 0xb9, 0xff, 
		0x35, 0x4f, 0xaa, 0x39, 0x0d, 0x53, 0x25, 0x82, 0x80, 0xe7, 0x99, 0x35, 0xaf, 0x94, 0x9a, 0xe7, 
		0x59, 0x35, 0xe5, 0xac, 0xcc, 0xaa, 0xf9, 0x95, 0xff, 0x9b, 0xf3, 0x5e, 0x9e, 0x96, 0x7c, 0x96, 
		0x84, 0xf9, 0xfb, 0x5e, 0x99, 0x18, 0xae, 0x79, 0x3f, 0x4f, 0x4b, 0x9e, 0xcc, 0xd4, 0xbc, 0x22, 
		0x50, 0xdd, 0x3d, 0xcd, 0xcd, 0xa2, 0x73, 0x5a, 0x90, 0x8b, 0xef, 0x0f, 0x7b, 0xdd, 0xc5, 0xd7, 
		0x87, 0xfd, 0x6e, 0xf6, 0xed, 0xe1, 0xa0, 0x9b, 0x7d, 0x79, 0x78, 0xd2, 0x2d, 0xbe, 0x3b, 0x3c, 
		0xed, 0x96, 0x5f, 0x1d, 0xbe, 0xec, 0x66, 0xdf, 0x1c, 0xbe, 0xea, 0x66, 0x5f, 0x1c, 0xbe, 0xee, 
		0x16, 0xf4, 0x0e, 0x8f, 0x8f, 0xba, 0x39, 0xb5, 0xc3, 0xe3, 0xe3, 0xfc, 0xf8, 0x2d, 0x1d, 0x69, 
		0x4d, 0x18, 0x55, 0xfc, 0x7e, 0xab, 0xd0, 0x55, 0x95, 0x77, 0xe6, 0x86, 0x5e, 0xb6, 0x03, 0x97, 
		0xb4, 0x37, 0x1d, 0xa3, 0x3a, 0x47, 0x2b, 0x8d, 0x47, 0x2a, 0xa5, 0x9f, 0x5d, 0x90, 0xe6, 0xd1, 
		0x23, 0x6d, 0xdd, 0x81, 0x60, 0x8e, 0x84, 0x3d, 0x3f, 0x0a, 0x55, 0x5c, 0x8e, 0x09, 0x3e, 0x9f, 
		0x87, 0xfc, 0x3a, 0xd7, 0xfb, 0x45, 0x95, 0xd6, 0x7a, 0x19, 0x26, 0x73, 0xe1, 0x17, 0x89, 0xf8, 
		0x67, 0x69, 0xa0, 0xa4, 0xcf, 0x13, 0xe5, 0x4d, 0x82, 0xe8, 0x26, 0xc9, 0xf5, 0x3f, 0x51, 0xd9, 
		0x28, 0x31, 0x69, 0x65, 0x63, 0x3e, 0x99, 0x48, 0x3f, 0x1f, 0x01, 0x89, 0x54, 0xc2, 0x9b, 0xf1, 
		0x90, 0x4f, 0x45, 0x31, 0x0c, 0xc2, 0x69, 0x72, 0xe3, 0xfd, 0x1e, 0x55, 0x77, 0xfd, 0x9d, 0x5e, 
		0x69, 0x7e, 0xe6, 0x7d, 0xd2, 0x23, 0xa1, 0x2c, 0xee, 0x75, 0xcb, 0xfe, 0x98, 0x84, 0xb4, 0x4e, 
		0x6f, 0xf4, 0x88, 0x28, 0x5f, 0x6f, 0xb4, 0xde, 0xfe, 0xbc, 0x1e, 0x0f, 0x59, 0x4f, 0x4d, 0xda, 
		0xda, 0xbc, 0x9f, 0x26, 0x75, 0xed, 0xfd, 0x76, 0x92, 0x19, 0xdf, 0xdf, 0xff, 0xff, 0x01, 0x00, 
		0x00, 0xff, 0xff, 0x66, 0x4f, 0x20, 0x49, 0xbd, 0xa9, 0x07, 0x00, 
	}
