time=2026-10-01T23:11:38.527Z level=WARN msg="controller logs going to stderr only — OTLP endpoint unset"
time=2026-10-01T23:11:38.768Z level=INFO msg="starting manager" logger=setup
time=2026-10-01T23:11:38.768Z level=INFO msg="Starting metrics server" logger=controller-runtime/metrics
time=2026-10-01T23:11:38.768Z level=INFO msg="Serving metrics server" logger=controller-runtime/metrics bindAddress=:8080 secure=false
time=2026-10-01T23:11:38.768Z level=INFO msg="starting server" name="health probe" addr=[::]:8081
I1001 23:11:38.970288       1 leaderelection.go:258] "Attempting to acquire leader lease..." lock="cisco-vk-system/ciscodevice.cisco.vk"
I1001 23:12:08.766090       1 leaderelection.go:272] "Successfully acquired lease" lock="cisco-vk-system/ciscodevice.cisco.vk"
time=2026-10-01T23:12:08.768Z level=INFO msg="Starting EventSource" controller=iosxeconfigbundle controllerGroup=config.cisco.vk controllerKind=IOSXEConfigBundle source="kind source: *v1alpha1.CiscoDevice"
time=2026-10-01T23:12:08.768Z level=INFO msg="Starting EventSource" controller=networkcontroller controllerGroup=cisco.vk controllerKind=NetworkController source="kind source: *v1alpha1.NetworkControllerConfig"
time=2026-10-01T23:12:08.768Z level=INFO msg="Starting EventSource" controller=ciscodevice controllerGroup=cisco.vk controllerKind=CiscoDevice source="kind source: *v1.ClusterRoleBinding"
time=2026-10-01T23:12:08.768Z level=INFO msg="Starting EventSource" controller=iosxesoftwarerollout controllerGroup=ops.cisco.vk controllerKind=IOSXESoftwareRollout source="kind source: *v1.ConfigMap"
time=2026-10-01T23:12:08.768Z level=INFO msg="Starting EventSource" controller=networkcontroller controllerGroup=cisco.vk controllerKind=NetworkController source="kind source: *v1alpha1.NetworkController"
time=2026-10-01T23:12:08.768Z level=INFO msg="Starting EventSource" controller=iosxeconfigbundle controllerGroup=config.cisco.vk controllerKind=IOSXEConfigBundle source="kind source: *v1alpha1.IOSXEConfigBundle"
time=2026-10-01T23:12:08.769Z level=INFO msg="Starting EventSource" controller=networkcontroller controllerGroup=cisco.vk controllerKind=NetworkController source="kind source: *v1alpha1.NetworkController"
time=2026-10-01T23:12:08.768Z level=INFO msg="Starting EventSource" controller=iosxeconfigbundle controllerGroup=config.cisco.vk controllerKind=IOSXEConfigBundle source="kind source: *v1alpha1.IOSXEConfig"
time=2026-10-01T23:12:08.769Z level=INFO msg="Starting EventSource" controller=networkcontroller controllerGroup=cisco.vk controllerKind=NetworkController source="kind source: *v1.Deployment"
time=2026-10-01T23:12:08.769Z level=INFO msg="Starting EventSource" controller=networkcontroller controllerGroup=cisco.vk controllerKind=NetworkController source="kind source: *v1.ConfigMap"
time=2026-10-01T23:12:08.769Z level=INFO msg="Starting EventSource" controller=networkcontroller controllerGroup=cisco.vk controllerKind=NetworkController source="kind source: *v1.ServiceAccount"
time=2026-10-01T23:12:08.770Z level=INFO msg="Starting EventSource" controller=iosxesoftwarerollout controllerGroup=ops.cisco.vk controllerKind=IOSXESoftwareRollout source="kind source: *v1alpha1.IOSXESoftwareRollout"
time=2026-10-01T23:12:08.770Z level=INFO msg="Starting EventSource" controller=networkcontroller controllerGroup=cisco.vk controllerKind=NetworkController source="kind source: *v1.RoleBinding"
time=2026-10-01T23:12:08.770Z level=INFO msg="Starting EventSource" controller=iosxesoftwarerollout controllerGroup=ops.cisco.vk controllerKind=IOSXESoftwareRollout source="kind source: *v1alpha1.IOSXESoftwareUpgrade"
time=2026-10-01T23:12:08.770Z level=INFO msg="Starting EventSource" controller=iosxesoftwarerollout controllerGroup=ops.cisco.vk controllerKind=IOSXESoftwareRollout source="kind source: *v1alpha1.CiscoDevice"
time=2026-10-01T23:12:08.770Z level=INFO msg="Starting EventSource" controller=ciscodevice controllerGroup=cisco.vk controllerKind=CiscoDevice source="kind source: *v1.Node"
time=2026-10-01T23:12:08.770Z level=INFO msg="Starting EventSource" controller=iosxesoftwarerollout controllerGroup=ops.cisco.vk controllerKind=IOSXESoftwareRollout source="kind source: *v1.Node"
time=2026-10-01T23:12:08.770Z level=INFO msg="Starting EventSource" controller=ciscodevice controllerGroup=cisco.vk controllerKind=CiscoDevice source="kind source: *v1alpha1.CiscoDevice"
time=2026-10-01T23:12:08.770Z level=INFO msg="Starting EventSource" controller=iosxesoftwarerollout controllerGroup=ops.cisco.vk controllerKind=IOSXESoftwareRollout source="kind source: *v1.Secret"
time=2026-10-01T23:12:08.770Z level=INFO msg="Starting EventSource" controller=ciscodevice controllerGroup=cisco.vk controllerKind=CiscoDevice source="kind source: *v1alpha1.IOSXEDiagnostic"
time=2026-10-01T23:12:08.770Z level=INFO msg="Starting EventSource" controller=ciscodevice controllerGroup=cisco.vk controllerKind=CiscoDevice source="kind source: *v1.Pod"
time=2026-10-01T23:12:08.770Z level=INFO msg="Starting EventSource" controller=ciscodevice controllerGroup=cisco.vk controllerKind=CiscoDevice source="kind source: *v1.ConfigMap"
time=2026-10-01T23:12:08.770Z level=INFO msg="Starting EventSource" controller=ciscodevice controllerGroup=cisco.vk controllerKind=CiscoDevice source="kind source: *v1.Lease"
time=2026-10-01T23:12:08.770Z level=INFO msg="Starting EventSource" controller=ciscodevice controllerGroup=cisco.vk controllerKind=CiscoDevice source="kind source: *v1alpha1.IOSXESoftwareUpgrade"
time=2026-10-01T23:12:08.770Z level=INFO msg="Starting EventSource" controller=ciscodevice controllerGroup=cisco.vk controllerKind=CiscoDevice source="kind source: *v1.Deployment"
time=2026-10-01T23:12:08.771Z level=INFO msg="Starting EventSource" controller=ciscodevice controllerGroup=cisco.vk controllerKind=CiscoDevice source="kind source: *v1alpha1.IOSXEConfig"
time=2026-10-01T23:12:08.771Z level=INFO msg="Starting EventSource" controller=ciscodevice controllerGroup=cisco.vk controllerKind=CiscoDevice source="kind source: *v1alpha1.IOSXEConfig"
time=2026-10-01T23:12:08.771Z level=INFO msg="Starting EventSource" controller=ciscodevice controllerGroup=cisco.vk controllerKind=CiscoDevice source="kind source: *v1alpha1.NXOSConfig"
time=2026-10-01T23:12:08.771Z level=INFO msg="Starting EventSource" controller=ciscodevice controllerGroup=cisco.vk controllerKind=CiscoDevice source="kind source: *v1.Secret"
time=2026-10-01T23:12:08.771Z level=INFO msg="Starting EventSource" controller=ciscodevice controllerGroup=cisco.vk controllerKind=CiscoDevice source="kind source: *v1alpha1.IOSXETelemetry"
time=2026-10-01T23:12:08.771Z level=INFO msg="Starting EventSource" controller=ciscodevice controllerGroup=cisco.vk controllerKind=CiscoDevice source="kind source: *v1alpha1.NXOSConfig"
time=2026-10-01T23:12:08.771Z level=INFO msg="Starting EventSource" controller=ciscodevice controllerGroup=cisco.vk controllerKind=CiscoDevice source="kind source: *v1alpha1.CiscoDevice"
time=2026-10-01T23:12:08.770Z level=INFO msg="Starting EventSource" controller=iosxesoftwarerollout controllerGroup=ops.cisco.vk controllerKind=IOSXESoftwareRollout source="kind source: *v1.Pod"
time=2026-10-01T23:12:08.771Z level=INFO msg="Starting EventSource" controller=ciscodevice controllerGroup=cisco.vk controllerKind=CiscoDevice source="kind source: *v1alpha1.IOSXEOperationalAction"
time=2026-10-01T23:12:08.771Z level=INFO msg="Starting EventSource" controller=ciscodevice controllerGroup=cisco.vk controllerKind=CiscoDevice source="kind source: *v1alpha1.IOSXEConfigRevision"
time=2026-10-01T23:12:08.771Z level=INFO msg="Starting EventSource" controller=ciscodevice controllerGroup=cisco.vk controllerKind=CiscoDevice source="kind source: *v1alpha1.DeviceOperation"
time=2026-10-01T23:12:08.771Z level=INFO msg="Starting EventSource" controller=ciscodevice controllerGroup=cisco.vk controllerKind=CiscoDevice source="kind source: *v1alpha1.IOSXEConfigApplyLog"
time=2026-10-01T23:12:08.771Z level=INFO msg="Starting EventSource" controller=ciscodevice controllerGroup=cisco.vk controllerKind=CiscoDevice source="kind source: *v1.Role"
time=2026-10-01T23:12:08.771Z level=INFO msg="Starting EventSource" controller=ciscodevice controllerGroup=cisco.vk controllerKind=CiscoDevice source="kind source: *v1.ClusterRole"
time=2026-10-01T23:12:08.772Z level=INFO msg="Starting EventSource" controller=ciscodevice controllerGroup=cisco.vk controllerKind=CiscoDevice source="kind source: *v1.RoleBinding"
time=2026-10-01T23:12:10.498Z level=INFO msg="Starting Controller" controller=iosxesoftwarerollout controllerGroup=ops.cisco.vk controllerKind=IOSXESoftwareRollout
time=2026-10-01T23:12:10.498Z level=INFO msg="Starting workers" controller=iosxesoftwarerollout controllerGroup=ops.cisco.vk controllerKind=IOSXESoftwareRollout "worker count"=1
time=2026-10-01T23:12:10.506Z level=INFO msg="Starting Controller" controller=networkcontroller controllerGroup=cisco.vk controllerKind=NetworkController
time=2026-10-01T23:12:10.506Z level=INFO msg="Starting workers" controller=networkcontroller controllerGroup=cisco.vk controllerKind=NetworkController "worker count"=1
time=2026-10-01T23:12:10.515Z level=INFO msg="Starting Controller" controller=iosxeconfigbundle controllerGroup=config.cisco.vk controllerKind=IOSXEConfigBundle
time=2026-10-01T23:12:10.516Z level=INFO msg="Starting workers" controller=iosxeconfigbundle controllerGroup=config.cisco.vk controllerKind=IOSXEConfigBundle "worker count"=1
time=2026-10-01T23:12:11.994Z level=INFO msg="Starting Controller" controller=ciscodevice controllerGroup=cisco.vk controllerKind=CiscoDevice
time=2026-10-01T23:12:11.994Z level=INFO msg="Starting workers" controller=ciscodevice controllerGroup=cisco.vk controllerKind=CiscoDevice "worker count"=1
time=2026-10-01T23:12:15.706Z level=INFO msg="ConfigMap reconciled" controller=ciscodevice controllerGroup=cisco.vk controllerKind=CiscoDevice CiscoDevice.name=cat9k-lab-101 CiscoDevice.namespace=cvk-live namespace=cvk-live name=cat9k-lab-101 reconcileID=a8937aa3-e7bd-4784-a794-a4f5efacafd8 name=cat9k-lab-101-config operation=unchanged
time=2026-10-01T23:12:26.923Z level=INFO msg="ConfigMap reconciled" controller=ciscodevice controllerGroup=cisco.vk controllerKind=CiscoDevice CiscoDevice.name=cat9k-lab-101 CiscoDevice.namespace=cvk-live namespace=cvk-live name=cat9k-lab-101 reconcileID=f6864bdc-1fe2-41f5-94bd-85812dada1f3 name=cat9k-lab-101-config operation=unchanged
time=2026-10-01T23:12:34.648Z level=INFO msg="ConfigMap reconciled" controller=ciscodevice controllerGroup=cisco.vk controllerKind=CiscoDevice CiscoDevice.name=cat9k-lab-103 CiscoDevice.namespace=cvk-live namespace=cvk-live name=cat9k-lab-103 reconcileID=fc1a1fd7-e0ed-444d-8bdc-98a417627089 name=cat9k-lab-103-config operation=unchanged
time=2026-10-01T23:12:38.075Z level=ERROR msg="Reconciler error" controller=ciscodevice controllerGroup=cisco.vk controllerKind=CiscoDevice CiscoDevice.name=cat9k-lab-103 CiscoDevice.namespace=cvk-live namespace=cvk-live name=cat9k-lab-103 reconcileID=fc1a1fd7-e0ed-444d-8bdc-98a417627089 err="clear prior app worker Pod binding before rollout: stamp software-upgrade leaf cvk-live/roadmap-pacing-downgrade-20261002-103-cat9k-lab-103-0f3c4e98 network worker identity: Operation cannot be fulfilled on iosxesoftwareupgrades.ops.cisco.vk \"roadmap-pacing-downgrade-20261002-103-cat9k-lab-103-0f3c4e98\": the object has been modified; please apply your changes to the latest version and try again"
time=2026-10-01T23:12:41.270Z level=INFO msg="ConfigMap reconciled" controller=ciscodevice controllerGroup=cisco.vk controllerKind=CiscoDevice CiscoDevice.name=cat9k-live CiscoDevice.namespace=cvk-live namespace=cvk-live name=cat9k-live reconcileID=40038588-de6a-4bb9-810a-791bec72c833 name=cat9k-live-config operation=unchanged
time=2026-10-01T23:12:51.380Z level=INFO msg="ConfigMap reconciled" controller=ciscodevice controllerGroup=cisco.vk controllerKind=CiscoDevice CiscoDevice.name=cat9k-lab-101 CiscoDevice.namespace=cvk-live namespace=cvk-live name=cat9k-lab-101 reconcileID=52bb7d08-09fe-4a0e-9301-e3dc8012cd57 name=cat9k-lab-101-config operation=unchanged
time=2026-10-01T23:12:51.751Z level=INFO msg="Deployment reconciled" controller=ciscodevice controllerGroup=cisco.vk controllerKind=CiscoDevice CiscoDevice.name=cat9k-lab-101 CiscoDevice.namespace=cvk-live namespace=cvk-live name=cat9k-lab-101 reconcileID=52bb7d08-09fe-4a0e-9301-e3dc8012cd57 name=cat9k-lab-101-vk operation=updated
time=2026-10-01T23:13:03.114Z level=INFO msg="ConfigMap reconciled" controller=ciscodevice controllerGroup=cisco.vk controllerKind=CiscoDevice CiscoDevice.name=cat9k-lab-103 CiscoDevice.namespace=cvk-live namespace=cvk-live name=cat9k-lab-103 reconcileID=1d847af3-0382-4cd2-9da1-582facd4ed54 name=cat9k-lab-103-config operation=unchanged
time=2026-10-01T23:13:10.992Z level=INFO msg="ConfigMap reconciled" controller=ciscodevice controllerGroup=cisco.vk controllerKind=CiscoDevice CiscoDevice.name=cat9k-live CiscoDevice.namespace=cvk-live namespace=cvk-live name=cat9k-live reconcileID=40cf63a3-6803-43c9-aeb6-49d1129214ab name=cat9k-live-config operation=unchanged
time=2026-10-01T23:13:11.786Z level=INFO msg="Deployment reconciled" controller=ciscodevice controllerGroup=cisco.vk controllerKind=CiscoDevice CiscoDevice.name=cat9k-live CiscoDevice.namespace=cvk-live namespace=cvk-live name=cat9k-live reconcileID=40cf63a3-6803-43c9-aeb6-49d1129214ab name=cat9k-live-vk operation=updated
time=2026-10-01T23:13:26.218Z level=INFO msg="ConfigMap reconciled" controller=ciscodevice controllerGroup=cisco.vk controllerKind=CiscoDevice CiscoDevice.name=cat9k-lab-101 CiscoDevice.namespace=cvk-live namespace=cvk-live name=cat9k-lab-101 reconcileID=d9fd24a6-626f-4c7b-8c7b-561d7801c841 name=cat9k-lab-101-config operation=unchanged
time=2026-10-01T23:13:26.876Z level=INFO msg="Deployment reconciled" controller=ciscodevice controllerGroup=cisco.vk controllerKind=CiscoDevice CiscoDevice.name=cat9k-lab-101 CiscoDevice.namespace=cvk-live namespace=cvk-live name=cat9k-lab-101 reconcileID=d9fd24a6-626f-4c7b-8c7b-561d7801c841 name=cat9k-lab-101-vk operation=unchanged
time=2026-10-01T23:13:26.910Z level=INFO msg="Network worker Deployment reconciled" controller=ciscodevice controllerGroup=cisco.vk controllerKind=CiscoDevice CiscoDevice.name=cat9k-lab-101 CiscoDevice.namespace=cvk-live namespace=cvk-live name=cat9k-lab-101 reconcileID=d9fd24a6-626f-4c7b-8c7b-561d7801c841 name=u20f3e68e-b127-4f2e-9a36-b66945135051-network operation=updated
time=2026-10-01T23:13:38.379Z level=INFO msg="ConfigMap reconciled" controller=ciscodevice controllerGroup=cisco.vk controllerKind=CiscoDevice CiscoDevice.name=cat9k-lab-103 CiscoDevice.namespace=cvk-live namespace=cvk-live name=cat9k-lab-103 reconcileID=959446a7-625b-4f1c-bd50-b1736920bd87 name=cat9k-lab-103-config operation=unchanged
time=2026-10-01T23:13:38.939Z level=INFO msg="Deployment reconciled" controller=ciscodevice controllerGroup=cisco.vk controllerKind=CiscoDevice CiscoDevice.name=cat9k-lab-103 CiscoDevice.namespace=cvk-live namespace=cvk-live name=cat9k-lab-103 reconcileID=959446a7-625b-4f1c-bd50-b1736920bd87 name=cat9k-lab-103-vk operation=updated
time=2026-10-01T23:13:55.453Z level=INFO msg="ConfigMap reconciled" controller=ciscodevice controllerGroup=cisco.vk controllerKind=CiscoDevice CiscoDevice.name=cat9k-live CiscoDevice.namespace=cvk-live namespace=cvk-live name=cat9k-live reconcileID=e139319f-04bc-48d2-a919-862a0bbae33f name=cat9k-live-config operation=unchanged
time=2026-10-01T23:13:56.196Z level=INFO msg="Deployment reconciled" controller=ciscodevice controllerGroup=cisco.vk controllerKind=CiscoDevice CiscoDevice.name=cat9k-live CiscoDevice.namespace=cvk-live namespace=cvk-live name=cat9k-live reconcileID=e139319f-04bc-48d2-a919-862a0bbae33f name=cat9k-live-vk operation=unchanged
time=2026-10-01T23:13:56.213Z level=INFO msg="Network worker Deployment reconciled" controller=ciscodevice controllerGroup=cisco.vk controllerKind=CiscoDevice CiscoDevice.name=cat9k-live CiscoDevice.namespace=cvk-live namespace=cvk-live name=cat9k-live reconcileID=e139319f-04bc-48d2-a919-862a0bbae33f name=u6afd6bd0-284d-4ee2-a6e4-638ca07976b4-network operation=updated
time=2026-10-01T23:14:12.628Z level=INFO msg="ConfigMap reconciled" controller=ciscodevice controllerGroup=cisco.vk controllerKind=CiscoDevice CiscoDevice.name=cat9k-lab-101 CiscoDevice.namespace=cvk-live namespace=cvk-live name=cat9k-lab-101 reconcileID=752167b7-c1cb-4101-826c-664ebde8ee96 name=cat9k-lab-101-config operation=unchanged
time=2026-10-01T23:14:13.585Z level=INFO msg="Deployment reconciled" controller=ciscodevice controllerGroup=cisco.vk controllerKind=CiscoDevice CiscoDevice.name=cat9k-lab-101 CiscoDevice.namespace=cvk-live namespace=cvk-live name=cat9k-lab-101 reconcileID=752167b7-c1cb-4101-826c-664ebde8ee96 name=cat9k-lab-101-vk operation=unchanged
time=2026-10-01T23:14:13.588Z level=INFO msg="Network worker Deployment reconciled" controller=ciscodevice controllerGroup=cisco.vk controllerKind=CiscoDevice CiscoDevice.name=cat9k-lab-101 CiscoDevice.namespace=cvk-live namespace=cvk-live name=cat9k-lab-101 reconcileID=752167b7-c1cb-4101-826c-664ebde8ee96 name=u20f3e68e-b127-4f2e-9a36-b66945135051-network operation=unchanged
time=2026-10-01T23:14:28.707Z level=INFO msg="ConfigMap reconciled" controller=ciscodevice controllerGroup=cisco.vk controllerKind=CiscoDevice CiscoDevice.name=cat9k-lab-103 CiscoDevice.namespace=cvk-live namespace=cvk-live name=cat9k-lab-103 reconcileID=175674fd-8855-44e8-b985-67cd285d309f name=cat9k-lab-103-config operation=unchanged
time=2026-10-01T23:14:29.757Z level=INFO msg="Deployment reconciled" controller=ciscodevice controllerGroup=cisco.vk controllerKind=CiscoDevice CiscoDevice.name=cat9k-lab-103 CiscoDevice.namespace=cvk-live namespace=cvk-live name=cat9k-lab-103 reconcileID=175674fd-8855-44e8-b985-67cd285d309f name=cat9k-lab-103-vk operation=unchanged
time=2026-10-01T23:14:29.782Z level=INFO msg="Network worker Deployment reconciled" controller=ciscodevice controllerGroup=cisco.vk controllerKind=CiscoDevice CiscoDevice.name=cat9k-lab-103 CiscoDevice.namespace=cvk-live namespace=cvk-live name=cat9k-lab-103 reconcileID=175674fd-8855-44e8-b985-67cd285d309f name=u782dc4b2-7e43-4188-8436-87633f0bf4fb-network operation=updated
time=2026-10-01T23:14:44.611Z level=INFO msg="ConfigMap reconciled" controller=ciscodevice controllerGroup=cisco.vk controllerKind=CiscoDevice CiscoDevice.name=cat9k-live CiscoDevice.namespace=cvk-live namespace=cvk-live name=cat9k-live reconcileID=59420b04-ebc6-4068-82ef-52de55e9ef20 name=cat9k-live-config operation=unchanged
time=2026-10-01T23:14:44.892Z level=INFO msg="Deployment reconciled" controller=ciscodevice controllerGroup=cisco.vk controllerKind=CiscoDevice CiscoDevice.name=cat9k-live CiscoDevice.namespace=cvk-live namespace=cvk-live name=cat9k-live reconcileID=59420b04-ebc6-4068-82ef-52de55e9ef20 name=cat9k-live-vk operation=unchanged
time=2026-10-01T23:14:44.894Z level=INFO msg="Network worker Deployment reconciled" controller=ciscodevice controllerGroup=cisco.vk controllerKind=CiscoDevice CiscoDevice.name=cat9k-live CiscoDevice.namespace=cvk-live namespace=cvk-live name=cat9k-live reconcileID=59420b04-ebc6-4068-82ef-52de55e9ef20 name=u6afd6bd0-284d-4ee2-a6e4-638ca07976b4-network operation=unchanged
time=2026-10-01T23:14:53.578Z level=INFO msg="ConfigMap reconciled" controller=ciscodevice controllerGroup=cisco.vk controllerKind=CiscoDevice CiscoDevice.name=cat9k-lab-101 CiscoDevice.namespace=cvk-live namespace=cvk-live name=cat9k-lab-101 reconcileID=c695f77d-6b47-43f6-9f58-11f2c069df44 name=cat9k-lab-101-config operation=unchanged
time=2026-10-01T23:14:53.749Z level=INFO msg="Deployment reconciled" controller=ciscodevice controllerGroup=cisco.vk controllerKind=CiscoDevice CiscoDevice.name=cat9k-lab-101 CiscoDevice.namespace=cvk-live namespace=cvk-live name=cat9k-lab-101 reconcileID=c695f77d-6b47-43f6-9f58-11f2c069df44 name=cat9k-lab-101-vk operation=unchanged
time=2026-10-01T23:14:53.751Z level=INFO msg="Network worker Deployment reconciled" controller=ciscodevice controllerGroup=cisco.vk controllerKind=CiscoDevice CiscoDevice.name=cat9k-lab-101 CiscoDevice.namespace=cvk-live namespace=cvk-live name=cat9k-lab-101 reconcileID=c695f77d-6b47-43f6-9f58-11f2c069df44 name=u20f3e68e-b127-4f2e-9a36-b66945135051-network operation=unchanged
time=2026-10-01T23:15:06.011Z level=INFO msg="ConfigMap reconciled" controller=ciscodevice controllerGroup=cisco.vk controllerKind=CiscoDevice CiscoDevice.name=cat9k-lab-103 CiscoDevice.namespace=cvk-live namespace=cvk-live name=cat9k-lab-103 reconcileID=391ce148-0760-4a6a-9b6d-daeed588405f name=cat9k-lab-103-config operation=unchanged
time=2026-10-01T23:15:06.864Z level=INFO msg="Deployment reconciled" controller=ciscodevice controllerGroup=cisco.vk controllerKind=CiscoDevice CiscoDevice.name=cat9k-lab-103 CiscoDevice.namespace=cvk-live namespace=cvk-live name=cat9k-lab-103 reconcileID=391ce148-0760-4a6a-9b6d-daeed588405f name=cat9k-lab-103-vk operation=unchanged
time=2026-10-01T23:15:06.866Z level=INFO msg="Network worker Deployment reconciled" controller=ciscodevice controllerGroup=cisco.vk controllerKind=CiscoDevice CiscoDevice.name=cat9k-lab-103 CiscoDevice.namespace=cvk-live namespace=cvk-live name=cat9k-lab-103 reconcileID=391ce148-0760-4a6a-9b6d-daeed588405f name=u782dc4b2-7e43-4188-8436-87633f0bf4fb-network operation=unchanged
time=2026-10-01T23:15:13.660Z level=INFO msg="ConfigMap reconciled" controller=ciscodevice controllerGroup=cisco.vk controllerKind=CiscoDevice CiscoDevice.name=cat9k-live CiscoDevice.namespace=cvk-live namespace=cvk-live name=cat9k-live reconcileID=3d7dafae-a307-463d-b719-4308cd31c72f name=cat9k-live-config operation=unchanged
time=2026-10-01T23:15:13.893Z level=INFO msg="Deployment reconciled" controller=ciscodevice controllerGroup=cisco.vk controllerKind=CiscoDevice CiscoDevice.name=cat9k-live CiscoDevice.namespace=cvk-live namespace=cvk-live name=cat9k-live reconcileID=3d7dafae-a307-463d-b719-4308cd31c72f name=cat9k-live-vk operation=unchanged
time=2026-10-01T23:15:13.895Z level=INFO msg="Network worker Deployment reconciled" controller=ciscodevice controllerGroup=cisco.vk controllerKind=CiscoDevice CiscoDevice.name=cat9k-live CiscoDevice.namespace=cvk-live namespace=cvk-live name=cat9k-live reconcileID=3d7dafae-a307-463d-b719-4308cd31c72f name=u6afd6bd0-284d-4ee2-a6e4-638ca07976b4-network operation=unchanged
time=2026-10-01T23:15:22.656Z level=INFO msg="ConfigMap reconciled" controller=ciscodevice controllerGroup=cisco.vk controllerKind=CiscoDevice CiscoDevice.name=cat9k-lab-101 CiscoDevice.namespace=cvk-live namespace=cvk-live name=cat9k-lab-101 reconcileID=ecee906b-4f44-482d-9d3a-560453c843aa name=cat9k-lab-101-config operation=unchanged
time=2026-10-01T23:15:22.944Z level=INFO msg="Deployment reconciled" controller=ciscodevice controllerGroup=cisco.vk controllerKind=CiscoDevice CiscoDevice.name=cat9k-lab-101 CiscoDevice.namespace=cvk-live namespace=cvk-live name=cat9k-lab-101 reconcileID=ecee906b-4f44-482d-9d3a-560453c843aa name=cat9k-lab-101-vk operation=unchanged
time=2026-10-01T23:15:22.946Z level=INFO msg="Network worker Deployment reconciled" controller=ciscodevice controllerGroup=cisco.vk controllerKind=CiscoDevice CiscoDevice.name=cat9k-lab-101 CiscoDevice.namespace=cvk-live namespace=cvk-live name=cat9k-lab-101 reconcileID=ecee906b-4f44-482d-9d3a-560453c843aa name=u20f3e68e-b127-4f2e-9a36-b66945135051-network operation=unchanged
time=2026-10-01T23:15:28.704Z level=INFO msg="ConfigMap reconciled" controller=ciscodevice controllerGroup=cisco.vk controllerKind=CiscoDevice CiscoDevice.name=cat9k-lab-103 CiscoDevice.namespace=cvk-live namespace=cvk-live name=cat9k-lab-103 reconcileID=fb3f39c4-79bf-4644-9bf2-4152b2f2d08f name=cat9k-lab-103-config operation=unchanged
time=2026-10-01T23:15:29.891Z level=INFO msg="Deployment reconciled" controller=ciscodevice controllerGroup=cisco.vk controllerKind=CiscoDevice CiscoDevice.name=cat9k-lab-103 CiscoDevice.namespace=cvk-live namespace=cvk-live name=cat9k-lab-103 reconcileID=fb3f39c4-79bf-4644-9bf2-4152b2f2d08f name=cat9k-lab-103-vk operation=unchanged
time=2026-10-01T23:15:29.893Z level=INFO msg="Network worker Deployment reconciled" controller=ciscodevice controllerGroup=cisco.vk controllerKind=CiscoDevice CiscoDevice.name=cat9k-lab-103 CiscoDevice.namespace=cvk-live namespace=cvk-live name=cat9k-lab-103 reconcileID=fb3f39c4-79bf-4644-9bf2-4152b2f2d08f name=u782dc4b2-7e43-4188-8436-87633f0bf4fb-network operation=unchanged
time=2026-10-01T23:15:37.988Z level=INFO msg="ConfigMap reconciled" controller=ciscodevice controllerGroup=cisco.vk controllerKind=CiscoDevice CiscoDevice.name=cat9k-live CiscoDevice.namespace=cvk-live namespace=cvk-live name=cat9k-live reconcileID=ffe606f9-c46a-418c-ad8f-55c4774cda64 name=cat9k-live-config operation=unchanged
time=2026-10-01T23:15:38.745Z level=INFO msg="Deployment reconciled" controller=ciscodevice controllerGroup=cisco.vk controllerKind=CiscoDevice CiscoDevice.name=cat9k-live CiscoDevice.namespace=cvk-live namespace=cvk-live name=cat9k-live reconcileID=ffe606f9-c46a-418c-ad8f-55c4774cda64 name=cat9k-live-vk operation=unchanged
time=2026-10-01T23:15:38.747Z level=INFO msg="Network worker Deployment reconciled" controller=ciscodevice controllerGroup=cisco.vk controllerKind=CiscoDevice CiscoDevice.name=cat9k-live CiscoDevice.namespace=cvk-live namespace=cvk-live name=cat9k-live reconcileID=ffe606f9-c46a-418c-ad8f-55c4774cda64 name=u6afd6bd0-284d-4ee2-a6e4-638ca07976b4-network operation=unchanged
time=2026-10-01T23:15:46.555Z level=INFO msg="ConfigMap reconciled" controller=ciscodevice controllerGroup=cisco.vk controllerKind=CiscoDevice CiscoDevice.name=cat9k-lab-101 CiscoDevice.namespace=cvk-live namespace=cvk-live name=cat9k-lab-101 reconcileID=bd377491-6806-4456-bca3-1ee84f19dec0 name=cat9k-lab-101-config operation=unchanged
time=2026-10-01T23:15:46.886Z level=INFO msg="Deployment reconciled" controller=ciscodevice controllerGroup=cisco.vk controllerKind=CiscoDevice CiscoDevice.name=cat9k-lab-101 CiscoDevice.namespace=cvk-live namespace=cvk-live name=cat9k-lab-101 reconcileID=bd377491-6806-4456-bca3-1ee84f19dec0 name=cat9k-lab-101-vk operation=unchanged
time=2026-10-01T23:15:46.889Z level=INFO msg="Network worker Deployment reconciled" controller=ciscodevice controllerGroup=cisco.vk controllerKind=CiscoDevice CiscoDevice.name=cat9k-lab-101 CiscoDevice.namespace=cvk-live namespace=cvk-live name=cat9k-lab-101 reconcileID=bd377491-6806-4456-bca3-1ee84f19dec0 name=u20f3e68e-b127-4f2e-9a36-b66945135051-network operation=unchanged
time=2026-10-01T23:15:53.515Z level=INFO msg="ConfigMap reconciled" controller=ciscodevice controllerGroup=cisco.vk controllerKind=CiscoDevice CiscoDevice.name=cat9k-lab-103 CiscoDevice.namespace=cvk-live namespace=cvk-live name=cat9k-lab-103 reconcileID=7b304a40-5558-4acb-bef0-ad8f1d9876b3 name=cat9k-lab-103-config operation=unchanged
time=2026-10-01T23:15:53.846Z level=INFO msg="Deployment reconciled" controller=ciscodevice controllerGroup=cisco.vk controllerKind=CiscoDevice CiscoDevice.name=cat9k-lab-103 CiscoDevice.namespace=cvk-live namespace=cvk-live name=cat9k-lab-103 reconcileID=7b304a40-5558-4acb-bef0-ad8f1d9876b3 name=cat9k-lab-103-vk operation=unchanged
time=2026-10-01T23:15:53.848Z level=INFO msg="Network worker Deployment reconciled" controller=ciscodevice controllerGroup=cisco.vk controllerKind=CiscoDevice CiscoDevice.name=cat9k-lab-103 CiscoDevice.namespace=cvk-live namespace=cvk-live name=cat9k-lab-103 reconcileID=7b304a40-5558-4acb-bef0-ad8f1d9876b3 name=u782dc4b2-7e43-4188-8436-87633f0bf4fb-network operation=unchanged
time=2026-10-01T23:16:03.493Z level=INFO msg="ConfigMap reconciled" controller=ciscodevice controllerGroup=cisco.vk controllerKind=CiscoDevice CiscoDevice.name=cat9k-live CiscoDevice.namespace=cvk-live namespace=cvk-live name=cat9k-live reconcileID=719d1157-86a2-46f5-845b-f2b733f5a756 name=cat9k-live-config operation=unchanged
time=2026-10-01T23:16:03.833Z level=INFO msg="Deployment reconciled" controller=ciscodevice controllerGroup=cisco.vk controllerKind=CiscoDevice CiscoDevice.name=cat9k-live CiscoDevice.namespace=cvk-live namespace=cvk-live name=cat9k-live reconcileID=719d1157-86a2-46f5-845b-f2b733f5a756 name=cat9k-live-vk operation=unchanged
time=2026-10-01T23:16:03.835Z level=INFO msg="Network worker Deployment reconciled" controller=ciscodevice controllerGroup=cisco.vk controllerKind=CiscoDevice CiscoDevice.name=cat9k-live CiscoDevice.namespace=cvk-live namespace=cvk-live name=cat9k-live reconcileID=719d1157-86a2-46f5-845b-f2b733f5a756 name=u6afd6bd0-284d-4ee2-a6e4-638ca07976b4-network operation=unchanged
time=2026-10-01T23:16:10.315Z level=INFO msg="ConfigMap reconciled" controller=ciscodevice controllerGroup=cisco.vk controllerKind=CiscoDevice CiscoDevice.name=cat9k-lab-101 CiscoDevice.namespace=cvk-live namespace=cvk-live name=cat9k-lab-101 reconcileID=3e3f2f31-b4ae-40f3-a13b-1e5938815d10 name=cat9k-lab-101-config operation=unchanged
time=2026-10-01T23:16:10.872Z level=INFO msg="Deployment reconciled" controller=ciscodevice controllerGroup=cisco.vk controllerKind=CiscoDevice CiscoDevice.name=cat9k-lab-101 CiscoDevice.namespace=cvk-live namespace=cvk-live name=cat9k-lab-101 reconcileID=3e3f2f31-b4ae-40f3-a13b-1e5938815d10 name=cat9k-lab-101-vk operation=unchanged
time=2026-10-01T23:16:10.876Z level=INFO msg="Network worker Deployment reconciled" controller=ciscodevice controllerGroup=cisco.vk controllerKind=CiscoDevice CiscoDevice.name=cat9k-lab-101 CiscoDevice.namespace=cvk-live namespace=cvk-live name=cat9k-lab-101 reconcileID=3e3f2f31-b4ae-40f3-a13b-1e5938815d10 name=u20f3e68e-b127-4f2e-9a36-b66945135051-network operation=unchanged
time=2026-10-01T23:16:16.183Z level=INFO msg="ConfigMap reconciled" controller=ciscodevice controllerGroup=cisco.vk controllerKind=CiscoDevice CiscoDevice.name=cat9k-lab-103 CiscoDevice.namespace=cvk-live namespace=cvk-live name=cat9k-lab-103 reconcileID=94226e66-b2ec-4825-a053-352c112d38b0 name=cat9k-lab-103-config operation=unchanged
time=2026-10-01T23:16:16.810Z level=INFO msg="Deployment reconciled" controller=ciscodevice controllerGroup=cisco.vk controllerKind=CiscoDevice CiscoDevice.name=cat9k-lab-103 CiscoDevice.namespace=cvk-live namespace=cvk-live name=cat9k-lab-103 reconcileID=94226e66-b2ec-4825-a053-352c112d38b0 name=cat9k-lab-103-vk operation=unchanged
time=2026-10-01T23:16:16.812Z level=INFO msg="Network worker Deployment reconciled" controller=ciscodevice controllerGroup=cisco.vk controllerKind=CiscoDevice CiscoDevice.name=cat9k-lab-103 CiscoDevice.namespace=cvk-live namespace=cvk-live name=cat9k-lab-103 reconcileID=94226e66-b2ec-4825-a053-352c112d38b0 name=u782dc4b2-7e43-4188-8436-87633f0bf4fb-network operation=unchanged
time=2026-10-01T23:16:24.403Z level=INFO msg="ConfigMap reconciled" controller=ciscodevice controllerGroup=cisco.vk controllerKind=CiscoDevice CiscoDevice.name=cat9k-live CiscoDevice.namespace=cvk-live namespace=cvk-live name=cat9k-live reconcileID=a649f70f-db02-498c-ada9-161be2d0eed8 name=cat9k-live-config operation=unchanged
time=2026-10-01T23:16:24.794Z level=INFO msg="Deployment reconciled" controller=ciscodevice controllerGroup=cisco.vk controllerKind=CiscoDevice CiscoDevice.name=cat9k-live CiscoDevice.namespace=cvk-live namespace=cvk-live name=cat9k-live reconcileID=a649f70f-db02-498c-ada9-161be2d0eed8 name=cat9k-live-vk operation=unchanged
time=2026-10-01T23:16:24.797Z level=INFO msg="Network worker Deployment reconciled" controller=ciscodevice controllerGroup=cisco.vk controllerKind=CiscoDevice CiscoDevice.name=cat9k-live CiscoDevice.namespace=cvk-live namespace=cvk-live name=cat9k-live reconcileID=a649f70f-db02-498c-ada9-161be2d0eed8 name=u6afd6bd0-284d-4ee2-a6e4-638ca07976b4-network operation=unchanged
time=2026-10-01T23:16:29.914Z level=INFO msg="ConfigMap reconciled" controller=ciscodevice controllerGroup=cisco.vk controllerKind=CiscoDevice CiscoDevice.name=cat9k-lab-101 CiscoDevice.namespace=cvk-live namespace=cvk-live name=cat9k-lab-101 reconcileID=65a6d5e9-4849-4bf3-95e2-104c39eb78e4 name=cat9k-lab-101-config operation=unchanged
time=2026-10-01T23:16:30.827Z level=INFO msg="Deployment reconciled" controller=ciscodevice controllerGroup=cisco.vk controllerKind=CiscoDevice CiscoDevice.name=cat9k-lab-101 CiscoDevice.namespace=cvk-live namespace=cvk-live name=cat9k-lab-101 reconcileID=65a6d5e9-4849-4bf3-95e2-104c39eb78e4 name=cat9k-lab-101-vk operation=unchanged
time=2026-10-01T23:16:30.830Z level=INFO msg="Network worker Deployment reconciled" controller=ciscodevice controllerGroup=cisco.vk controllerKind=CiscoDevice CiscoDevice.name=cat9k-lab-101 CiscoDevice.namespace=cvk-live namespace=cvk-live name=cat9k-lab-101 reconcileID=65a6d5e9-4849-4bf3-95e2-104c39eb78e4 name=u20f3e68e-b127-4f2e-9a36-b66945135051-network operation=unchanged
time=2026-10-01T23:16:37.866Z level=INFO msg="ConfigMap reconciled" controller=ciscodevice controllerGroup=cisco.vk controllerKind=CiscoDevice CiscoDevice.name=cat9k-lab-103 CiscoDevice.namespace=cvk-live namespace=cvk-live name=cat9k-lab-103 reconcileID=1f8ca68f-c3e9-43e4-8d15-9b0d1d141bac name=cat9k-lab-103-config operation=unchanged
time=2026-10-01T23:16:38.686Z level=INFO msg="Deployment reconciled" controller=ciscodevice controllerGroup=cisco.vk controllerKind=CiscoDevice CiscoDevice.name=cat9k-lab-103 CiscoDevice.namespace=cvk-live namespace=cvk-live name=cat9k-lab-103 reconcileID=1f8ca68f-c3e9-43e4-8d15-9b0d1d141bac name=cat9k-lab-103-vk operation=unchanged
time=2026-10-01T23:16:38.688Z level=INFO msg="Network worker Deployment reconciled" controller=ciscodevice controllerGroup=cisco.vk controllerKind=CiscoDevice CiscoDevice.name=cat9k-lab-103 CiscoDevice.namespace=cvk-live namespace=cvk-live name=cat9k-lab-103 reconcileID=1f8ca68f-c3e9-43e4-8d15-9b0d1d141bac name=u782dc4b2-7e43-4188-8436-87633f0bf4fb-network operation=unchanged
time=2026-10-01T23:16:44.853Z level=INFO msg="ConfigMap reconciled" controller=ciscodevice controllerGroup=cisco.vk controllerKind=CiscoDevice CiscoDevice.name=cat9k-live CiscoDevice.namespace=cvk-live namespace=cvk-live name=cat9k-live reconcileID=4bcb863b-a7e7-4d36-86f4-6d1ddd6479ed name=cat9k-live-config operation=unchanged
time=2026-10-01T23:16:46.696Z level=INFO msg="Deployment reconciled" controller=ciscodevice controllerGroup=cisco.vk controllerKind=CiscoDevice CiscoDevice.name=cat9k-live CiscoDevice.namespace=cvk-live namespace=cvk-live name=cat9k-live reconcileID=4bcb863b-a7e7-4d36-86f4-6d1ddd6479ed name=cat9k-live-vk operation=unchanged
time=2026-10-01T23:16:46.701Z level=INFO msg="Network worker Deployment reconciled" controller=ciscodevice controllerGroup=cisco.vk controllerKind=CiscoDevice CiscoDevice.name=cat9k-live CiscoDevice.namespace=cvk-live namespace=cvk-live name=cat9k-live reconcileID=4bcb863b-a7e7-4d36-86f4-6d1ddd6479ed name=u6afd6bd0-284d-4ee2-a6e4-638ca07976b4-network operation=unchanged
time=2026-10-01T23:16:54.732Z level=INFO msg="ConfigMap reconciled" controller=ciscodevice controllerGroup=cisco.vk controllerKind=CiscoDevice CiscoDevice.name=cat9k-lab-101 CiscoDevice.namespace=cvk-live namespace=cvk-live name=cat9k-lab-101 reconcileID=1c4c561c-d5bf-4b02-8244-fdefdc6bb4ce name=cat9k-lab-101-config operation=unchanged
time=2026-10-01T23:16:56.679Z level=INFO msg="Deployment reconciled" controller=ciscodevice controllerGroup=cisco.vk controllerKind=CiscoDevice CiscoDevice.name=cat9k-lab-101 CiscoDevice.namespace=cvk-live namespace=cvk-live name=cat9k-lab-101 reconcileID=1c4c561c-d5bf-4b02-8244-fdefdc6bb4ce name=cat9k-lab-101-vk operation=unchanged
time=2026-10-01T23:16:56.684Z level=INFO msg="Network worker Deployment reconciled" controller=ciscodevice controllerGroup=cisco.vk controllerKind=CiscoDevice CiscoDevice.name=cat9k-lab-101 CiscoDevice.namespace=cvk-live namespace=cvk-live name=cat9k-lab-101 reconcileID=1c4c561c-d5bf-4b02-8244-fdefdc6bb4ce name=u20f3e68e-b127-4f2e-9a36-b66945135051-network operation=unchanged
time=2026-10-01T23:17:04.039Z level=INFO msg="ConfigMap reconciled" controller=ciscodevice controllerGroup=cisco.vk controllerKind=CiscoDevice CiscoDevice.name=cat9k-lab-103 CiscoDevice.namespace=cvk-live namespace=cvk-live name=cat9k-lab-103 reconcileID=fed82039-f6cf-4f83-ad4b-588278cc1fe6 name=cat9k-lab-103-config operation=unchanged
time=2026-10-01T23:17:04.753Z level=INFO msg="Deployment reconciled" controller=ciscodevice controllerGroup=cisco.vk controllerKind=CiscoDevice CiscoDevice.name=cat9k-lab-103 CiscoDevice.namespace=cvk-live namespace=cvk-live name=cat9k-lab-103 reconcileID=fed82039-f6cf-4f83-ad4b-588278cc1fe6 name=cat9k-lab-103-vk operation=unchanged
time=2026-10-01T23:17:04.759Z level=INFO msg="Network worker Deployment reconciled" controller=ciscodevice controllerGroup=cisco.vk controllerKind=CiscoDevice CiscoDevice.name=cat9k-lab-103 CiscoDevice.namespace=cvk-live namespace=cvk-live name=cat9k-lab-103 reconcileID=fed82039-f6cf-4f83-ad4b-588278cc1fe6 name=u782dc4b2-7e43-4188-8436-87633f0bf4fb-network operation=unchanged
time=2026-10-01T23:17:14.203Z level=INFO msg="ConfigMap reconciled" controller=ciscodevice controllerGroup=cisco.vk controllerKind=CiscoDevice CiscoDevice.name=cat9k-live CiscoDevice.namespace=cvk-live namespace=cvk-live name=cat9k-live reconcileID=b936ee52-7725-4444-9696-5607b0bc62ff name=cat9k-live-config operation=unchanged
time=2026-10-01T23:17:14.854Z level=INFO msg="Deployment reconciled" controller=ciscodevice controllerGroup=cisco.vk controllerKind=CiscoDevice CiscoDevice.name=cat9k-live CiscoDevice.namespace=cvk-live namespace=cvk-live name=cat9k-live reconcileID=b936ee52-7725-4444-9696-5607b0bc62ff name=cat9k-live-vk operation=unchanged
time=2026-10-01T23:17:14.860Z level=INFO msg="Network worker Deployment reconciled" controller=ciscodevice controllerGroup=cisco.vk controllerKind=CiscoDevice CiscoDevice.name=cat9k-live CiscoDevice.namespace=cvk-live namespace=cvk-live name=cat9k-live reconcileID=b936ee52-7725-4444-9696-5607b0bc62ff name=u6afd6bd0-284d-4ee2-a6e4-638ca07976b4-network operation=unchanged
time=2026-10-01T23:17:21.417Z level=INFO msg="ConfigMap reconciled" controller=ciscodevice controllerGroup=cisco.vk controllerKind=CiscoDevice CiscoDevice.name=cat9k-lab-101 CiscoDevice.namespace=cvk-live namespace=cvk-live name=cat9k-lab-101 reconcileID=f2a31e02-c734-4e89-b591-c30caf935ac3 name=cat9k-lab-101-config operation=unchanged
time=2026-10-01T23:17:21.791Z level=INFO msg="Deployment reconciled" controller=ciscodevice controllerGroup=cisco.vk controllerKind=CiscoDevice CiscoDevice.name=cat9k-lab-101 CiscoDevice.namespace=cvk-live namespace=cvk-live name=cat9k-lab-101 reconcileID=f2a31e02-c734-4e89-b591-c30caf935ac3 name=cat9k-lab-101-vk operation=unchanged
time=2026-10-01T23:17:21.794Z level=INFO msg="Network worker Deployment reconciled" controller=ciscodevice controllerGroup=cisco.vk controllerKind=CiscoDevice CiscoDevice.name=cat9k-lab-101 CiscoDevice.namespace=cvk-live namespace=cvk-live name=cat9k-lab-101 reconcileID=f2a31e02-c734-4e89-b591-c30caf935ac3 name=u20f3e68e-b127-4f2e-9a36-b66945135051-network operation=unchanged
time=2026-10-01T23:17:37.472Z level=INFO msg="ConfigMap reconciled" controller=ciscodevice controllerGroup=cisco.vk controllerKind=CiscoDevice CiscoDevice.name=cat9k-lab-103 CiscoDevice.namespace=cvk-live namespace=cvk-live name=cat9k-lab-103 reconcileID=3337dc78-d438-4a7c-84f7-d809397eed47 name=cat9k-lab-103-config operation=unchanged
time=2026-10-01T23:17:37.830Z level=INFO msg="Deployment reconciled" controller=ciscodevice controllerGroup=cisco.vk controllerKind=CiscoDevice CiscoDevice.name=cat9k-lab-103 CiscoDevice.namespace=cvk-live namespace=cvk-live name=cat9k-lab-103 reconcileID=3337dc78-d438-4a7c-84f7-d809397eed47 name=cat9k-lab-103-vk operation=unchanged
time=2026-10-01T23:17:37.832Z level=INFO msg="Network worker Deployment reconciled" controller=ciscodevice controllerGroup=cisco.vk controllerKind=CiscoDevice CiscoDevice.name=cat9k-lab-103 CiscoDevice.namespace=cvk-live namespace=cvk-live name=cat9k-lab-103 reconcileID=3337dc78-d438-4a7c-84f7-d809397eed47 name=u782dc4b2-7e43-4188-8436-87633f0bf4fb-network operation=unchanged
time=2026-10-01T23:17:49.161Z level=INFO msg="ConfigMap reconciled" controller=ciscodevice controllerGroup=cisco.vk controllerKind=CiscoDevice CiscoDevice.name=cat9k-live CiscoDevice.namespace=cvk-live namespace=cvk-live name=cat9k-live reconcileID=0411232e-7387-44ac-9a6a-8173d1d05499 name=cat9k-live-config operation=unchanged
time=2026-10-01T23:17:49.864Z level=INFO msg="Deployment reconciled" controller=ciscodevice controllerGroup=cisco.vk controllerKind=CiscoDevice CiscoDevice.name=cat9k-live CiscoDevice.namespace=cvk-live namespace=cvk-live name=cat9k-live reconcileID=0411232e-7387-44ac-9a6a-8173d1d05499 name=cat9k-live-vk operation=unchanged
time=2026-10-01T23:17:49.867Z level=INFO msg="Network worker Deployment reconciled" controller=ciscodevice controllerGroup=cisco.vk controllerKind=CiscoDevice CiscoDevice.name=cat9k-live CiscoDevice.namespace=cvk-live namespace=cvk-live name=cat9k-live reconcileID=0411232e-7387-44ac-9a6a-8173d1d05499 name=u6afd6bd0-284d-4ee2-a6e4-638ca07976b4-network operation=unchanged
time=2026-10-01T23:17:57.644Z level=INFO msg="ConfigMap reconciled" controller=ciscodevice controllerGroup=cisco.vk controllerKind=CiscoDevice CiscoDevice.name=cat9k-lab-101 CiscoDevice.namespace=cvk-live namespace=cvk-live name=cat9k-lab-101 reconcileID=23686009-4447-4913-bee2-92a5fa8b5d28 name=cat9k-lab-101-config operation=unchanged
time=2026-10-01T23:17:57.937Z level=INFO msg="Deployment reconciled" controller=ciscodevice controllerGroup=cisco.vk controllerKind=CiscoDevice CiscoDevice.name=cat9k-lab-101 CiscoDevice.namespace=cvk-live namespace=cvk-live name=cat9k-lab-101 reconcileID=23686009-4447-4913-bee2-92a5fa8b5d28 name=cat9k-lab-101-vk operation=unchanged
time=2026-10-01T23:17:57.941Z level=INFO msg="Network worker Deployment reconciled" controller=ciscodevice controllerGroup=cisco.vk controllerKind=CiscoDevice CiscoDevice.name=cat9k-lab-101 CiscoDevice.namespace=cvk-live namespace=cvk-live name=cat9k-lab-101 reconcileID=23686009-4447-4913-bee2-92a5fa8b5d28 name=u20f3e68e-b127-4f2e-9a36-b66945135051-network operation=unchanged
time=2026-10-01T23:18:07.170Z level=INFO msg="ConfigMap reconciled" controller=ciscodevice controllerGroup=cisco.vk controllerKind=CiscoDevice CiscoDevice.name=cat9k-lab-103 CiscoDevice.namespace=cvk-live namespace=cvk-live name=cat9k-lab-103 reconcileID=378fd58e-7940-4012-bb9c-48df74130a35 name=cat9k-lab-103-config operation=unchanged
time=2026-10-01T23:18:08.196Z level=INFO msg="Deployment reconciled" controller=ciscodevice controllerGroup=cisco.vk controllerKind=CiscoDevice CiscoDevice.name=cat9k-lab-103 CiscoDevice.namespace=cvk-live namespace=cvk-live name=cat9k-lab-103 reconcileID=378fd58e-7940-4012-bb9c-48df74130a35 name=cat9k-lab-103-vk operation=unchanged
time=2026-10-01T23:18:08.200Z level=INFO msg="Network worker Deployment reconciled" controller=ciscodevice controllerGroup=cisco.vk controllerKind=CiscoDevice CiscoDevice.name=cat9k-lab-103 CiscoDevice.namespace=cvk-live namespace=cvk-live name=cat9k-lab-103 reconcileID=378fd58e-7940-4012-bb9c-48df74130a35 name=u782dc4b2-7e43-4188-8436-87633f0bf4fb-network operation=unchanged
time=2026-10-01T23:18:18.778Z level=INFO msg="ConfigMap reconciled" controller=ciscodevice controllerGroup=cisco.vk controllerKind=CiscoDevice CiscoDevice.name=cat9k-live CiscoDevice.namespace=cvk-live namespace=cvk-live name=cat9k-live reconcileID=0eac4788-a1d2-49bf-85eb-425c5536e798 name=cat9k-live-config operation=unchanged
time=2026-10-01T23:18:19.903Z level=INFO msg="Deployment reconciled" controller=ciscodevice controllerGroup=cisco.vk controllerKind=CiscoDevice CiscoDevice.name=cat9k-live CiscoDevice.namespace=cvk-live namespace=cvk-live name=cat9k-live reconcileID=0eac4788-a1d2-49bf-85eb-425c5536e798 name=cat9k-live-vk operation=unchanged
time=2026-10-01T23:18:19.909Z level=INFO msg="Network worker Deployment reconciled" controller=ciscodevice controllerGroup=cisco.vk controllerKind=CiscoDevice CiscoDevice.name=cat9k-live CiscoDevice.namespace=cvk-live namespace=cvk-live name=cat9k-live reconcileID=0eac4788-a1d2-49bf-85eb-425c5536e798 name=u6afd6bd0-284d-4ee2-a6e4-638ca07976b4-network operation=unchanged
time=2026-10-01T23:18:27.345Z level=INFO msg="ConfigMap reconciled" controller=ciscodevice controllerGroup=cisco.vk controllerKind=CiscoDevice CiscoDevice.name=cat9k-lab-101 CiscoDevice.namespace=cvk-live namespace=cvk-live name=cat9k-lab-101 reconcileID=65430f82-7f5f-43e7-af25-dbb28914bf61 name=cat9k-lab-101-config operation=unchanged
time=2026-10-01T23:18:27.858Z level=INFO msg="Deployment reconciled" controller=ciscodevice controllerGroup=cisco.vk controllerKind=CiscoDevice CiscoDevice.name=cat9k-lab-101 CiscoDevice.namespace=cvk-live namespace=cvk-live name=cat9k-lab-101 reconcileID=65430f82-7f5f-43e7-af25-dbb28914bf61 name=cat9k-lab-101-vk operation=unchanged
time=2026-10-01T23:18:27.861Z level=INFO msg="Network worker Deployment reconciled" controller=ciscodevice controllerGroup=cisco.vk controllerKind=CiscoDevice CiscoDevice.name=cat9k-lab-101 CiscoDevice.namespace=cvk-live namespace=cvk-live name=cat9k-lab-101 reconcileID=65430f82-7f5f-43e7-af25-dbb28914bf61 name=u20f3e68e-b127-4f2e-9a36-b66945135051-network operation=unchanged
time=2026-10-01T23:18:36.659Z level=INFO msg="ConfigMap reconciled" controller=ciscodevice controllerGroup=cisco.vk controllerKind=CiscoDevice CiscoDevice.name=cat9k-lab-103 CiscoDevice.namespace=cvk-live namespace=cvk-live name=cat9k-lab-103 reconcileID=65d94a52-380d-4bf0-aad6-6666a9d923cc name=cat9k-lab-103-config operation=unchanged
time=2026-10-01T23:18:37.673Z level=INFO msg="Deployment reconciled" controller=ciscodevice controllerGroup=cisco.vk controllerKind=CiscoDevice CiscoDevice.name=cat9k-lab-103 CiscoDevice.namespace=cvk-live namespace=cvk-live name=cat9k-lab-103 reconcileID=65d94a52-380d-4bf0-aad6-6666a9d923cc name=cat9k-lab-103-vk operation=unchanged
time=2026-10-01T23:18:37.676Z level=INFO msg="Network worker Deployment reconciled" controller=ciscodevice controllerGroup=cisco.vk controllerKind=CiscoDevice CiscoDevice.name=cat9k-lab-103 CiscoDevice.namespace=cvk-live namespace=cvk-live name=cat9k-lab-103 reconcileID=65d94a52-380d-4bf0-aad6-6666a9d923cc name=u782dc4b2-7e43-4188-8436-87633f0bf4fb-network operation=unchanged
time=2026-10-01T23:18:45.596Z level=INFO msg="ConfigMap reconciled" controller=ciscodevice controllerGroup=cisco.vk controllerKind=CiscoDevice CiscoDevice.name=cat9k-live CiscoDevice.namespace=cvk-live namespace=cvk-live name=cat9k-live reconcileID=d94b3630-7856-47fa-ae87-867c7146b030 name=cat9k-live-config operation=unchanged
time=2026-10-01T23:18:45.886Z level=INFO msg="Deployment reconciled" controller=ciscodevice controllerGroup=cisco.vk controllerKind=CiscoDevice CiscoDevice.name=cat9k-live CiscoDevice.namespace=cvk-live namespace=cvk-live name=cat9k-live reconcileID=d94b3630-7856-47fa-ae87-867c7146b030 name=cat9k-live-vk operation=unchanged
time=2026-10-01T23:18:45.888Z level=INFO msg="Network worker Deployment reconciled" controller=ciscodevice controllerGroup=cisco.vk controllerKind=CiscoDevice CiscoDevice.name=cat9k-live CiscoDevice.namespace=cvk-live namespace=cvk-live name=cat9k-live reconcileID=d94b3630-7856-47fa-ae87-867c7146b030 name=u6afd6bd0-284d-4ee2-a6e4-638ca07976b4-network operation=unchanged
time=2026-10-01T23:18:51.415Z level=INFO msg="ConfigMap reconciled" controller=ciscodevice controllerGroup=cisco.vk controllerKind=CiscoDevice CiscoDevice.name=cat9k-lab-101 CiscoDevice.namespace=cvk-live namespace=cvk-live name=cat9k-lab-101 reconcileID=5d456306-52c1-47af-aa1d-2f932321ab44 name=cat9k-lab-101-config operation=unchanged
time=2026-10-01T23:18:52.817Z level=INFO msg="Deployment reconciled" controller=ciscodevice controllerGroup=cisco.vk controllerKind=CiscoDevice CiscoDevice.name=cat9k-lab-101 CiscoDevice.namespace=cvk-live namespace=cvk-live name=cat9k-lab-101 reconcileID=5d456306-52c1-47af-aa1d-2f932321ab44 name=cat9k-lab-101-vk operation=unchanged
time=2026-10-01T23:18:52.819Z level=INFO msg="Network worker Deployment reconciled" controller=ciscodevice controllerGroup=cisco.vk controllerKind=CiscoDevice CiscoDevice.name=cat9k-lab-101 CiscoDevice.namespace=cvk-live namespace=cvk-live name=cat9k-lab-101 reconcileID=5d456306-52c1-47af-aa1d-2f932321ab44 name=u20f3e68e-b127-4f2e-9a36-b66945135051-network operation=unchanged
time=2026-10-01T23:18:58.419Z level=INFO msg="ConfigMap reconciled" controller=ciscodevice controllerGroup=cisco.vk controllerKind=CiscoDevice CiscoDevice.name=cat9k-lab-103 CiscoDevice.namespace=cvk-live namespace=cvk-live name=cat9k-lab-103 reconcileID=8a49d5a3-d736-4b5b-a2d5-d2d4d11686f6 name=cat9k-lab-103-config operation=unchanged
time=2026-10-01T23:18:58.864Z level=INFO msg="Deployment reconciled" controller=ciscodevice controllerGroup=cisco.vk controllerKind=CiscoDevice CiscoDevice.name=cat9k-lab-103 CiscoDevice.namespace=cvk-live namespace=cvk-live name=cat9k-lab-103 reconcileID=8a49d5a3-d736-4b5b-a2d5-d2d4d11686f6 name=cat9k-lab-103-vk operation=unchanged
time=2026-10-01T23:18:58.868Z level=INFO msg="Network worker Deployment reconciled" controller=ciscodevice controllerGroup=cisco.vk controllerKind=CiscoDevice CiscoDevice.name=cat9k-lab-103 CiscoDevice.namespace=cvk-live namespace=cvk-live name=cat9k-lab-103 reconcileID=8a49d5a3-d736-4b5b-a2d5-d2d4d11686f6 name=u782dc4b2-7e43-4188-8436-87633f0bf4fb-network operation=unchanged
time=2026-10-01T23:19:05.299Z level=INFO msg="ConfigMap reconciled" controller=ciscodevice controllerGroup=cisco.vk controllerKind=CiscoDevice CiscoDevice.name=cat9k-live CiscoDevice.namespace=cvk-live namespace=cvk-live name=cat9k-live reconcileID=e04e8411-6a63-4248-8b8a-a3a28420d442 name=cat9k-live-config operation=unchanged
time=2026-10-01T23:19:05.790Z level=INFO msg="Deployment reconciled" controller=ciscodevice controllerGroup=cisco.vk controllerKind=CiscoDevice CiscoDevice.name=cat9k-live CiscoDevice.namespace=cvk-live namespace=cvk-live name=cat9k-live reconcileID=e04e8411-6a63-4248-8b8a-a3a28420d442 name=cat9k-live-vk operation=unchanged
time=2026-10-01T23:19:05.797Z level=INFO msg="Network worker Deployment reconciled" controller=ciscodevice controllerGroup=cisco.vk controllerKind=CiscoDevice CiscoDevice.name=cat9k-live CiscoDevice.namespace=cvk-live namespace=cvk-live name=cat9k-live reconcileID=e04e8411-6a63-4248-8b8a-a3a28420d442 name=u6afd6bd0-284d-4ee2-a6e4-638ca07976b4-network operation=unchanged
time=2026-10-01T23:19:11.373Z level=INFO msg="ConfigMap reconciled" controller=ciscodevice controllerGroup=cisco.vk controllerKind=CiscoDevice CiscoDevice.name=cat9k-lab-101 CiscoDevice.namespace=cvk-live namespace=cvk-live name=cat9k-lab-101 reconcileID=3e269d71-f2b9-4de8-9d5d-d0c0ff5d8d23 name=cat9k-lab-101-config operation=unchanged
time=2026-10-01T23:19:11.757Z level=INFO msg="Deployment reconciled" controller=ciscodevice controllerGroup=cisco.vk controllerKind=CiscoDevice CiscoDevice.name=cat9k-lab-101 CiscoDevice.namespace=cvk-live namespace=cvk-live name=cat9k-lab-101 reconcileID=3e269d71-f2b9-4de8-9d5d-d0c0ff5d8d23 name=cat9k-lab-101-vk operation=unchanged
time=2026-10-01T23:19:11.760Z level=INFO msg="Network worker Deployment reconciled" controller=ciscodevice controllerGroup=cisco.vk controllerKind=CiscoDevice CiscoDevice.name=cat9k-lab-101 CiscoDevice.namespace=cvk-live namespace=cvk-live name=cat9k-lab-101 reconcileID=3e269d71-f2b9-4de8-9d5d-d0c0ff5d8d23 name=u20f3e68e-b127-4f2e-9a36-b66945135051-network operation=unchanged
time=2026-10-01T23:19:17.505Z level=INFO msg="ConfigMap reconciled" controller=ciscodevice controllerGroup=cisco.vk controllerKind=CiscoDevice CiscoDevice.name=cat9k-lab-103 CiscoDevice.namespace=cvk-live namespace=cvk-live name=cat9k-lab-103 reconcileID=e2f5d209-3118-41d2-a5d3-db6e802aefb6 name=cat9k-lab-103-config operation=unchanged
time=2026-10-01T23:19:18.701Z level=INFO msg="Deployment reconciled" controller=ciscodevice controllerGroup=cisco.vk controllerKind=CiscoDevice CiscoDevice.name=cat9k-lab-103 CiscoDevice.namespace=cvk-live namespace=cvk-live name=cat9k-lab-103 reconcileID=e2f5d209-3118-41d2-a5d3-db6e802aefb6 name=cat9k-lab-103-vk operation=unchanged
time=2026-10-01T23:19:18.703Z level=INFO msg="Network worker Deployment reconciled" controller=ciscodevice controllerGroup=cisco.vk controllerKind=CiscoDevice CiscoDevice.name=cat9k-lab-103 CiscoDevice.namespace=cvk-live namespace=cvk-live name=cat9k-lab-103 reconcileID=e2f5d209-3118-41d2-a5d3-db6e802aefb6 name=u782dc4b2-7e43-4188-8436-87633f0bf4fb-network operation=unchanged
time=2026-10-01T23:19:28.746Z level=INFO msg="ConfigMap reconciled" controller=ciscodevice controllerGroup=cisco.vk controllerKind=CiscoDevice CiscoDevice.name=cat9k-live CiscoDevice.namespace=cvk-live namespace=cvk-live name=cat9k-live reconcileID=c0ec4480-a68c-46a0-92ab-c5866fa19978 name=cat9k-live-config operation=unchanged
time=2026-10-01T23:19:29.773Z level=INFO msg="Deployment reconciled" controller=ciscodevice controllerGroup=cisco.vk controllerKind=CiscoDevice CiscoDevice.name=cat9k-live CiscoDevice.namespace=cvk-live namespace=cvk-live name=cat9k-live reconcileID=c0ec4480-a68c-46a0-92ab-c5866fa19978 name=cat9k-live-vk operation=unchanged
time=2026-10-01T23:19:29.778Z level=INFO msg="Network worker Deployment reconciled" controller=ciscodevice controllerGroup=cisco.vk controllerKind=CiscoDevice CiscoDevice.name=cat9k-live CiscoDevice.namespace=cvk-live namespace=cvk-live name=cat9k-live reconcileID=c0ec4480-a68c-46a0-92ab-c5866fa19978 name=u6afd6bd0-284d-4ee2-a6e4-638ca07976b4-network operation=unchanged
time=2026-10-01T23:19:35.375Z level=INFO msg="ConfigMap reconciled" controller=ciscodevice controllerGroup=cisco.vk controllerKind=CiscoDevice CiscoDevice.name=cat9k-lab-101 CiscoDevice.namespace=cvk-live namespace=cvk-live name=cat9k-lab-101 reconcileID=84198bf0-1867-431b-8bb8-b1cd203c4964 name=cat9k-lab-101-config operation=unchanged
time=2026-10-01T23:19:35.807Z level=INFO msg="Deployment reconciled" controller=ciscodevice controllerGroup=cisco.vk controllerKind=CiscoDevice CiscoDevice.name=cat9k-lab-101 CiscoDevice.namespace=cvk-live namespace=cvk-live name=cat9k-lab-101 reconcileID=84198bf0-1867-431b-8bb8-b1cd203c4964 name=cat9k-lab-101-vk operation=unchanged
time=2026-10-01T23:19:35.810Z level=INFO msg="Network worker Deployment reconciled" controller=ciscodevice controllerGroup=cisco.vk controllerKind=CiscoDevice CiscoDevice.name=cat9k-lab-101 CiscoDevice.namespace=cvk-live namespace=cvk-live name=cat9k-lab-101 reconcileID=84198bf0-1867-431b-8bb8-b1cd203c4964 name=u20f3e68e-b127-4f2e-9a36-b66945135051-network operation=unchanged
time=2026-10-01T23:19:42.519Z level=INFO msg="ConfigMap reconciled" controller=ciscodevice controllerGroup=cisco.vk controllerKind=CiscoDevice CiscoDevice.name=cat9k-lab-103 CiscoDevice.namespace=cvk-live namespace=cvk-live name=cat9k-lab-103 reconcileID=948d7fba-a410-44c6-aa1c-8c90df671b88 name=cat9k-lab-103-config operation=unchanged
time=2026-10-01T23:19:42.850Z level=INFO msg="Deployment reconciled" controller=ciscodevice controllerGroup=cisco.vk controllerKind=CiscoDevice CiscoDevice.name=cat9k-lab-103 CiscoDevice.namespace=cvk-live namespace=cvk-live name=cat9k-lab-103 reconcileID=948d7fba-a410-44c6-aa1c-8c90df671b88 name=cat9k-lab-103-vk operation=unchanged
time=2026-10-01T23:19:42.854Z level=INFO msg="Network worker Deployment reconciled" controller=ciscodevice controllerGroup=cisco.vk controllerKind=CiscoDevice CiscoDevice.name=cat9k-lab-103 CiscoDevice.namespace=cvk-live namespace=cvk-live name=cat9k-lab-103 reconcileID=948d7fba-a410-44c6-aa1c-8c90df671b88 name=u782dc4b2-7e43-4188-8436-87633f0bf4fb-network operation=unchanged
time=2026-10-01T23:19:47.633Z level=INFO msg="ConfigMap reconciled" controller=ciscodevice controllerGroup=cisco.vk controllerKind=CiscoDevice CiscoDevice.name=cat9k-live CiscoDevice.namespace=cvk-live namespace=cvk-live name=cat9k-live reconcileID=802ec2ca-3067-4fb9-ac80-281dfb80da2c name=cat9k-live-config operation=unchanged
time=2026-10-01T23:19:47.887Z level=INFO msg="Deployment reconciled" controller=ciscodevice controllerGroup=cisco.vk controllerKind=CiscoDevice CiscoDevice.name=cat9k-live CiscoDevice.namespace=cvk-live namespace=cvk-live name=cat9k-live reconcileID=802ec2ca-3067-4fb9-ac80-281dfb80da2c name=cat9k-live-vk operation=unchanged
time=2026-10-01T23:19:47.889Z level=INFO msg="Network worker Deployment reconciled" controller=ciscodevice controllerGroup=cisco.vk controllerKind=CiscoDevice CiscoDevice.name=cat9k-live CiscoDevice.namespace=cvk-live namespace=cvk-live name=cat9k-live reconcileID=802ec2ca-3067-4fb9-ac80-281dfb80da2c name=u6afd6bd0-284d-4ee2-a6e4-638ca07976b4-network operation=unchanged
time=2026-10-01T23:19:56.973Z level=INFO msg="ConfigMap reconciled" controller=ciscodevice controllerGroup=cisco.vk controllerKind=CiscoDevice CiscoDevice.name=cat9k-lab-101 CiscoDevice.namespace=cvk-live namespace=cvk-live name=cat9k-lab-101 reconcileID=e6155233-ca9a-4033-9a51-51987d17000d name=cat9k-lab-101-config operation=unchanged
time=2026-10-01T23:19:57.816Z level=INFO msg="Deployment reconciled" controller=ciscodevice controllerGroup=cisco.vk controllerKind=CiscoDevice CiscoDevice.name=cat9k-lab-101 CiscoDevice.namespace=cvk-live namespace=cvk-live name=cat9k-lab-101 reconcileID=e6155233-ca9a-4033-9a51-51987d17000d name=cat9k-lab-101-vk operation=unchanged
time=2026-10-01T23:19:57.819Z level=INFO msg="Network worker Deployment reconciled" controller=ciscodevice controllerGroup=cisco.vk controllerKind=CiscoDevice CiscoDevice.name=cat9k-lab-101 CiscoDevice.namespace=cvk-live namespace=cvk-live name=cat9k-lab-101 reconcileID=e6155233-ca9a-4033-9a51-51987d17000d name=u20f3e68e-b127-4f2e-9a36-b66945135051-network operation=unchanged
time=2026-10-01T23:20:06.965Z level=INFO msg="ConfigMap reconciled" controller=ciscodevice controllerGroup=cisco.vk controllerKind=CiscoDevice CiscoDevice.name=cat9k-lab-103 CiscoDevice.namespace=cvk-live namespace=cvk-live name=cat9k-lab-103 reconcileID=74929279-f529-4a8a-b551-10a97473beae name=cat9k-lab-103-config operation=unchanged
time=2026-10-01T23:20:07.890Z level=INFO msg="Deployment reconciled" controller=ciscodevice controllerGroup=cisco.vk controllerKind=CiscoDevice CiscoDevice.name=cat9k-lab-103 CiscoDevice.namespace=cvk-live namespace=cvk-live name=cat9k-lab-103 reconcileID=74929279-f529-4a8a-b551-10a97473beae name=cat9k-lab-103-vk operation=unchanged
time=2026-10-01T23:20:07.894Z level=INFO msg="Network worker Deployment reconciled" controller=ciscodevice controllerGroup=cisco.vk controllerKind=CiscoDevice CiscoDevice.name=cat9k-lab-103 CiscoDevice.namespace=cvk-live namespace=cvk-live name=cat9k-lab-103 reconcileID=74929279-f529-4a8a-b551-10a97473beae name=u782dc4b2-7e43-4188-8436-87633f0bf4fb-network operation=unchanged
time=2026-10-01T23:20:17.627Z level=INFO msg="ConfigMap reconciled" controller=ciscodevice controllerGroup=cisco.vk controllerKind=CiscoDevice CiscoDevice.name=cat9k-live CiscoDevice.namespace=cvk-live namespace=cvk-live name=cat9k-live reconcileID=6f5a0a2e-0767-4b6f-b5c6-7604a9131dd7 name=cat9k-live-config operation=unchanged
time=2026-10-01T23:20:17.914Z level=INFO msg="Deployment reconciled" controller=ciscodevice controllerGroup=cisco.vk controllerKind=CiscoDevice CiscoDevice.name=cat9k-live CiscoDevice.namespace=cvk-live namespace=cvk-live name=cat9k-live reconcileID=6f5a0a2e-0767-4b6f-b5c6-7604a9131dd7 name=cat9k-live-vk operation=unchanged
time=2026-10-01T23:20:17.916Z level=INFO msg="Network worker Deployment reconciled" controller=ciscodevice controllerGroup=cisco.vk controllerKind=CiscoDevice CiscoDevice.name=cat9k-live CiscoDevice.namespace=cvk-live namespace=cvk-live name=cat9k-live reconcileID=6f5a0a2e-0767-4b6f-b5c6-7604a9131dd7 name=u6afd6bd0-284d-4ee2-a6e4-638ca07976b4-network operation=unchanged
time=2026-10-01T23:20:27.283Z level=INFO msg="ConfigMap reconciled" controller=ciscodevice controllerGroup=cisco.vk controllerKind=CiscoDevice CiscoDevice.name=cat9k-lab-101 CiscoDevice.namespace=cvk-live namespace=cvk-live name=cat9k-lab-101 reconcileID=ec5e5bd3-ec52-4b23-bfb2-7f14d503c262 name=cat9k-lab-101-config operation=unchanged
time=2026-10-01T23:20:27.828Z level=INFO msg="Deployment reconciled" controller=ciscodevice controllerGroup=cisco.vk controllerKind=CiscoDevice CiscoDevice.name=cat9k-lab-101 CiscoDevice.namespace=cvk-live namespace=cvk-live name=cat9k-lab-101 reconcileID=ec5e5bd3-ec52-4b23-bfb2-7f14d503c262 name=cat9k-lab-101-vk operation=unchanged
time=2026-10-01T23:20:27.831Z level=INFO msg="Network worker Deployment reconciled" controller=ciscodevice controllerGroup=cisco.vk controllerKind=CiscoDevice CiscoDevice.name=cat9k-lab-101 CiscoDevice.namespace=cvk-live namespace=cvk-live name=cat9k-lab-101 reconcileID=ec5e5bd3-ec52-4b23-bfb2-7f14d503c262 name=u20f3e68e-b127-4f2e-9a36-b66945135051-network operation=unchanged
time=2026-10-01T23:20:37.493Z level=INFO msg="ConfigMap reconciled" controller=ciscodevice controllerGroup=cisco.vk controllerKind=CiscoDevice CiscoDevice.name=cat9k-lab-103 CiscoDevice.namespace=cvk-live namespace=cvk-live name=cat9k-lab-103 reconcileID=6ef38db2-a69d-4bcd-b9ee-c0b0bf9eaf6a name=cat9k-lab-103-config operation=unchanged
time=2026-10-01T23:20:38.448Z level=INFO msg="Deployment reconciled" controller=ciscodevice controllerGroup=cisco.vk controllerKind=CiscoDevice CiscoDevice.name=cat9k-lab-103 CiscoDevice.namespace=cvk-live namespace=cvk-live name=cat9k-lab-103 reconcileID=6ef38db2-a69d-4bcd-b9ee-c0b0bf9eaf6a name=cat9k-lab-103-vk operation=unchanged
time=2026-10-01T23:20:38.452Z level=INFO msg="Network worker Deployment reconciled" controller=ciscodevice controllerGroup=cisco.vk controllerKind=CiscoDevice CiscoDevice.name=cat9k-lab-103 CiscoDevice.namespace=cvk-live namespace=cvk-live name=cat9k-lab-103 reconcileID=6ef38db2-a69d-4bcd-b9ee-c0b0bf9eaf6a name=u782dc4b2-7e43-4188-8436-87633f0bf4fb-network operation=unchanged
time=2026-10-01T23:20:49.805Z level=INFO msg="ConfigMap reconciled" controller=ciscodevice controllerGroup=cisco.vk controllerKind=CiscoDevice CiscoDevice.name=cat9k-live CiscoDevice.namespace=cvk-live namespace=cvk-live name=cat9k-live reconcileID=c425907e-feef-4435-9449-402edb97c3d1 name=cat9k-live-config operation=unchanged
time=2026-10-01T23:20:50.827Z level=INFO msg="Deployment reconciled" controller=ciscodevice controllerGroup=cisco.vk controllerKind=CiscoDevice CiscoDevice.name=cat9k-live CiscoDevice.namespace=cvk-live namespace=cvk-live name=cat9k-live reconcileID=c425907e-feef-4435-9449-402edb97c3d1 name=cat9k-live-vk operation=unchanged
time=2026-10-01T23:20:50.829Z level=INFO msg="Network worker Deployment reconciled" controller=ciscodevice controllerGroup=cisco.vk controllerKind=CiscoDevice CiscoDevice.name=cat9k-live CiscoDevice.namespace=cvk-live namespace=cvk-live name=cat9k-live reconcileID=c425907e-feef-4435-9449-402edb97c3d1 name=u6afd6bd0-284d-4ee2-a6e4-638ca07976b4-network operation=unchanged
time=2026-10-01T23:21:02.460Z level=INFO msg="ConfigMap reconciled" controller=ciscodevice controllerGroup=cisco.vk controllerKind=CiscoDevice CiscoDevice.name=cat9k-lab-101 CiscoDevice.namespace=cvk-live namespace=cvk-live name=cat9k-lab-101 reconcileID=2829c852-7916-4791-84f6-b7e5addcca6f name=cat9k-lab-101-config operation=unchanged
time=2026-10-01T23:21:03.673Z level=INFO msg="Deployment reconciled" controller=ciscodevice controllerGroup=cisco.vk controllerKind=CiscoDevice CiscoDevice.name=cat9k-lab-101 CiscoDevice.namespace=cvk-live namespace=cvk-live name=cat9k-lab-101 reconcileID=2829c852-7916-4791-84f6-b7e5addcca6f name=cat9k-lab-101-vk operation=unchanged
time=2026-10-01T23:21:03.675Z level=INFO msg="Network worker Deployment reconciled" controller=ciscodevice controllerGroup=cisco.vk controllerKind=CiscoDevice CiscoDevice.name=cat9k-lab-101 CiscoDevice.namespace=cvk-live namespace=cvk-live name=cat9k-lab-101 reconcileID=2829c852-7916-4791-84f6-b7e5addcca6f name=u20f3e68e-b127-4f2e-9a36-b66945135051-network operation=unchanged
time=2026-10-01T23:21:12.590Z level=INFO msg="ConfigMap reconciled" controller=ciscodevice controllerGroup=cisco.vk controllerKind=CiscoDevice CiscoDevice.name=cat9k-lab-103 CiscoDevice.namespace=cvk-live namespace=cvk-live name=cat9k-lab-103 reconcileID=160db24c-6b53-430c-a774-65d8d7ae4d8d name=cat9k-lab-103-config operation=unchanged
time=2026-10-01T23:21:13.680Z level=INFO msg="Deployment reconciled" controller=ciscodevice controllerGroup=cisco.vk controllerKind=CiscoDevice CiscoDevice.name=cat9k-lab-103 CiscoDevice.namespace=cvk-live namespace=cvk-live name=cat9k-lab-103 reconcileID=160db24c-6b53-430c-a774-65d8d7ae4d8d name=cat9k-lab-103-vk operation=unchanged
time=2026-10-01T23:21:13.683Z level=INFO msg="Network worker Deployment reconciled" controller=ciscodevice controllerGroup=cisco.vk controllerKind=CiscoDevice CiscoDevice.name=cat9k-lab-103 CiscoDevice.namespace=cvk-live namespace=cvk-live name=cat9k-lab-103 reconcileID=160db24c-6b53-430c-a774-65d8d7ae4d8d name=u782dc4b2-7e43-4188-8436-87633f0bf4fb-network operation=unchanged
time=2026-10-01T23:21:20.581Z level=INFO msg="ConfigMap reconciled" controller=ciscodevice controllerGroup=cisco.vk controllerKind=CiscoDevice CiscoDevice.name=cat9k-live CiscoDevice.namespace=cvk-live namespace=cvk-live name=cat9k-live reconcileID=8dafde90-fcbc-4db4-b8b2-b246d5b12968 name=cat9k-live-config operation=unchanged
time=2026-10-01T23:21:20.876Z level=INFO msg="Deployment reconciled" controller=ciscodevice controllerGroup=cisco.vk controllerKind=CiscoDevice CiscoDevice.name=cat9k-live CiscoDevice.namespace=cvk-live namespace=cvk-live name=cat9k-live reconcileID=8dafde90-fcbc-4db4-b8b2-b246d5b12968 name=cat9k-live-vk operation=unchanged
time=2026-10-01T23:21:20.879Z level=INFO msg="Network worker Deployment reconciled" controller=ciscodevice controllerGroup=cisco.vk controllerKind=CiscoDevice CiscoDevice.name=cat9k-live CiscoDevice.namespace=cvk-live namespace=cvk-live name=cat9k-live reconcileID=8dafde90-fcbc-4db4-b8b2-b246d5b12968 name=u6afd6bd0-284d-4ee2-a6e4-638ca07976b4-network operation=unchanged
time=2026-10-01T23:21:28.389Z level=INFO msg="ConfigMap reconciled" controller=ciscodevice controllerGroup=cisco.vk controllerKind=CiscoDevice CiscoDevice.name=cat9k-lab-101 CiscoDevice.namespace=cvk-live namespace=cvk-live name=cat9k-lab-101 reconcileID=d8600a6a-5095-45d6-a6ce-4187edf603b8 name=cat9k-lab-101-config operation=unchanged
time=2026-10-01T23:21:28.819Z level=INFO msg="Deployment reconciled" controller=ciscodevice controllerGroup=cisco.vk controllerKind=CiscoDevice CiscoDevice.name=cat9k-lab-101 CiscoDevice.namespace=cvk-live namespace=cvk-live name=cat9k-lab-101 reconcileID=d8600a6a-5095-45d6-a6ce-4187edf603b8 name=cat9k-lab-101-vk operation=unchanged
time=2026-10-01T23:21:28.822Z level=INFO msg="Network worker Deployment reconciled" controller=ciscodevice controllerGroup=cisco.vk controllerKind=CiscoDevice CiscoDevice.name=cat9k-lab-101 CiscoDevice.namespace=cvk-live namespace=cvk-live name=cat9k-lab-101 reconcileID=d8600a6a-5095-45d6-a6ce-4187edf603b8 name=u20f3e68e-b127-4f2e-9a36-b66945135051-network operation=unchanged
time=2026-10-01T23:21:36.580Z level=INFO msg="ConfigMap reconciled" controller=ciscodevice controllerGroup=cisco.vk controllerKind=CiscoDevice CiscoDevice.name=cat9k-lab-103 CiscoDevice.namespace=cvk-live namespace=cvk-live name=cat9k-lab-103 reconcileID=f85bd8fb-490d-48e9-aeae-c1728f7aafe9 name=cat9k-lab-103-config operation=unchanged
time=2026-10-01T23:21:36.781Z level=INFO msg="Deployment reconciled" controller=ciscodevice controllerGroup=cisco.vk controllerKind=CiscoDevice CiscoDevice.name=cat9k-lab-103 CiscoDevice.namespace=cvk-live namespace=cvk-live name=cat9k-lab-103 reconcileID=f85bd8fb-490d-48e9-aeae-c1728f7aafe9 name=cat9k-lab-103-vk operation=unchanged
time=2026-10-01T23:21:36.785Z level=INFO msg="Network worker Deployment reconciled" controller=ciscodevice controllerGroup=cisco.vk controllerKind=CiscoDevice CiscoDevice.name=cat9k-lab-103 CiscoDevice.namespace=cvk-live namespace=cvk-live name=cat9k-lab-103 reconcileID=f85bd8fb-490d-48e9-aeae-c1728f7aafe9 name=u782dc4b2-7e43-4188-8436-87633f0bf4fb-network operation=unchanged
time=2026-10-01T23:21:43.497Z level=INFO msg="ConfigMap reconciled" controller=ciscodevice controllerGroup=cisco.vk controllerKind=CiscoDevice CiscoDevice.name=cat9k-live CiscoDevice.namespace=cvk-live namespace=cvk-live name=cat9k-live reconcileID=713cfd05-c84a-43ba-8822-8c44da811df3 name=cat9k-live-config operation=unchanged
time=2026-10-01T23:21:44.584Z level=INFO msg="Deployment reconciled" controller=ciscodevice controllerGroup=cisco.vk controllerKind=CiscoDevice CiscoDevice.name=cat9k-live CiscoDevice.namespace=cvk-live namespace=cvk-live name=cat9k-live reconcileID=713cfd05-c84a-43ba-8822-8c44da811df3 name=cat9k-live-vk operation=unchanged
time=2026-10-01T23:21:44.587Z level=INFO msg="Network worker Deployment reconciled" controller=ciscodevice controllerGroup=cisco.vk controllerKind=CiscoDevice CiscoDevice.name=cat9k-live CiscoDevice.namespace=cvk-live namespace=cvk-live name=cat9k-live reconcileID=713cfd05-c84a-43ba-8822-8c44da811df3 name=u6afd6bd0-284d-4ee2-a6e4-638ca07976b4-network operation=unchanged
time=2026-10-01T23:21:51.579Z level=INFO msg="ConfigMap reconciled" controller=ciscodevice controllerGroup=cisco.vk controllerKind=CiscoDevice CiscoDevice.name=cat9k-lab-101 CiscoDevice.namespace=cvk-live namespace=cvk-live name=cat9k-lab-101 reconcileID=b0d7b9e9-ce5e-49f6-8378-07da65498d84 name=cat9k-lab-101-config operation=unchanged
time=2026-10-01T23:21:51.803Z level=INFO msg="Deployment reconciled" controller=ciscodevice controllerGroup=cisco.vk controllerKind=CiscoDevice CiscoDevice.name=cat9k-lab-101 CiscoDevice.namespace=cvk-live namespace=cvk-live name=cat9k-lab-101 reconcileID=b0d7b9e9-ce5e-49f6-8378-07da65498d84 name=cat9k-lab-101-vk operation=unchanged
time=2026-10-01T23:21:51.807Z level=INFO msg="Network worker Deployment reconciled" controller=ciscodevice controllerGroup=cisco.vk controllerKind=CiscoDevice CiscoDevice.name=cat9k-lab-101 CiscoDevice.namespace=cvk-live namespace=cvk-live name=cat9k-lab-101 reconcileID=b0d7b9e9-ce5e-49f6-8378-07da65498d84 name=u20f3e68e-b127-4f2e-9a36-b66945135051-network operation=unchanged
time=2026-10-01T23:22:00.121Z level=INFO msg="ConfigMap reconciled" controller=ciscodevice controllerGroup=cisco.vk controllerKind=CiscoDevice CiscoDevice.name=cat9k-lab-103 CiscoDevice.namespace=cvk-live namespace=cvk-live name=cat9k-lab-103 reconcileID=1c65dda6-b5de-4dbb-a054-b13386a4065c name=cat9k-lab-103-config operation=unchanged
time=2026-10-01T23:22:01.772Z level=INFO msg="Deployment reconciled" controller=ciscodevice controllerGroup=cisco.vk controllerKind=CiscoDevice CiscoDevice.name=cat9k-lab-103 CiscoDevice.namespace=cvk-live namespace=cvk-live name=cat9k-lab-103 reconcileID=1c65dda6-b5de-4dbb-a054-b13386a4065c name=cat9k-lab-103-vk operation=unchanged
time=2026-10-01T23:22:01.774Z level=INFO msg="Network worker Deployment reconciled" controller=ciscodevice controllerGroup=cisco.vk controllerKind=CiscoDevice CiscoDevice.name=cat9k-lab-103 CiscoDevice.namespace=cvk-live namespace=cvk-live name=cat9k-lab-103 reconcileID=1c65dda6-b5de-4dbb-a054-b13386a4065c name=u782dc4b2-7e43-4188-8436-87633f0bf4fb-network operation=unchanged
time=2026-10-01T23:22:08.367Z level=INFO msg="ConfigMap reconciled" controller=ciscodevice controllerGroup=cisco.vk controllerKind=CiscoDevice CiscoDevice.name=cat9k-live CiscoDevice.namespace=cvk-live namespace=cvk-live name=cat9k-live reconcileID=ff039a3c-1aca-47ce-aa58-978afab60f8b name=cat9k-live-config operation=unchanged
time=2026-10-01T23:22:08.802Z level=INFO msg="Deployment reconciled" controller=ciscodevice controllerGroup=cisco.vk controllerKind=CiscoDevice CiscoDevice.name=cat9k-live CiscoDevice.namespace=cvk-live namespace=cvk-live name=cat9k-live reconcileID=ff039a3c-1aca-47ce-aa58-978afab60f8b name=cat9k-live-vk operation=unchanged
time=2026-10-01T23:22:08.807Z level=INFO msg="Network worker Deployment reconciled" controller=ciscodevice controllerGroup=cisco.vk controllerKind=CiscoDevice CiscoDevice.name=cat9k-live CiscoDevice.namespace=cvk-live namespace=cvk-live name=cat9k-live reconcileID=ff039a3c-1aca-47ce-aa58-978afab60f8b name=u6afd6bd0-284d-4ee2-a6e4-638ca07976b4-network operation=unchanged
time=2026-10-01T23:22:16.265Z level=INFO msg="ConfigMap reconciled" controller=ciscodevice controllerGroup=cisco.vk controllerKind=CiscoDevice CiscoDevice.name=cat9k-lab-101 CiscoDevice.namespace=cvk-live namespace=cvk-live name=cat9k-lab-101 reconcileID=9a4bb85d-f3e0-4f8c-9aaa-75ebd8c68bcf name=cat9k-lab-101-config operation=unchanged
time=2026-10-01T23:22:16.965Z level=INFO msg="Deployment reconciled" controller=ciscodevice controllerGroup=cisco.vk controllerKind=CiscoDevice CiscoDevice.name=cat9k-lab-101 CiscoDevice.namespace=cvk-live namespace=cvk-live name=cat9k-lab-101 reconcileID=9a4bb85d-f3e0-4f8c-9aaa-75ebd8c68bcf name=cat9k-lab-101-vk operation=unchanged
time=2026-10-01T23:22:16.969Z level=INFO msg="Network worker Deployment reconciled" controller=ciscodevice controllerGroup=cisco.vk controllerKind=CiscoDevice CiscoDevice.name=cat9k-lab-101 CiscoDevice.namespace=cvk-live namespace=cvk-live name=cat9k-lab-101 reconcileID=9a4bb85d-f3e0-4f8c-9aaa-75ebd8c68bcf name=u20f3e68e-b127-4f2e-9a36-b66945135051-network operation=unchanged
time=2026-10-01T23:22:22.706Z level=INFO msg="ConfigMap reconciled" controller=ciscodevice controllerGroup=cisco.vk controllerKind=CiscoDevice CiscoDevice.name=cat9k-lab-103 CiscoDevice.namespace=cvk-live namespace=cvk-live name=cat9k-lab-103 reconcileID=811e0b54-f6ee-4455-bc7f-a688d4cb3848 name=cat9k-lab-103-config operation=unchanged
time=2026-10-01T23:22:24.622Z level=INFO msg="Deployment reconciled" controller=ciscodevice controllerGroup=cisco.vk controllerKind=CiscoDevice CiscoDevice.name=cat9k-lab-103 CiscoDevice.namespace=cvk-live namespace=cvk-live name=cat9k-lab-103 reconcileID=811e0b54-f6ee-4455-bc7f-a688d4cb3848 name=cat9k-lab-103-vk operation=unchanged
time=2026-10-01T23:22:24.626Z level=INFO msg="Network worker Deployment reconciled" controller=ciscodevice controllerGroup=cisco.vk controllerKind=CiscoDevice CiscoDevice.name=cat9k-lab-103 CiscoDevice.namespace=cvk-live namespace=cvk-live name=cat9k-lab-103 reconcileID=811e0b54-f6ee-4455-bc7f-a688d4cb3848 name=u782dc4b2-7e43-4188-8436-87633f0bf4fb-network operation=unchanged
time=2026-10-01T23:22:30.829Z level=INFO msg="ConfigMap reconciled" controller=ciscodevice controllerGroup=cisco.vk controllerKind=CiscoDevice CiscoDevice.name=cat9k-live CiscoDevice.namespace=cvk-live namespace=cvk-live name=cat9k-live reconcileID=e5ed13ab-74ca-4ae2-8d7c-8ea7bdf4050b name=cat9k-live-config operation=unchanged
time=2026-10-01T23:22:32.356Z level=INFO msg="Deployment reconciled" controller=ciscodevice controllerGroup=cisco.vk controllerKind=CiscoDevice CiscoDevice.name=cat9k-live CiscoDevice.namespace=cvk-live namespace=cvk-live name=cat9k-live reconcileID=e5ed13ab-74ca-4ae2-8d7c-8ea7bdf4050b name=cat9k-live-vk operation=unchanged
time=2026-10-01T23:22:32.358Z level=INFO msg="Network worker Deployment reconciled" controller=ciscodevice controllerGroup=cisco.vk controllerKind=CiscoDevice CiscoDevice.name=cat9k-live CiscoDevice.namespace=cvk-live namespace=cvk-live name=cat9k-live reconcileID=e5ed13ab-74ca-4ae2-8d7c-8ea7bdf4050b name=u6afd6bd0-284d-4ee2-a6e4-638ca07976b4-network operation=unchanged
time=2026-10-01T23:22:38.419Z level=INFO msg="ConfigMap reconciled" controller=ciscodevice controllerGroup=cisco.vk controllerKind=CiscoDevice CiscoDevice.name=cat9k-lab-101 CiscoDevice.namespace=cvk-live namespace=cvk-live name=cat9k-lab-101 reconcileID=974bdda9-fac0-4ae5-8db9-c2c76f496c7e name=cat9k-lab-101-config operation=unchanged
time=2026-10-01T23:22:38.810Z level=INFO msg="Deployment reconciled" controller=ciscodevice controllerGroup=cisco.vk controllerKind=CiscoDevice CiscoDevice.name=cat9k-lab-101 CiscoDevice.namespace=cvk-live namespace=cvk-live name=cat9k-lab-101 reconcileID=974bdda9-fac0-4ae5-8db9-c2c76f496c7e name=cat9k-lab-101-vk operation=unchanged
time=2026-10-01T23:22:38.812Z level=INFO msg="Network worker Deployment reconciled" controller=ciscodevice controllerGroup=cisco.vk controllerKind=CiscoDevice CiscoDevice.name=cat9k-lab-101 CiscoDevice.namespace=cvk-live namespace=cvk-live name=cat9k-lab-101 reconcileID=974bdda9-fac0-4ae5-8db9-c2c76f496c7e name=u20f3e68e-b127-4f2e-9a36-b66945135051-network operation=unchanged
time=2026-10-01T23:22:45.117Z level=INFO msg="ConfigMap reconciled" controller=ciscodevice controllerGroup=cisco.vk controllerKind=CiscoDevice CiscoDevice.name=cat9k-lab-103 CiscoDevice.namespace=cvk-live namespace=cvk-live name=cat9k-lab-103 reconcileID=a0a2815c-427c-4ff2-976c-462ff8d916fa name=cat9k-lab-103-config operation=unchanged
time=2026-10-01T23:22:45.859Z level=INFO msg="Deployment reconciled" controller=ciscodevice controllerGroup=cisco.vk controllerKind=CiscoDevice CiscoDevice.name=cat9k-lab-103 CiscoDevice.namespace=cvk-live namespace=cvk-live name=cat9k-lab-103 reconcileID=a0a2815c-427c-4ff2-976c-462ff8d916fa name=cat9k-lab-103-vk operation=unchanged
time=2026-10-01T23:22:45.863Z level=INFO msg="Network worker Deployment reconciled" controller=ciscodevice controllerGroup=cisco.vk controllerKind=CiscoDevice CiscoDevice.name=cat9k-lab-103 CiscoDevice.namespace=cvk-live namespace=cvk-live name=cat9k-lab-103 reconcileID=a0a2815c-427c-4ff2-976c-462ff8d916fa name=u782dc4b2-7e43-4188-8436-87633f0bf4fb-network operation=unchanged
time=2026-10-01T23:22:53.319Z level=INFO msg="ConfigMap reconciled" controller=ciscodevice controllerGroup=cisco.vk controllerKind=CiscoDevice CiscoDevice.name=cat9k-live CiscoDevice.namespace=cvk-live namespace=cvk-live name=cat9k-live reconcileID=0091908c-5009-4979-8812-590844f26af5 name=cat9k-live-config operation=unchanged
time=2026-10-01T23:22:54.728Z level=INFO msg="Deployment reconciled" controller=ciscodevice controllerGroup=cisco.vk controllerKind=CiscoDevice CiscoDevice.name=cat9k-live CiscoDevice.namespace=cvk-live namespace=cvk-live name=cat9k-live reconcileID=0091908c-5009-4979-8812-590844f26af5 name=cat9k-live-vk operation=unchanged
time=2026-10-01T23:22:54.730Z level=INFO msg="Network worker Deployment reconciled" controller=ciscodevice controllerGroup=cisco.vk controllerKind=CiscoDevice CiscoDevice.name=cat9k-live CiscoDevice.namespace=cvk-live namespace=cvk-live name=cat9k-live reconcileID=0091908c-5009-4979-8812-590844f26af5 name=u6afd6bd0-284d-4ee2-a6e4-638ca07976b4-network operation=unchanged
time=2026-10-01T23:23:01.629Z level=INFO msg="ConfigMap reconciled" controller=ciscodevice controllerGroup=cisco.vk controllerKind=CiscoDevice CiscoDevice.name=cat9k-lab-101 CiscoDevice.namespace=cvk-live namespace=cvk-live name=cat9k-lab-101 reconcileID=756ce3f4-078c-4bd5-b43d-ae8cd3dd81ad name=cat9k-lab-101-config operation=unchanged
time=2026-10-01T23:23:02.616Z level=INFO msg="Deployment reconciled" controller=ciscodevice controllerGroup=cisco.vk controllerKind=CiscoDevice CiscoDevice.name=cat9k-lab-101 CiscoDevice.namespace=cvk-live namespace=cvk-live name=cat9k-lab-101 reconcileID=756ce3f4-078c-4bd5-b43d-ae8cd3dd81ad name=cat9k-lab-101-vk operation=unchanged
time=2026-10-01T23:23:02.618Z level=INFO msg="Network worker Deployment reconciled" controller=ciscodevice controllerGroup=cisco.vk controllerKind=CiscoDevice CiscoDevice.name=cat9k-lab-101 CiscoDevice.namespace=cvk-live namespace=cvk-live name=cat9k-lab-101 reconcileID=756ce3f4-078c-4bd5-b43d-ae8cd3dd81ad name=u20f3e68e-b127-4f2e-9a36-b66945135051-network operation=unchanged
time=2026-10-01T23:23:10.496Z level=INFO msg="ConfigMap reconciled" controller=ciscodevice controllerGroup=cisco.vk controllerKind=CiscoDevice CiscoDevice.name=cat9k-lab-103 CiscoDevice.namespace=cvk-live namespace=cvk-live name=cat9k-lab-103 reconcileID=b088a50b-72df-4987-bb04-386e6044b00a name=cat9k-lab-103-config operation=unchanged
time=2026-10-01T23:23:10.852Z level=INFO msg="Deployment reconciled" controller=ciscodevice controllerGroup=cisco.vk controllerKind=CiscoDevice CiscoDevice.name=cat9k-lab-103 CiscoDevice.namespace=cvk-live namespace=cvk-live name=cat9k-lab-103 reconcileID=b088a50b-72df-4987-bb04-386e6044b00a name=cat9k-lab-103-vk operation=unchanged
time=2026-10-01T23:23:10.858Z level=INFO msg="Network worker Deployment reconciled" controller=ciscodevice controllerGroup=cisco.vk controllerKind=CiscoDevice CiscoDevice.name=cat9k-lab-103 CiscoDevice.namespace=cvk-live namespace=cvk-live name=cat9k-lab-103 reconcileID=b088a50b-72df-4987-bb04-386e6044b00a name=u782dc4b2-7e43-4188-8436-87633f0bf4fb-network operation=unchanged
time=2026-10-01T23:23:18.664Z level=INFO msg="ConfigMap reconciled" controller=ciscodevice controllerGroup=cisco.vk controllerKind=CiscoDevice CiscoDevice.name=cat9k-live CiscoDevice.namespace=cvk-live namespace=cvk-live name=cat9k-live reconcileID=98cbc0a6-9776-4fc1-a275-f60c18a40a3e name=cat9k-live-config operation=unchanged
time=2026-10-01T23:23:18.898Z level=INFO msg="Deployment reconciled" controller=ciscodevice controllerGroup=cisco.vk controllerKind=CiscoDevice CiscoDevice.name=cat9k-live CiscoDevice.namespace=cvk-live namespace=cvk-live name=cat9k-live reconcileID=98cbc0a6-9776-4fc1-a275-f60c18a40a3e name=cat9k-live-vk operation=unchanged
time=2026-10-01T23:23:18.902Z level=INFO msg="Network worker Deployment reconciled" controller=ciscodevice controllerGroup=cisco.vk controllerKind=CiscoDevice CiscoDevice.name=cat9k-live CiscoDevice.namespace=cvk-live namespace=cvk-live name=cat9k-live reconcileID=98cbc0a6-9776-4fc1-a275-f60c18a40a3e name=u6afd6bd0-284d-4ee2-a6e4-638ca07976b4-network operation=unchanged
time=2026-10-01T23:23:27.875Z level=INFO msg="ConfigMap reconciled" controller=ciscodevice controllerGroup=cisco.vk controllerKind=CiscoDevice CiscoDevice.name=cat9k-lab-101 CiscoDevice.namespace=cvk-live namespace=cvk-live name=cat9k-lab-101 reconcileID=01349d6e-f69c-427d-b7c3-f6cdda1e75df name=cat9k-lab-101-config operation=unchanged
time=2026-10-01T23:23:28.744Z level=INFO msg="Deployment reconciled" controller=ciscodevice controllerGroup=cisco.vk controllerKind=CiscoDevice CiscoDevice.name=cat9k-lab-101 CiscoDevice.namespace=cvk-live namespace=cvk-live name=cat9k-lab-101 reconcileID=01349d6e-f69c-427d-b7c3-f6cdda1e75df name=cat9k-lab-101-vk operation=unchanged
time=2026-10-01T23:23:28.746Z level=INFO msg="Network worker Deployment reconciled" controller=ciscodevice controllerGroup=cisco.vk controllerKind=CiscoDevice CiscoDevice.name=cat9k-lab-101 CiscoDevice.namespace=cvk-live namespace=cvk-live name=cat9k-lab-101 reconcileID=01349d6e-f69c-427d-b7c3-f6cdda1e75df name=u20f3e68e-b127-4f2e-9a36-b66945135051-network operation=unchanged
time=2026-10-01T23:23:33.414Z level=INFO msg="ConfigMap reconciled" controller=ciscodevice controllerGroup=cisco.vk controllerKind=CiscoDevice CiscoDevice.name=cat9k-lab-103 CiscoDevice.namespace=cvk-live namespace=cvk-live name=cat9k-lab-103 reconcileID=3ed21ea5-0be7-4b01-8de5-5b7758adbf18 name=cat9k-lab-103-config operation=unchanged
time=2026-10-01T23:23:34.677Z level=INFO msg="Deployment reconciled" controller=ciscodevice controllerGroup=cisco.vk controllerKind=CiscoDevice CiscoDevice.name=cat9k-lab-103 CiscoDevice.namespace=cvk-live namespace=cvk-live name=cat9k-lab-103 reconcileID=3ed21ea5-0be7-4b01-8de5-5b7758adbf18 name=cat9k-lab-103-vk operation=unchanged
time=2026-10-01T23:23:34.679Z level=INFO msg="Network worker Deployment reconciled" controller=ciscodevice controllerGroup=cisco.vk controllerKind=CiscoDevice CiscoDevice.name=cat9k-lab-103 CiscoDevice.namespace=cvk-live namespace=cvk-live name=cat9k-lab-103 reconcileID=3ed21ea5-0be7-4b01-8de5-5b7758adbf18 name=u782dc4b2-7e43-4188-8436-87633f0bf4fb-network operation=unchanged
time=2026-10-01T23:23:45.876Z level=INFO msg="ConfigMap reconciled" controller=ciscodevice controllerGroup=cisco.vk controllerKind=CiscoDevice CiscoDevice.name=cat9k-live CiscoDevice.namespace=cvk-live namespace=cvk-live name=cat9k-live reconcileID=2ddd7f7c-2ffd-4157-a05b-760cc349f3df name=cat9k-live-config operation=unchanged
time=2026-10-01T23:23:46.794Z level=INFO msg="Deployment reconciled" controller=ciscodevice controllerGroup=cisco.vk controllerKind=CiscoDevice CiscoDevice.name=cat9k-live CiscoDevice.namespace=cvk-live namespace=cvk-live name=cat9k-live reconcileID=2ddd7f7c-2ffd-4157-a05b-760cc349f3df name=cat9k-live-vk operation=unchanged
time=2026-10-01T23:23:46.797Z level=INFO msg="Network worker Deployment reconciled" controller=ciscodevice controllerGroup=cisco.vk controllerKind=CiscoDevice CiscoDevice.name=cat9k-live CiscoDevice.namespace=cvk-live namespace=cvk-live name=cat9k-live reconcileID=2ddd7f7c-2ffd-4157-a05b-760cc349f3df name=u6afd6bd0-284d-4ee2-a6e4-638ca07976b4-network operation=unchanged
time=2026-10-01T23:23:55.854Z level=INFO msg="ConfigMap reconciled" controller=ciscodevice controllerGroup=cisco.vk controllerKind=CiscoDevice CiscoDevice.name=cat9k-lab-101 CiscoDevice.namespace=cvk-live namespace=cvk-live name=cat9k-lab-101 reconcileID=aca46a98-e84e-4f7d-9e38-998dc67f2ad5 name=cat9k-lab-101-config operation=unchanged
time=2026-10-01T23:23:56.757Z level=INFO msg="Deployment reconciled" controller=ciscodevice controllerGroup=cisco.vk controllerKind=CiscoDevice CiscoDevice.name=cat9k-lab-101 CiscoDevice.namespace=cvk-live namespace=cvk-live name=cat9k-lab-101 reconcileID=aca46a98-e84e-4f7d-9e38-998dc67f2ad5 name=cat9k-lab-101-vk operation=unchanged
time=2026-10-01T23:23:56.761Z level=INFO msg="Network worker Deployment reconciled" controller=ciscodevice controllerGroup=cisco.vk controllerKind=CiscoDevice CiscoDevice.name=cat9k-lab-101 CiscoDevice.namespace=cvk-live namespace=cvk-live name=cat9k-lab-101 reconcileID=aca46a98-e84e-4f7d-9e38-998dc67f2ad5 name=u20f3e68e-b127-4f2e-9a36-b66945135051-network operation=unchanged
time=2026-10-01T23:24:07.783Z level=INFO msg="ConfigMap reconciled" controller=ciscodevice controllerGroup=cisco.vk controllerKind=CiscoDevice CiscoDevice.name=cat9k-lab-103 CiscoDevice.namespace=cvk-live namespace=cvk-live name=cat9k-lab-103 reconcileID=f1580180-5151-45ab-b4a6-cf0a4e712313 name=cat9k-lab-103-config operation=unchanged
time=2026-10-01T23:24:08.854Z level=INFO msg="Deployment reconciled" controller=ciscodevice controllerGroup=cisco.vk controllerKind=CiscoDevice CiscoDevice.name=cat9k-lab-103 CiscoDevice.namespace=cvk-live namespace=cvk-live name=cat9k-lab-103 reconcileID=f1580180-5151-45ab-b4a6-cf0a4e712313 name=cat9k-lab-103-vk operation=unchanged
time=2026-10-01T23:24:08.857Z level=INFO msg="Network worker Deployment reconciled" controller=ciscodevice controllerGroup=cisco.vk controllerKind=CiscoDevice CiscoDevice.name=cat9k-lab-103 CiscoDevice.namespace=cvk-live namespace=cvk-live name=cat9k-lab-103 reconcileID=f1580180-5151-45ab-b4a6-cf0a4e712313 name=u782dc4b2-7e43-4188-8436-87633f0bf4fb-network operation=unchanged
time=2026-10-01T23:24:17.624Z level=INFO msg="ConfigMap reconciled" controller=ciscodevice controllerGroup=cisco.vk controllerKind=CiscoDevice CiscoDevice.name=cat9k-live CiscoDevice.namespace=cvk-live namespace=cvk-live name=cat9k-live reconcileID=d7ab9a0b-c4a9-4725-ad69-620994b81d8e name=cat9k-live-config operation=unchanged
time=2026-10-01T23:24:17.913Z level=INFO msg="Deployment reconciled" controller=ciscodevice controllerGroup=cisco.vk controllerKind=CiscoDevice CiscoDevice.name=cat9k-live CiscoDevice.namespace=cvk-live namespace=cvk-live name=cat9k-live reconcileID=d7ab9a0b-c4a9-4725-ad69-620994b81d8e name=cat9k-live-vk operation=unchanged
time=2026-10-01T23:24:17.915Z level=INFO msg="Network worker Deployment reconciled" controller=ciscodevice controllerGroup=cisco.vk controllerKind=CiscoDevice CiscoDevice.name=cat9k-live CiscoDevice.namespace=cvk-live namespace=cvk-live name=cat9k-live reconcileID=d7ab9a0b-c4a9-4725-ad69-620994b81d8e name=u6afd6bd0-284d-4ee2-a6e4-638ca07976b4-network operation=unchanged
time=2026-10-01T23:24:25.549Z level=INFO msg="ConfigMap reconciled" controller=ciscodevice controllerGroup=cisco.vk controllerKind=CiscoDevice CiscoDevice.name=cat9k-lab-101 CiscoDevice.namespace=cvk-live namespace=cvk-live name=cat9k-lab-101 reconcileID=056e461c-44bd-4bfe-9183-95ec92152d74 name=cat9k-lab-101-config operation=unchanged
time=2026-10-01T23:24:25.896Z level=INFO msg="Deployment reconciled" controller=ciscodevice controllerGroup=cisco.vk controllerKind=CiscoDevice CiscoDevice.name=cat9k-lab-101 CiscoDevice.namespace=cvk-live namespace=cvk-live name=cat9k-lab-101 reconcileID=056e461c-44bd-4bfe-9183-95ec92152d74 name=cat9k-lab-101-vk operation=unchanged
time=2026-10-01T23:24:25.901Z level=INFO msg="Network worker Deployment reconciled" controller=ciscodevice controllerGroup=cisco.vk controllerKind=CiscoDevice CiscoDevice.name=cat9k-lab-101 CiscoDevice.namespace=cvk-live namespace=cvk-live name=cat9k-lab-101 reconcileID=056e461c-44bd-4bfe-9183-95ec92152d74 name=u20f3e68e-b127-4f2e-9a36-b66945135051-network operation=unchanged
time=2026-10-01T23:24:31.687Z level=INFO msg="ConfigMap reconciled" controller=ciscodevice controllerGroup=cisco.vk controllerKind=CiscoDevice CiscoDevice.name=cat9k-lab-103 CiscoDevice.namespace=cvk-live namespace=cvk-live name=cat9k-lab-103 reconcileID=ed97c80f-4189-4b40-93ca-9cc590003179 name=cat9k-lab-103-config operation=unchanged
time=2026-10-01T23:24:32.766Z level=INFO msg="Deployment reconciled" controller=ciscodevice controllerGroup=cisco.vk controllerKind=CiscoDevice CiscoDevice.name=cat9k-lab-103 CiscoDevice.namespace=cvk-live namespace=cvk-live name=cat9k-lab-103 reconcileID=ed97c80f-4189-4b40-93ca-9cc590003179 name=cat9k-lab-103-vk operation=unchanged
time=2026-10-01T23:24:32.769Z level=INFO msg="Network worker Deployment reconciled" controller=ciscodevice controllerGroup=cisco.vk controllerKind=CiscoDevice CiscoDevice.name=cat9k-lab-103 CiscoDevice.namespace=cvk-live namespace=cvk-live name=cat9k-lab-103 reconcileID=ed97c80f-4189-4b40-93ca-9cc590003179 name=u782dc4b2-7e43-4188-8436-87633f0bf4fb-network operation=unchanged
time=2026-10-01T23:24:39.163Z level=INFO msg="ConfigMap reconciled" controller=ciscodevice controllerGroup=cisco.vk controllerKind=CiscoDevice CiscoDevice.name=cat9k-live CiscoDevice.namespace=cvk-live namespace=cvk-live name=cat9k-live reconcileID=279a4d9e-dbb8-416b-8c34-47c66ead69b1 name=cat9k-live-config operation=unchanged
time=2026-10-01T23:24:39.878Z level=INFO msg="Deployment reconciled" controller=ciscodevice controllerGroup=cisco.vk controllerKind=CiscoDevice CiscoDevice.name=cat9k-live CiscoDevice.namespace=cvk-live namespace=cvk-live name=cat9k-live reconcileID=279a4d9e-dbb8-416b-8c34-47c66ead69b1 name=cat9k-live-vk operation=unchanged
time=2026-10-01T23:24:39.880Z level=INFO msg="Network worker Deployment reconciled" controller=ciscodevice controllerGroup=cisco.vk controllerKind=CiscoDevice CiscoDevice.name=cat9k-live CiscoDevice.namespace=cvk-live namespace=cvk-live name=cat9k-live reconcileID=279a4d9e-dbb8-416b-8c34-47c66ead69b1 name=u6afd6bd0-284d-4ee2-a6e4-638ca07976b4-network operation=unchanged
time=2026-10-01T23:24:46.971Z level=INFO msg="ConfigMap reconciled" controller=ciscodevice controllerGroup=cisco.vk controllerKind=CiscoDevice CiscoDevice.name=cat9k-lab-101 CiscoDevice.namespace=cvk-live namespace=cvk-live name=cat9k-lab-101 reconcileID=306d6951-ffb5-4cfc-8f7a-759fd1080a5c name=cat9k-lab-101-config operation=unchanged
time=2026-10-01T23:24:47.903Z level=INFO msg="Deployment reconciled" controller=ciscodevice controllerGroup=cisco.vk controllerKind=CiscoDevice CiscoDevice.name=cat9k-lab-101 CiscoDevice.namespace=cvk-live namespace=cvk-live name=cat9k-lab-101 reconcileID=306d6951-ffb5-4cfc-8f7a-759fd1080a5c name=cat9k-lab-101-vk operation=unchanged
time=2026-10-01T23:24:47.908Z level=INFO msg="Network worker Deployment reconciled" controller=ciscodevice controllerGroup=cisco.vk controllerKind=CiscoDevice CiscoDevice.name=cat9k-lab-101 CiscoDevice.namespace=cvk-live namespace=cvk-live name=cat9k-lab-101 reconcileID=306d6951-ffb5-4cfc-8f7a-759fd1080a5c name=u20f3e68e-b127-4f2e-9a36-b66945135051-network operation=unchanged
time=2026-10-01T23:24:53.709Z level=INFO msg="ConfigMap reconciled" controller=ciscodevice controllerGroup=cisco.vk controllerKind=CiscoDevice CiscoDevice.name=cat9k-lab-103 CiscoDevice.namespace=cvk-live namespace=cvk-live name=cat9k-lab-103 reconcileID=afca51de-cbb1-4fe5-a3cd-350655a0b4de name=cat9k-lab-103-config operation=unchanged
time=2026-10-01T23:24:54.748Z level=INFO msg="Deployment reconciled" controller=ciscodevice controllerGroup=cisco.vk controllerKind=CiscoDevice CiscoDevice.name=cat9k-lab-103 CiscoDevice.namespace=cvk-live namespace=cvk-live name=cat9k-lab-103 reconcileID=afca51de-cbb1-4fe5-a3cd-350655a0b4de name=cat9k-lab-103-vk operation=unchanged
time=2026-10-01T23:24:54.752Z level=INFO msg="Network worker Deployment reconciled" controller=ciscodevice controllerGroup=cisco.vk controllerKind=CiscoDevice CiscoDevice.name=cat9k-lab-103 CiscoDevice.namespace=cvk-live namespace=cvk-live name=cat9k-lab-103 reconcileID=afca51de-cbb1-4fe5-a3cd-350655a0b4de name=u782dc4b2-7e43-4188-8436-87633f0bf4fb-network operation=unchanged
time=2026-10-01T23:25:01.617Z level=INFO msg="ConfigMap reconciled" controller=ciscodevice controllerGroup=cisco.vk controllerKind=CiscoDevice CiscoDevice.name=cat9k-live CiscoDevice.namespace=cvk-live namespace=cvk-live name=cat9k-live reconcileID=3f531eb5-a174-4cff-b6df-448314e79f83 name=cat9k-live-config operation=unchanged
time=2026-10-01T23:25:01.864Z level=INFO msg="Deployment reconciled" controller=ciscodevice controllerGroup=cisco.vk controllerKind=CiscoDevice CiscoDevice.name=cat9k-live CiscoDevice.namespace=cvk-live namespace=cvk-live name=cat9k-live reconcileID=3f531eb5-a174-4cff-b6df-448314e79f83 name=cat9k-live-vk operation=unchanged
time=2026-10-01T23:25:01.866Z level=INFO msg="Network worker Deployment reconciled" controller=ciscodevice controllerGroup=cisco.vk controllerKind=CiscoDevice CiscoDevice.name=cat9k-live CiscoDevice.namespace=cvk-live namespace=cvk-live name=cat9k-live reconcileID=3f531eb5-a174-4cff-b6df-448314e79f83 name=u6afd6bd0-284d-4ee2-a6e4-638ca07976b4-network operation=unchanged
time=2026-10-01T23:25:09.655Z level=INFO msg="ConfigMap reconciled" controller=ciscodevice controllerGroup=cisco.vk controllerKind=CiscoDevice CiscoDevice.name=cat9k-lab-101 CiscoDevice.namespace=cvk-live namespace=cvk-live name=cat9k-lab-101 reconcileID=db0fa6e7-0123-4ac2-8718-1f179bf9d59a name=cat9k-lab-101-config operation=unchanged
time=2026-10-01T23:25:09.943Z level=INFO msg="Deployment reconciled" controller=ciscodevice controllerGroup=cisco.vk controllerKind=CiscoDevice CiscoDevice.name=cat9k-lab-101 CiscoDevice.namespace=cvk-live namespace=cvk-live name=cat9k-lab-101 reconcileID=db0fa6e7-0123-4ac2-8718-1f179bf9d59a name=cat9k-lab-101-vk operation=unchanged
time=2026-10-01T23:25:09.945Z level=INFO msg="Network worker Deployment reconciled" controller=ciscodevice controllerGroup=cisco.vk controllerKind=CiscoDevice CiscoDevice.name=cat9k-lab-101 CiscoDevice.namespace=cvk-live namespace=cvk-live name=cat9k-lab-101 reconcileID=db0fa6e7-0123-4ac2-8718-1f179bf9d59a name=u20f3e68e-b127-4f2e-9a36-b66945135051-network operation=unchanged
time=2026-10-01T23:25:15.301Z level=INFO msg="ConfigMap reconciled" controller=ciscodevice controllerGroup=cisco.vk controllerKind=CiscoDevice CiscoDevice.name=cat9k-lab-103 CiscoDevice.namespace=cvk-live namespace=cvk-live name=cat9k-lab-103 reconcileID=46a4e8bc-147f-4d07-a94d-cbb5f4daea5a name=cat9k-lab-103-config operation=unchanged
time=2026-10-01T23:25:15.863Z level=INFO msg="Deployment reconciled" controller=ciscodevice controllerGroup=cisco.vk controllerKind=CiscoDevice CiscoDevice.name=cat9k-lab-103 CiscoDevice.namespace=cvk-live namespace=cvk-live name=cat9k-lab-103 reconcileID=46a4e8bc-147f-4d07-a94d-cbb5f4daea5a name=cat9k-lab-103-vk operation=unchanged
time=2026-10-01T23:25:15.866Z level=INFO msg="Network worker Deployment reconciled" controller=ciscodevice controllerGroup=cisco.vk controllerKind=CiscoDevice CiscoDevice.name=cat9k-lab-103 CiscoDevice.namespace=cvk-live namespace=cvk-live name=cat9k-lab-103 reconcileID=46a4e8bc-147f-4d07-a94d-cbb5f4daea5a name=u782dc4b2-7e43-4188-8436-87633f0bf4fb-network operation=unchanged
time=2026-10-01T23:25:22.282Z level=INFO msg="ConfigMap reconciled" controller=ciscodevice controllerGroup=cisco.vk controllerKind=CiscoDevice CiscoDevice.name=cat9k-live CiscoDevice.namespace=cvk-live namespace=cvk-live name=cat9k-live reconcileID=7337b846-c9fd-448f-b1e2-3d890f7a031c name=cat9k-live-config operation=unchanged
time=2026-10-01T23:25:22.711Z level=INFO msg="Deployment reconciled" controller=ciscodevice controllerGroup=cisco.vk controllerKind=CiscoDevice CiscoDevice.name=cat9k-live CiscoDevice.namespace=cvk-live namespace=cvk-live name=cat9k-live reconcileID=7337b846-c9fd-448f-b1e2-3d890f7a031c name=cat9k-live-vk operation=unchanged
time=2026-10-01T23:25:22.713Z level=INFO msg="Network worker Deployment reconciled" controller=ciscodevice controllerGroup=cisco.vk controllerKind=CiscoDevice CiscoDevice.name=cat9k-live CiscoDevice.namespace=cvk-live namespace=cvk-live name=cat9k-live reconcileID=7337b846-c9fd-448f-b1e2-3d890f7a031c name=u6afd6bd0-284d-4ee2-a6e4-638ca07976b4-network operation=unchanged
time=2026-10-01T23:25:28.208Z level=INFO msg="ConfigMap reconciled" controller=ciscodevice controllerGroup=cisco.vk controllerKind=CiscoDevice CiscoDevice.name=cat9k-lab-101 CiscoDevice.namespace=cvk-live namespace=cvk-live name=cat9k-lab-101 reconcileID=aba56c77-7d35-4d12-a0c8-fc99bdee3a00 name=cat9k-lab-101-config operation=unchanged
time=2026-10-01T23:25:28.763Z level=INFO msg="Deployment reconciled" controller=ciscodevice controllerGroup=cisco.vk controllerKind=CiscoDevice CiscoDevice.name=cat9k-lab-101 CiscoDevice.namespace=cvk-live namespace=cvk-live name=cat9k-lab-101 reconcileID=aba56c77-7d35-4d12-a0c8-fc99bdee3a00 name=cat9k-lab-101-vk operation=unchanged
time=2026-10-01T23:25:28.765Z level=INFO msg="Network worker Deployment reconciled" controller=ciscodevice controllerGroup=cisco.vk controllerKind=CiscoDevice CiscoDevice.name=cat9k-lab-101 CiscoDevice.namespace=cvk-live namespace=cvk-live name=cat9k-lab-101 reconcileID=aba56c77-7d35-4d12-a0c8-fc99bdee3a00 name=u20f3e68e-b127-4f2e-9a36-b66945135051-network operation=unchanged
time=2026-10-01T23:25:34.782Z level=INFO msg="ConfigMap reconciled" controller=ciscodevice controllerGroup=cisco.vk controllerKind=CiscoDevice CiscoDevice.name=cat9k-lab-103 CiscoDevice.namespace=cvk-live namespace=cvk-live name=cat9k-lab-103 reconcileID=64be5f7d-f128-4cf2-b288-23cf70f0a3f9 name=cat9k-lab-103-config operation=unchanged
time=2026-10-01T23:25:35.700Z level=INFO msg="Deployment reconciled" controller=ciscodevice controllerGroup=cisco.vk controllerKind=CiscoDevice CiscoDevice.name=cat9k-lab-103 CiscoDevice.namespace=cvk-live namespace=cvk-live name=cat9k-lab-103 reconcileID=64be5f7d-f128-4cf2-b288-23cf70f0a3f9 name=cat9k-lab-103-vk operation=unchanged
time=2026-10-01T23:25:35.703Z level=INFO msg="Network worker Deployment reconciled" controller=ciscodevice controllerGroup=cisco.vk controllerKind=CiscoDevice CiscoDevice.name=cat9k-lab-103 CiscoDevice.namespace=cvk-live namespace=cvk-live name=cat9k-lab-103 reconcileID=64be5f7d-f128-4cf2-b288-23cf70f0a3f9 name=u782dc4b2-7e43-4188-8436-87633f0bf4fb-network operation=unchanged
time=2026-10-01T23:25:41.042Z level=INFO msg="ConfigMap reconciled" controller=ciscodevice controllerGroup=cisco.vk controllerKind=CiscoDevice CiscoDevice.name=cat9k-live CiscoDevice.namespace=cvk-live namespace=cvk-live name=cat9k-live reconcileID=f31e3b71-4e8a-413f-9a2d-66691035b4a6 name=cat9k-live-config operation=unchanged
time=2026-10-01T23:25:41.735Z level=INFO msg="Deployment reconciled" controller=ciscodevice controllerGroup=cisco.vk controllerKind=CiscoDevice CiscoDevice.name=cat9k-live CiscoDevice.namespace=cvk-live namespace=cvk-live name=cat9k-live reconcileID=f31e3b71-4e8a-413f-9a2d-66691035b4a6 name=cat9k-live-vk operation=unchanged
time=2026-10-01T23:25:41.737Z level=INFO msg="Network worker Deployment reconciled" controller=ciscodevice controllerGroup=cisco.vk controllerKind=CiscoDevice CiscoDevice.name=cat9k-live CiscoDevice.namespace=cvk-live namespace=cvk-live name=cat9k-live reconcileID=f31e3b71-4e8a-413f-9a2d-66691035b4a6 name=u6afd6bd0-284d-4ee2-a6e4-638ca07976b4-network operation=unchanged
time=2026-10-01T23:25:46.482Z level=INFO msg="ConfigMap reconciled" controller=ciscodevice controllerGroup=cisco.vk controllerKind=CiscoDevice CiscoDevice.name=cat9k-lab-101 CiscoDevice.namespace=cvk-live namespace=cvk-live name=cat9k-lab-101 reconcileID=3bd1e093-8f2b-4ca6-b5a2-b9dbc657222e name=cat9k-lab-101-config operation=unchanged
time=2026-10-01T23:25:46.869Z level=INFO msg="Deployment reconciled" controller=ciscodevice controllerGroup=cisco.vk controllerKind=CiscoDevice CiscoDevice.name=cat9k-lab-101 CiscoDevice.namespace=cvk-live namespace=cvk-live name=cat9k-lab-101 reconcileID=3bd1e093-8f2b-4ca6-b5a2-b9dbc657222e name=cat9k-lab-101-vk operation=unchanged
time=2026-10-01T23:25:46.871Z level=INFO msg="Network worker Deployment reconciled" controller=ciscodevice controllerGroup=cisco.vk controllerKind=CiscoDevice CiscoDevice.name=cat9k-lab-101 CiscoDevice.namespace=cvk-live namespace=cvk-live name=cat9k-lab-101 reconcileID=3bd1e093-8f2b-4ca6-b5a2-b9dbc657222e name=u20f3e68e-b127-4f2e-9a36-b66945135051-network operation=unchanged
time=2026-10-01T23:25:52.537Z level=INFO msg="ConfigMap reconciled" controller=ciscodevice controllerGroup=cisco.vk controllerKind=CiscoDevice CiscoDevice.name=cat9k-lab-103 CiscoDevice.namespace=cvk-live namespace=cvk-live name=cat9k-lab-103 reconcileID=fb8c34d1-ca70-4e10-a0ef-4ee968ee69e0 name=cat9k-lab-103-config operation=unchanged
time=2026-10-01T23:25:52.902Z level=INFO msg="Deployment reconciled" controller=ciscodevice controllerGroup=cisco.vk controllerKind=CiscoDevice CiscoDevice.name=cat9k-lab-103 CiscoDevice.namespace=cvk-live namespace=cvk-live name=cat9k-lab-103 reconcileID=fb8c34d1-ca70-4e10-a0ef-4ee968ee69e0 name=cat9k-lab-103-vk operation=unchanged
time=2026-10-01T23:25:52.906Z level=INFO msg="Network worker Deployment reconciled" controller=ciscodevice controllerGroup=cisco.vk controllerKind=CiscoDevice CiscoDevice.name=cat9k-lab-103 CiscoDevice.namespace=cvk-live namespace=cvk-live name=cat9k-lab-103 reconcileID=fb8c34d1-ca70-4e10-a0ef-4ee968ee69e0 name=u782dc4b2-7e43-4188-8436-87633f0bf4fb-network operation=unchanged
